property_id,price
d56159653f5d2abc5ed5acd7,689400000
45550aa81c0151f1fd9fd8fe,906500000
735deef3382aa15930482f3e,593200000
0dd49fa8bb7be52b851c6dc9,1026200000
7d3220a91e78f8bc2924d1cd,623900000
d3054072b2175deec2c1f8dc,466600000
b7574b06d593fca4eac59815,442500000
79e822115c5c1a4531366001,465700000
d3ed5316a463d38c1bd321d0,915400000
2f1880c9b8f7ac2715e1236d,770600000
dcca1c7f109175760ff531c6,655400000
dfc4f3facf91bbd93ee0fa4d,367200000
30e134a6cbe61d7954d0f56b,338800000
385fee7bd9ad7722d45dd034,392300000
87199c236bf22903d1aafdd0,369700000
19e19ad0cd6b5e84d8aa970e,455700000
907f968e78d748fde69dd44f,526200000
be094e5db0f784e3aa013aae,495100000
7ab96f83915bc84f8c03c1bd,386700000
07f4aa9b9ff5b0b05d31e6c0,902200000
e9be8cd37abed8ab510ba1f5,976900000
5f6ad58df27b562db077b5ce,698600000
ee96d947484aaace40f9b77f,756700000
15c4aef8401208054697b81e,768900000
22d6cb11333f2839b8112b89,1195700000
288c09c33907dadbae495c11,1249200000
f71d2bca0c5fe2720a1544c4,462400000
451744cf3ce55a98db8a3562,465600000
fba9ae05a6a8a9e0c6268a9f,437700000
1338e58f7dcebf5a1ea59388,415600000
a817e8da0ada143ac87277ee,370600000
46d8bb3e9a0ca584d3c7a317,601100000
b2506aa9463aebf01e1e00ca,387900000
7ec025b9b6e6f33bf65af41b,401600000
2ff531e27672ecd2362eed55,4.96e+08
9b3cf0d1b91b9c6a2a887647,517500000
7db5291ce4602d9b2b266872,419500000
65d5918e826c33bb950fc008,478700000
395c34e4b8f52cbdb0522459,550900000
855f4b67d2bd6d18fd03d8e7,615600000
9ff06409b37e5b5dece4604a,5.96e+08
0508cd7bd2c77ebb6fea1e56,4.27e+08
b45fff2e718e54772d46a3fd,564100000
cf4d2297b73dbc357d21e31b,4.48e+08
0ada7044c5b29925abc90879,5.13e+08
6305f02255274ab5fb6bd39c,728600000
d9a94194ae1350512beff3e6,695500000
e3896296cb80d50d9ad3f903,833300000
6514f355887c64136edb5595,772300000
f03400cc18e12903b3ffbe5a,970100000
4e134600155a64783b3f8c3e,604700000
d63ebc63c82fbf66d8b6ffd3,920800000
1bd64811bd59706844230198,7.49e+08
a83921284639eedd4a511cb6,644700000
a2f3f7a1cd573e2a33f52e2d,820600000
47344a66471fa51f61c64652,903200000
78fd849c9429091347d7e5c9,8.56e+08
c3daf2abea55af99c9579319,762600000
52864916eb1984abca41ec66,1056200000
c62494a9d7aede44f2f84023,861500000
a2b576643f7a032371587e5e,1094400000
e53bc68f0e97ccead24f3e56,631600000
fd82c710aad91bc90af490fe,662900000
d436abc2ee37ba3dd561e940,976400000
216a598114a403676011cb51,735300000
ea230d5eccd2b687888173bb,639700000
18bd0dd7580f2a7cb19a90b9,414100000
b143c8ca6d334f6a73c3f2a0,4.54e+08
ab388cb4fa511968783bafee,4.47e+08
6a4f08cd04d558a56af732d9,525500000
7216c895aa047c4f405c4941,634700000
a493488dcd906dc74cf8a604,656100000
7844b0b2bc65dced90a355c6,681900000
c1976383069b6b82ab29d092,499800000
e5cfd99e2308b7b73581dbdc,434900000
c18c2ea88f4ac53970b53d2c,488600000
842c9f0e4edf1e5a672ce15e,586200000
7dd1e46dcbddc6bf5ef694de,414600000
6cc4f32b39180bd1ec7e117b,495200000
79e643789a85dc4ffad49a25,981800000
b3402a9173d289d6db78e09d,958200000
a446507813234e358db8b573,523800000
c8ef57ddfb35061d1876f94e,575900000
360be0df2c003005e3db080e,840300000
9ab245a4c91877cb7a8661ce,825100000
a57a34c7486e7a40e8deb316,788700000
ceba7d0f56f6cb03538962fb,618900000
d5475993f9db58c3e4baf7a3,841500000
d37a1dda09e30da13ff5bfc3,768600000
68a8b8d077a8232723bf37e9,698600000
e1eea7716ca6490b7640717a,7.87e+08
4ae6d75b10848d259ecba576,696400000
17afbce5c0b56732abbea936,656300000
84a2673eccd3cf3bd7fd3eb0,1056200000
f2f4e6cbafe527b155707f01,1096600000
de2e3a592cda5b76c9573c5c,882300000
fac651cf404a58f24dc7d286,1.471e+09
e6f312a0877af26b69855a3d,1163200000
333a643c623a9bc75f3a40f2,1027100000
64593641e470908ef23b46cb,999800000
ce9f2f0071be658ae75ca6f9,1125100000
9ab385e399a4673732b6a799,792300000
3429c774b736cefc051e2c55,469400000
a51ad0372758b2bbfe73f8fd,443800000
8c801a266256e3fbabe7e3d2,753600000
ca2f81b8fb6fda20aefb0ccb,628200000
3c1b1f86087f9b99380e387c,609900000
b0cad5d612954b8cab18101c,796400000
7eb991f4c69215377e4dac8f,692400000
0d130b8bea4321300396fa34,1114700000
8dfa059401e1dca80ae65ae1,704200000
3e3f264cd0ac7a65ed2349a2,895300000
112dce80bf512f3f24391d23,508300000
ff25ded6333278149f8fb68f,678400000
d555b82c192794e87e9d536f,909100000
a787382d96ef9fce8f27bc70,907500000
8c3aa295f7bcfd9a43eb2037,857200000
13ac95652fb3cf6c43dafc66,408500000
42fc6a80b882c32f6264ac10,367100000
1e9c53e09220d689a0210ab9,388300000
3348706086aa3db5c92259c3,457400000
66d402a9b7d05f29282ddb00,414300000
cf88be51d6f31c10e5868ff7,408900000
30b3f38716be209a894b0942,462100000
0a5908a92d0ba3e36f54b1f3,5.03e+08
dd206b6ea2d7f6555109ea39,553100000
c641febd8bc2ece3e4d2d8b6,698500000
c11fdc02a288af0572a2bca1,791200000
35dc60a65969b264ab283d6d,635300000
d9cb0f637cd4feaaaf8a21c0,9.12e+08
7e8dfae9a5f1faf8afa706f7,383800000
a280fe7610c254b935c9dcfc,352500000
85524880fdc4e4daf90e96fd,489100000
f361109d06f6609c16724b39,478700000
3f6b2f0c0876c21755369cb6,728600000
de26819064a290ce78d8fcc1,670600000
91be1260a84ab7fa3521c495,764300000
18c8dc4549d38c918af2972e,654600000
782b0fb8641849c2c34291e6,377900000
54933f8b33a4fd6f031ed5be,596400000
953176c9a901b4f61c030432,652300000
357e2add3d68167a4f3ce15e,720900000
90332d50e91925eb9b614bef,6.4e+08
11723d1d472bf1a3fdd8b72c,1049100000
01f8b6799e2910f7769db175,911300000
a0d5001f7dd42d7f0c91d2a9,452800000
d4439c35bcb88e1490916c67,657400000
4a73dad0ff8a5262e8b07c4b,992800000
3dd8085a65f24b497ea59557,980700000
39ef085809bc80e32e7b6af6,900400000
b98ee16e8fd7d1c75a9da13c,1.002e+09
16deb26bf740fa61e258f545,653500000
732a3bd457d7798e1fd892f6,569700000
1376058cb128a1c7729cd2e9,625400000
cac7e7c3e13af91bdc7107e8,949100000
9f3dfa6e1422f6aeac527c61,496200000
4dd3d1288ccb66ee4fb9c097,1313200000
15fb97d6a43731d61e95d004,784600000
dac29573163315edf99e0e7a,460300000
b93f2864087d41c3c92d43c3,884400000
cd4656aed92f5c0a0b6b7c0c,884400000
556210496090b42ac10cf1b8,1094400000
762979729fb21e56a32ed14e,1094400000
ea935b76abe664d5e2c4736f,478700000
40e9ef1e7c6749b7a8d04ea9,4.57e+08
058265732a484ac8d5497f5c,436800000
6f52ea8340cdd283f9a79720,639600000
cafe7c1ee67458e05c84d5fb,728600000
3f45ed2f08a2b03b738fbb5e,518400000
f203b18854b75c4564d7a17d,825800000
d5333f639d11bc3ab073ed72,471600000
c14f644116669a160446a945,371900000
de585856ff546e00a5a4672e,458600000
7a80663cae7c191b5d025fa0,460200000
71f80198e68fbba902650b1a,373600000
f3523e0626df8cea803ead0f,379300000
619abd5f978b1573761be86d,471700000
17a2323b855e93533a9f09f2,573600000
38e8630f2c05ea38e2257c21,537500000
1e3798d739f85ee0e5a314ca,479100000
46d0544f411bbfb6b452858c,514800000
605e7a71eecb13b23ffca0c1,5.28e+08
7515b37b7ae7c62f3dafbe7d,605800000
28be121ada9c9303be802474,635200000
331d54f8a1bd3dabce73d6d9,531400000
22d167639ccaace593dffa31,5.7e+08
36cd68fc3ffab79fcaa340ab,413400000
db924733e88c361cdfab874a,635700000
64eea2e9a13a8edfe8ac7027,934600000
97fe6eeed892111bfa20255b,8.13e+08
b54e6757829ac95e2076d954,661900000
dd59b8122458557041903207,6.66e+08
b35c58fc1c05a77433025318,9.71e+08
c41964afa164d8b75f8dbe92,754100000
96b3ea80cce599b68f96f86e,561900000
a4bc87ad4f1ad97c0a63d843,995900000
16e62269e6aa2ea052d05f71,1071700000
518b37b51f824fa0fb5075d3,872600000
e083d83369cbc93fb94842a1,828400000
57deff02895d5286eda10d89,739600000
7ed35835fbe694bc237abe38,785200000
b48efa9ddf36e85164354f26,1188900000
5910c9b29a1025bada93a5e1,1.01e+09
10a650e8cb5425c97f08f68a,6.37e+08
9e0feca2ec3043ae6f840631,809400000
35ce37bbecac6b164fa21e6c,6.47e+08
c4955010d066e013812a85ea,517600000
d5a83c31bec18d1c3eb9af7d,678800000
70217bd08583854329722821,510400000
28e748e7aa0a447731e06706,510900000
27929c0a3e0fd2d6d2969e03,538400000
5c5ea0d8bae75e0a5c88414f,7.93e+08
2233f50cf7b04791cf1ddeaa,630600000
bf430621f17dcaf17fb91ac7,553100000
d8dc9de06461e0220bc55906,676200000
d988975f8c4e6ee8fd8dc1e1,665400000
bab884e0f99df269805e83a4,918600000
8fa9b20af1508af7a01e2267,780200000
b6f195d44ddbe10b78b97191,517800000
2ab0eeac4a228d5769fb4365,501100000
347a4deda03bfdde6d1c163d,478500000
17230f18b30b94606fea047d,368200000
eab4ae491bbbe7b8ab107229,628700000
07c753474a847bf2bccd55b7,710300000
b7ce05400f0261743073e072,681100000
4a33d213841d2af537aa967a,681200000
04eb0b590ce7483c615b043b,772600000
a01a51af09a3dc387a18b58c,428400000
270b930a9e22d5016ffa4019,1.099e+09
5ed1320fe84a518e267ff537,1027100000
f04b574dc221473cfd616e22,645400000
6f7e390aa6135019dc5a828f,8.01e+08
776d4a19fb3852fe6dcd3ddb,562100000
b7f164b79658952248866c34,689500000
aafeff5826516e363471e439,472900000
eba6a2b80a17a846ae560ece,313900000
90e62f8656ae504bf6175e0d,4.75e+08
dc4331d09a1e36baaa6bde53,621300000
372d67ccb9d251e290891f0a,386700000
a7801c67a0ddd71c50ba38d3,386700000
e4d6b81f169cab8ea0244d75,472700000
cd5c6655243a4be0912bc92a,788700000
f7a7281a19733251134364fc,1054800000
a716ec25a219961fbe90f367,1096600000
8bd45966c16d4eafb49ee2a2,789500000
baabbdaa5e8f69fc90d303c1,1.182e+09
8bed46960db1b2a7954ffbcb,1113200000
dbc123f9502159d660f375ca,1267600000
a4683facc81ccda10e9ae388,1125100000
3a576586fa1aac85c2ffb75b,1.153e+09
b1fb98d0ba25b21c6647d423,1022300000
97fa4be3ed93c37c048f507c,420100000
cf184cc576effe39c0f857b8,495600000
784f67fcb2d009d352740ed1,467900000
f4d6ce332121f814aa663fca,577700000
c87ae84ef029febca1e633e8,597400000
e876c6fd9c161861fb92ad5a,1002200000
9047c4764f2c6b1a10b87e99,818400000
234c94e9a248ae57bb5a0771,463400000
a49c2976ca4f24f3a6b622e3,439800000
ffc171cf73514bed077339a6,430100000
fba83f5feea2522888377066,405200000
1a593800d5785ecc36c25ead,644700000
ab157c9601861dc387a91b82,902400000
f87f8003f15b0fbc12609514,474100000
f44d035ea2b15b2c69d4da50,690900000
fc815b59cce7934f816f0502,628300000
32915b77ca68000ba9eed6d8,481500000
cb083fa7ff634f424a351840,547300000
4f3c7b9bc78f882f858b3d3a,401400000
53d33316e237830ad463a26b,505700000
f5d852e25d51377686c43bc8,540200000
64731b6eaf4fd2bb6c155013,784500000
dad7e45e4706ab2564ef9cf1,444900000
255914e9b13ad94efa6ed365,665600000
5a8950a64b4aea4ac13dad45,7.8e+08
70f51b4abf26651111305b1b,821300000
8919ca18fff7571002e440ec,1.025e+09
f776a4e0c8c82b3d29756b34,1094400000
7ea4af39a7e577ffbd600f0d,718200000
45fc0d46c7a4df7ff6976fce,936300000
7cdcecc706fc7c79cce45b20,790400000
3503f56e09e639be4762ff2d,723200000
f70ac0d227db6f5333aa821e,688400000
20db610da64f80afc1621b12,335200000
c80ef212c870e2f20ed2234a,502200000
7dc68d5cac1b7fcdab35586e,458600000
a478fb93a131fee4119bb9f9,987700000
7749b2b534213ec7b536372b,798600000
43e59f5312e304fc21c1e052,725800000
82a7920524816f3db7f5a4ca,806300000
1a7e331d9ff88ae5efafa8ea,552800000
a57350d4c79a415137281cb7,3.26e+08
f3a6132006d54d0e22a17e84,722300000
14caab87a129f51b2b70508e,663600000
ba2423d79744d763aa3744f8,662900000
1caac10c1121a795a172889b,1327100000
40768729f2697b87ed6519d1,570800000
843234d3c6c20bb60a17fbee,857500000
cd2e4dff930a1c7a1a569992,454200000
5a6eab133b7e95155f6a9012,590500000
5bba6c40aeb129c433d2c58e,543800000
ad3c644b506498127c7beef1,675200000
a379656c49f4cb1cfc5b3f03,7.88e+08
998c1a6ace613d8a7468ba5c,604700000
dd610d7ece83bb02dcd7a22f,441800000
539467d04a2b3e78c592b11b,413400000
e40fe4ac43cabe82c03dda59,417400000
5561eab714583013b422e7d4,681900000
d9110b2b5b1c02766da9e24e,756200000
c72cf05b93b9c290c063b08b,806200000
d71cc157c0c43935989009f5,695800000
4199eaa19ddf8ac436bb2ba3,958200000
d23d12bd86def2657038a481,1054800000
ca438e13d8aa6285858da0aa,1056200000
a173eb804f4bcf6bfe889417,1096600000
9b3677d498c2ccf69c756ec7,1094400000
f8c787390e4c6d2e99fc7c3d,416700000
a188aa896d1b4520ccd6b65f,429300000
9fa39c9eb4b10a20dda6c3c2,646500000
7bc9022fa1eadbd9ab39acd9,483500000
46f0731f62232b32eb733dc3,634600000
b6767d1e329ff5e28c42f632,639400000
abde4b06769fcb1d5577fa7f,443800000
1496d159d31717ce254f67a7,474500000
1470749d0d2551a93827e441,543400000
3ac517f74dbf8cdc8feadfe8,582600000
fc6616c62030a53d2aa46b12,9.42e+08
8497f34947cb4c0ff18a0eaa,797600000
3b2936127f5a4684a1d3de22,708700000
dab58562904cd13a93d913e1,620300000
69d1e47b6bdc57512f1838a5,903500000
23c7f9a0534a4ae6a24e38a6,835100000
640e9fe41fb79ecba89d8951,846200000
31f6a25d56f3bb36386d07ae,757700000
bfb30ae71cdca27f5a5494c6,907100000
baacf0dbd690644d74f3a929,878200000
cdcb874d2e62220d12230632,954100000
1421bdbd9cf7572b799b732c,902100000
ee9e5adab1455d38edfcaa6e,812300000
1fae43a9450fae02919962b9,684100000
5f9ee280509afd55d24f39b7,792800000
82902f2082dd405ab538ff58,509200000
eae52c81f779a61f57cb5b58,794900000
4ec0aee1b202642d2739068b,659600000
f4c6c3210a3c2eb935c6d5bb,877700000
14a14706d405569501327924,418500000
146a5a4f3d111dc7b955ce42,925800000
99bdce7cdea643b0442976f5,614800000
733c7cdfd50db77066a67140,538700000
de328410e22767c66d919423,812500000
d0116b53467b3081664fb268,846300000
dc722ea5c4d62773f9fb6bbc,394100000
e84605e3aadd50b064c8eac3,895300000
31a3719e57ab1425e7267fad,565700000
34993717af3f861b9735df6e,8e+08
543822711986a454cfd764e3,904800000
5bbc4ff9cc3ddacb39469e27,992200000
d7ced905983af0800c19b7fe,608500000
02d5bac2567ee9e19041ad42,937900000
f4897a8a0a911a2acfb8e8c7,1096600000
4ba19ab08d1fe7f72d0dd37a,480300000
b7c07f8afe037d55bddb8e41,438300000
40b20b5a3a986802d64f7675,581700000
01fb5931cb55f5308382818e,1371700000
7cd0c7174b957df1f004fc88,771500000
ca13bacbf6dc8d1b09fe4c67,576300000
0ed0dc77661be57aab63bc83,475600000
d03558acc19951a882bd568b,4.23e+08
b8cca0d70fb46f3a31473e98,679700000
f665a58fa8eda69547c1a159,769200000
8aa5ae4637ba83e672cd3ab9,584200000
a6da1996f66e545041d920d6,969900000
b828609eff041a68fa243a12,565400000
3f39a260b81dd7de1dff2b31,424300000
40fd167916ff071afdc44792,809400000
6ca31945172976c3a11732c6,848600000
1437d1f1601d26a3dca7594f,684600000
ebab054e5f256bf4e382002a,1094400000
0838d0df248d723da4e25ea9,707400000
7a134e45b9ebe710c6c6efe6,8.05e+08
6e9c7f27d6b89c5f9696fae6,4.47e+08
bd12c705950c46e679c34bf6,1113200000
fa2c1092f17ce021964f8953,761300000
e3202b635974f7a3367c0ff9,958200000
49bdf0f970af03d83a57dcff,608500000
91af29fa680d8033188ffc39,732500000
cb626b981c0997d254388e76,413400000
155a8e4186d1626fdda4d0ee,836300000
d337476c2cfa780518523a6b,402900000
7c3ea8523ece273991a190da,683900000
674c02227165e1c7189c54e4,1028800000
17056748001fd65cb961b384,856900000
f56bca5bebfc765162c8cae0,1123700000
5f4b0ec9c7452b888b33c3e8,483900000
13dbc077e552640736267a49,381400000
cb645955c851790e83e696a7,830400000
649cca8c83352caf7442f20a,827200000
fc8836e71725949c5f3fa7f7,1195700000
4f431d80287051ca323f2c08,740500000
42defcc69fa22e4c858f3c24,1.207e+09
291a2f9022933c9d81311e81,994100000
d48a061a2040d851937413aa,1087800000
55d2ad80322427ee3426dceb,1050900000
8c41bfacbc1a6ab831b26fa8,994100000
c7214222fefdd8d2ad7f8f8f,696400000
b3d9a095c9c73004643c9e78,1.109e+09
d49aeae19e13909e75dda2b6,1049700000
dd10dcc52d2549df85f2a8ec,1085900000
6732b448d2e4f32679f235ad,1236200000
f08a5c2992cfee4c0910f68c,962300000
e3a62f080c25f404ca995e06,696700000
7634d584c3042533942e2dc0,850300000
ae58dee872922a9c678dbfcc,900600000
5ec01e911785dbd5b49b166c,471500000
9bc12d9c9ad95064412c3413,1318200000
7acdaa0cee1ee62e15f4490b,524700000
d76d5b14d0acc5295b8057e2,688500000
32f3364ac1fabdd13db1cfe5,350700000
8cab957b322f1aba06bae4ad,614800000
e3dc8b417819e9afe3fc7d0d,445800000
c71fbecd8f7310c201adbf40,544400000
54c9bffcdc46819f67e4b3d1,648900000
4d94a2295f612b96264a0db8,8e+08
874f4a836cb74be301e068cd,802300000
a18925f908acda4171bfbe36,1086800000
a587c7419568288d68c46feb,866100000
19994da77ce4f2db3efe6660,405800000
9c4dece6127f1f3f3bc1e0f7,486400000
09c28a830f8093802384071c,540100000
5766f7cfab59c920081e3046,486400000
964b7d9de17c1ce396fb83fd,448700000
44f77a86369d6607753adc09,569200000
7f25471be85adf0baeb8ebbc,504300000
6859481703fb0cb34c1e564d,601900000
7ba0c14dce0cb09ef5735d9f,5.84e+08
62cd6a29e98a5b7a5ad38050,606200000
9c6d7e6260e4fe83d43706d4,642900000
5dbcb55dbba823dc31b041f6,895300000
85abc5c0353c5b678f087824,598700000
56dd1bc39664f8e9f316851b,662100000
b23341faa7307d9d6009c6d8,634300000
2af941adae2e8dfd66542055,545300000
268f887f25d416dcd3c0c9c2,710200000
9ddc7272fe43f07035d3da63,1227200000
4002635ca8b087877ad22d5b,1111800000
b515b1caa608ff42574e5a06,610900000
710542343cece039a279dbee,7.82e+08
187a143dbd6d4bd81d6d9c32,378800000
26db92c003c8e67d92d88aaf,1.095e+09
641ac8f4f60ae2b9cf6add93,823500000
784714647351cb6745c867b1,7.82e+08
5fcf1e2ab4edf13ec844decf,718200000
2575d932e98c421bbb38b267,820300000
af9d2f5f62bf74a7fa9c74f4,811100000
4db8d529af9f718e6d81a85d,413400000
9a3368605e5f563e29182f3b,493600000
5ff696d8369101b6dc60e2ed,430400000
95ade3ab8dc04237acd6441a,388400000
607ed21e896eb5ffb50d5ead,403200000
40d9a852bbed67a6036c6d8b,539600000
97badba651a94721af5df3f0,695800000
b2f089146c30929c4836f0fb,527800000
936307e2f478c3ff7b9652e3,698500000
b6d5cb459999de084965e993,686700000
aeb66f808982c6308d891f55,5.83e+08
cf8418c60f4e54dfa09b1e6e,630100000
1dcf71e8fbfef2c6534576df,698600000
c78b16f05ef58855da0d4f2f,449600000
19ecf1fc86396ada203c2a19,485800000
985fc7ab5aabf1831ce3d298,980800000
8aaeae6bcfcee5ad928ce28d,879100000
1a93cae134c79a43b13ce656,958200000
ffad647e8ee35eaea6378fb6,691400000
c21a3eaa136ef8a912ce7b74,815600000
fabe0f299a4e4bc6f51d54b9,8.81e+08
5af99278b1091dca9b0b0332,827200000
3f0c845deec1c24472a35efd,1370100000
c10f25fd39dd36287a6cde73,1195700000
f37d31c512866b575780c4b7,1125100000
5d34f871e5a5cb3a655a0b13,740500000
95bb852a958d7b16fd676e3c,1236200000
24857a7a80d5f13a52eeb054,652700000
f9796e9d13fe1becef435e54,7.82e+08
1c2739878e452a340a4e8972,728200000
698f3f1929a2dbbc69865b65,703600000
bc230105784ca8640e499ca2,424300000
622fdba953206a65224f2c82,504400000
6765fc17d98c08142d3d7757,575600000
6f35fcba4ffd6a58bce85892,383500000
d8654c08e95b39e3b4891cd9,778200000
33305df46dc2186c7e3f727e,1123700000
0cec193a20d720af010383b1,707400000
734efe04fa6b326ae1d072e8,454900000
69190139558b2ef3eface18d,445600000
bb084299ad23f245d7cc5b69,657200000
d4c7b3372d70b898b167b92a,691400000
4a119b1bbf04b4bd6051c5b1,788700000
f844345b6224bc76bc3c6f91,435400000
052505ca8210e5e651fc0b63,936800000
5731cdf8cac0b8371d786c90,769200000
594d8d78af90086bf8cdf09c,715900000
fcaddcc78938f3a234dd2d3f,389600000
1574958978c9b5d23d9521b5,758700000
55902baa0ece72e2e8c869d6,876700000
46161effff173111bb6c3a32,757200000
b3fcd9cbfd485e4e1da6c89c,417100000
213ddc1761cd6b018349786a,641400000
be3b1df5f008636e14bec3fe,5.94e+08
dd27922be5b6f730f8b4e058,434900000
cd2aeb1b2649ef421102def7,804200000
a226b4af016a772dc7e39ac8,608300000
dcef5b332fd31d0ed8d754f3,419400000
481492907baba4574d4a6f35,958200000
10e5e54ab66b58b3f41ec381,6.52e+08
d48866a153ea0fd23a858cd6,467300000
d273a2075d28e343a657d9de,1264800000
90a711f776d53cf654614649,805200000
f87c76eb5071c5b309e3ac3a,4.27e+08
74df03749e60c216a3e1292f,452900000
03a84af05df0f577e09d60c1,488600000
78682041182f01ee4db04e8e,1113200000
25c76b5a1da0c2d8158b3732,8.8e+08
af8f09175265e1546200ff86,4.47e+08
c8d4ffb290aa9cea002e8d67,475100000
cb89ad8156c3428ac80a4db3,649500000
7602cb1e6fef087d8ee81aac,5.73e+08
00c75d59ed4777481a50cbd3,733900000
fd36cffb856c2a14982a5fa9,860500000
06ccfa37fa6b011ac38422de,372500000
257b533b6a66b40d0f097c55,518100000
736eef4bb36681acbcc3c41b,460700000
e1a4437b17f7bec650d8cd97,485100000
ecabfcb8ce9bb47ec3089c7e,485100000
a5a46af0c9fb5c0a03855660,1091700000
920b50f4355cd2674ceee068,867500000
410e5af026805ec8088f2e71,842800000
efa0c01632d13ab59f629ab1,431600000
5965d19a68a8414b0419bc68,639200000
64955a117f2d9264eb59fa82,8.81e+08
8cd46b5c9cbd056d3712f155,703600000
65f736c3fee3d14c31a57d1f,663700000
66e9c614882d58c022de7a2c,769200000
8c787c1e6161b18601e6d7de,487800000
29a115ba5b198689fce5f93b,3.43e+08
de8ee990e70c8e5ad167dc89,5.41e+08
0b65098a19c2fc1caa6577ed,958200000
70ea0403b722a1dae1ff9b18,691400000
5c77e242474e477513b60ad8,432900000
1655a92b20740a11a5889519,375400000
1709b1446b20b21482dd2d36,1056200000
e5dba7fa0cfb81488b0c331e,596300000
d09dc3a3270073e5f1cb353c,788700000
368e740cb71b9175fe5b7b6a,1123700000
b8a8ad4c0215077d3e5aa472,973100000
1f4a78e094987ce29f054fb8,5e+08
aae3a99ac764b8e9bfc562cf,800800000
a63ecc5539e8725af4128cb5,541700000
a29e18f37ded2e901181d7d2,780100000
14ead7469d05e5eacce6a575,645400000
1cbf39c44f6b0fdbf9554845,599300000
9012294b64280c565a88a1d8,844200000
dc0e9ce44b9932c6e48a9390,435800000
a4f272acb4b3b4f5fc72e99d,651400000
b0a7295da89516be1c44512e,701200000
b638b937d4f62949b9eb9fce,796700000
cadd4a6e1075b57f7b74c63e,720400000
a88f4eeeeac5ccd1ba9b8a4e,909100000
29616bf14b5f1cd42786a91d,571700000
f03f97ca55e9a43928c18237,538300000
5fb9bd3aee2e1320dcbea448,467200000
34bcfc2f0cefad790922879e,654600000
8c9849cf3d20991e5126420b,964600000
ca7b9296080c9fc9fb232782,1015700000
63a5989d0dad994a6af7734c,373600000
7d25023ecf668945c87e0666,471600000
fde3d4a4a819b1fa40530238,448300000
e3338ac993873aca45755dc8,460200000
bfeab1b12dd82efa96efac31,371900000
2d564574f0191164ff1d068b,379300000
5529d858e9c9e3e92ce8a95a,349800000
2755af908b841e9024718b3d,462200000
623df36ea9610ed5c58dbd8b,453200000
77924a3c7880310a4822e5a7,458600000
24fd0b7f75feda5db89a4127,468200000
c2b9a3b2747f32d26c8219fe,471700000
3c3c7861a9727bedf5e3cb29,699500000
822ba8fd3c7392bda84461a4,537500000
4625168852b335b223a05bb3,538500000
b732ff1637ec53286e890865,514800000
706bddaf0b87e4f076247450,616600000
917218fe1425d2c222da1ed3,573600000
7ac0428c4b7197ca14f3b86a,5.7e+08
e828e83be8651bc2e07641e2,613600000
4d069f925100b6cad0b657b8,413400000
a50640d13126880a423521e8,531400000
45e92799de1a5334c3d2d72f,479100000
93ca9e75cbeaceee69b4f0e4,635700000
8fc4070ce12262679c381515,934600000
63182bbbd5f94cea67de2d8b,553100000
6e163c3a0e30e7bf1e909661,8.13e+08
3cd016f68705e73b819cf74b,561900000
3da41d55a2b9f78c2b10c75d,6.37e+08
0eb8f10c9d5ded1b09f60baf,510400000
330c37fb5065311564fd35a2,1071700000
b849cef46f19e13d3fc9d5c5,1.01e+09
7bc034984b19479f29886cc9,900200000
5cae4522fa829a1614739b64,809400000
bf6bd06201e60a4c98c8623d,673400000
549ebb2f616d50ca778e92cb,617100000
448ad6cf4b43298a39c7b5e6,676200000
e9a37a1a4150461126dbb6e9,808900000
1d4c50978603ef41377af057,6.66e+08
bb71a24bc5ea4051d84ecacd,872600000
286ab2411118455780314355,678800000
045108344bf09b01b597e7ce,828400000
d714e15ab5c2d5a2503bffcb,952800000
60823c81f0b98e8a57192a9b,785200000
dfa988a524343181a0d3ead5,995900000
fe8bcbd17b16ad023a202843,1188900000
69fe76202cd89637a15de1d4,510900000
e7cf67cbc08fa04be9f0a3d4,6.47e+08
670583e7a2ec6e337429fbf9,517600000
796935018bf2b241646a2dae,754100000
5f5856dd16c0e5131835e650,538400000
ea2e380226005bb55c724ce1,739600000
f40defb11ff73ba4e3db7611,658200000
a4b2dd2771f49951c027eef2,9.71e+08
a949ede7227c8f8587715029,665400000
83f402857435d4fadb27fa36,918600000
36ab522893b5f01caea4cd0d,780200000
8e4875b7ecd0898571f0b1ae,425300000
7ef3f8bfd0368696369ac957,416700000
73ec13a5687c542137eb9a41,380200000
6334eb4a37d102ee00c6e2a1,575800000
fab91f0b03598c943fa425dd,418300000
c57c3c7edd591e16c0b7c1f6,449500000
03aea1b6ff072f117ec733af,441500000
91b57e8d6c41b7afe949bcba,384900000
ebbc5fdad817b304af3585c4,422600000
0232a50c9afca03cbf4277c8,511800000
05b12b1916e51a804419c654,469800000
95c9cee9b36fd1d68f647aa5,505600000
3d31144a77cb51647f3deb02,459600000
ea87e3259c2b0d6263d39a2f,558200000
61f634438de4a10a861f42c0,469600000
c3ca43d0474dea2f2dfb9791,474400000
a13a3638569b89ddf1260470,435500000
124959d1429de095473bf5a0,689200000
4d85bbc09ae56cd85a8f87c6,4.85e+08
2c13f29a8b9ac9b464e3a582,465500000
70215712bdd8ae7585520550,413300000
3352469ca509e8ca652fad1a,431600000
893caa7433c200e0d43e9f27,778400000
767cb14f03c909c595c2a731,495400000
11433baf7716402e8c58bd33,649200000
e07ca567b0678126a1aec803,790500000
b2286067a73bc0049328b55b,5.15e+08
c85d56080167254c7bc19303,532300000
5b9ef8d6defdaf13dccc5ae9,569200000
f7972b1936c6d9e95d3f632b,746600000
defd03ae7d0c0a44baf80abd,702600000
6fffb7958a58a73b0e16f2b2,5.92e+08
5d86a1db39e324770ae58efa,470200000
c56163e390d9e5a7a76e77be,497400000
fd5ba2795eb7b5fe338d6b4e,466700000
24d6d85cd0e2dc3deb2db896,670100000
feea3a2bd9f643219de51c46,799200000
055d7c66464d7e327711b497,605700000
046aaa4162cd410e92b216d0,567900000
b6bf2760cfa26cb28fc989fa,687300000
3a6262eed8967d695182e435,669600000
cf3665f24927de548639ee4d,569400000
4c243fc50d5511a1288bdc0f,589900000
d753227b5c685e93b378baea,531400000
149e49c22fa0eb163a36c932,515300000
8baa01b8c6d29c82a6108cb8,624100000
2d437a09b860d9d46644ea23,724900000
66bd80fd26836fd426be5733,642700000
a30e69524af9c1bddbc5de34,513900000
fcc96840d952d32a7300366c,497800000
659bccaa707b94f303610225,518100000
df1c66d8dfb9520c6818a32b,697700000
dd1dacc0c90022e5b40849bf,470300000
1a06bfdfaa9d9ac754ad07bb,528400000
a0ecc8ce0592a40959bd755f,623100000
739c2b9be0941e4c126d2f3a,929700000
d723eb2516802250027312b4,6.69e+08
04cc75f46642efb1192f1875,558500000
9f37bcaa95fb0044aeef6075,585600000
7be8abb5d23794ac47ceda32,486400000
c06c737cc0cef7fafa3fc4c5,556800000
48e71c45f41778f8dca24cf5,575800000
b41f7c1cb9cfbd188f8e0233,824400000
32ce96d8adc8e549b90b4a8b,710900000
c6bb4ca5a0c839d38dd8ce19,820300000
1d91edf33a141fa2181abc4b,593600000
aba4e24dcc6998e5020731c8,710900000
00af33cff3ff7c6927306df4,615600000
6d2328def08bae481705e20c,914400000
7815163b8e4a54843d121dc1,623100000
c9f92088dbdc0d81412968dd,905800000
8e1bd01ce4b7910d42f59be4,683500000
5fd89a857727753eae6632f3,764300000
332e395d4ce62523a2e3208e,719700000
4fc89ee51cb0e1b9d6459819,1139500000
2571fe181b6ab939eac19d2d,1230300000
af98a0e223a825cbab78ae49,1269400000
ae187fea3c46c3fbee7e6e8f,6.77e+08
c681519ec1ee1a28f6a3607b,1024300000
bebcca3e75e747b5a01f5485,841800000
0842a0730545c623043b1d8e,606600000
973afa2d67c20297aa108bda,641800000
64a9f0bf04f1c890cc6e31eb,997300000
9e92b27f554068b7dfb640cd,470500000
57b7aff18c444fa3c577b079,454500000
6b23f191d2ccbebf9166926c,8.88e+08
b80c961aeb98d24d968c71d3,1.023e+09
064c1cd5e94efdf8c7262fec,803300000
723078b6cbdf02c88286c596,959500000
e239ff5eaaebb287beaf76fa,883900000
b3b30d8b869eaad2382c5447,951100000
3f295e6c14e23cff1468bf82,707100000
be78bb0e06d5768ac1908247,450100000
4daf52564456895ca7f4429c,478400000
c832701653f1e7f01913660f,908400000
82433a009defc21498037127,924200000
b53d3d578b1d7d9e00c8a00d,707900000
36fab4c38cdd91de650e6abd,825300000
bed932e11a599f7cd4bfa31a,1204400000
1d9addd835c9fe8665e01500,460800000
d8216aa4e029c0d3d646efbc,568300000
c1b0ddd3c104ec4482d5025b,489700000
bd0f754b0fd9b7af284419b2,953300000
01e907d7672006fa2bba8b0f,455500000
7ad046b20064565644ebfaca,403200000
1ac2b23683ba89e9175d1b99,659500000
ab4c55e78eb83d80c153f50e,411900000
2ad54bda875fcf8c6b675bf5,465500000
07e76c765d1137cdd7c2ff53,410100000
5531b9663c5a37a2bdd97e9a,510300000
c740655aea4eab7066446c42,379700000
3b6c37e7e6ff1c03ee4fe995,454400000
1b5d3ddc71634099fa1f04a8,580100000
1ad916edbe6fd38f40289a04,603800000
a1368aa4d3ae850bbfd90bca,577700000
0f728f676325ece6a001b4d5,5.35e+08
0f98c4e431100aa87e6fa6af,689700000
91a08474a18644c43224c62b,504800000
185dd9366a6dd1e820880917,488300000
e364018f4d994cd15d4af374,1.003e+09
77348acef84ef77f6a076268,446600000
7f8f506137780f4cf12e73b6,525500000
809082a38e6fc3faa66845b9,551100000
2072a783a44474cd0dd10d7d,641200000
b71905255273cbb0af1290a9,567300000
c7d5f021595b58c507f47d3b,924300000
65ba1feafecd7efdcf214ed2,831300000
72eb64cd02ad2a54b65083eb,789600000
35d79b2ac92083bc439124ac,6.65e+08
2f7d36523df4a5eee3edbe05,539700000
b0d20a04106ebb87e2cdea37,1177500000
43650eb8b70dfa256ca64979,718200000
311fa1bf3c405f9bed13b38a,352500000
d12dc721a59af021e8ac68e5,352500000
36f9a0ea831710344f468bba,352500000
1eacbf36422a54f1327fa291,352500000
9567966987eb1d3117677cc5,411200000
e5bc85e227ed7dabfccbd005,352500000
d1f39f86c82916524273bada,558300000
deeb837c2c6bcbd01930431d,552200000
57aa22792684debb8d4079dc,474100000
5b0530f544da162b9a8ff772,682500000
b7d66c5f1ad06dfcae5b33ff,487800000
bc353a421fc579770e432176,481500000
45ae1e929b0fc88718151191,489800000
b04449c499843cf46ccb695e,6.25e+08
e4d89c9d33a0f2659df21185,455700000
b2a7a8ccbbec39b63e4cd028,478400000
3be69554b1cb31ed5732a836,651300000
de7f584df6103e8bf95f4a37,4.33e+08
0f4de499e5bd2c57fcc75013,478700000
b4fd0aa09f993bbfb1fa8abf,486400000
88a83e58eaf136a82ab1fe37,493900000
379429ee3675d1adbf816cc5,476900000
c6084b85c8d95e0ededc25d1,604700000
8eae4346936f8c6c67be81ba,483700000
a13fc9e9b4e47340a5d53bcb,539700000
7b8a4d701066372dfbdffbec,601700000
a62a6094ffed3ea7a54fee73,464900000
bf0ad098fbccd3548d834ff1,486400000
0a231779f131c36d8e6910f4,613800000
51ba7338f5900d8ef12206fe,443800000
81b14dbf863114fdddb38579,492400000
adaa406ec9ac311e9f9c0bbe,4.53e+08
4cb11f32806c0e07b4251984,433700000
3fee486268a1451a7b9fff7c,574700000
5666f3c36f0ce4eab2c39299,596400000
8a8dff62516671aee2250cb0,672200000
ee4fc6a146e888e993a4412a,661200000
5a16b30f4d580352710e92f1,846700000
424bb491c71e913e900db76f,879500000
100bdfc998bbde3d00548bdb,943100000
d793efed9a723e77ca8272f8,739400000
725c029b7c5807a4b0ba2bc9,654600000
b6d3345346f43dba053ceccc,904800000
888bc3c4ceaa108e048ad28d,620800000
267e000c89d3416e551462c2,688800000
0ab4a4b8adda35f634812221,824400000
823ed628bddea9b56792d108,728600000
a189bd7e4eecdd18ebc7d353,840300000
da16828139a19aa11bd94ffe,651400000
874102a58234cc7888902d42,848500000
789e5d19fa507823cc4c5296,8.05e+08
174bcb77be3b7e408e61d7e1,540100000
31a1492e589f317a58a79df7,792800000
0825f2ca4baf5b34231ecfd2,7.89e+08
ebc96ea800887a647422b8fe,954700000
969b956eb7769b6f509d3ee6,771500000
6ef9135481d8fc882a1a735f,772400000
5f501c4532ade3f412359a1c,610100000
c6d075772255b1efa52317ac,685700000
535bdffc5b79d62aa6179c48,937900000
e95653d504208e8da19fdd03,651400000
e4e529e778dbc89f854252f1,592600000
ec5866fcdb9afffad2d7f5c6,754400000
814694a725a50c306d774342,6.95e+08
1cd6531d8539468cd5f4b315,620700000
0c3e734afaa6b7c370754082,846700000
f80eace37237614562f942aa,764800000
3aee70815bcf6effcf0e5fdf,654600000
ea21ddfa37d60737492509cf,676900000
67c78ce1b8a64f36ddf90cf6,707400000
fd2efcb61008dc9d11756381,902100000
f51658b9fea670bd943d6db7,992800000
b83b0a53ead29faf9dffc0fe,1217300000
c1329245f57c5d9019105382,8.81e+08
98665b825fb3a06b914d39cf,954200000
24e90a7d9a2bd0c30a4f661e,1054800000
6e64677f8d730e1f9ca240d2,8.75e+08
a742819d8e4cf8fdfda6e094,1009600000
ed75d1c40109eeb51fd636f1,1263700000
cfc2ab56604b4e3734d7cbbe,1056200000
ed5622c308bfd10602e939ca,760500000
5f537d233678443192d22642,1036300000
aaa79ce67339dc53b4f41dd2,895300000
5f467c6c80023b0174823d85,1183200000
46fcc0d53b263beae95b8eb9,1049100000
2bd47c19e5d29a3157fb8465,1094400000
9c9c2f05352c92c02d080e96,1340500000
cf8fb8db6f74c236cad0cfcd,1012100000
f42a53a05dc90e617e0e4c38,464400000
bd612d494e2f21051556ebe7,760300000
ed1c8ac25a3db5120c92525f,511900000
2c30c2736472590fe45277c3,442500000
bbe2c06e6f90c4234a7781ab,734700000
b527813993b7bf4a10c05683,924300000
2f610d2242d583654337d468,1227200000
dc25c9240c67effcf655b02d,656600000
c35f5ef73168d03cba1b1f4f,4.54e+08
e88009be52bf5803ba3665d3,487400000
12a63d4fcb56c1d690e1bbb1,570200000
1d58ad85a82f7731e0f198dc,962100000
a2fdc7da13d098cfeba13b76,467800000
1969ba34b72e61337246cb5b,4.5e+08
8be43cd8653accbb8fe8a270,5.49e+08
10092cf2f8afb3658ae475ac,456100000
0fd313e5a0f02df07eb6b104,386700000
9b5f013e795f5fa610d03238,508300000
b1ec4b8badc955f9f4fe2131,740500000
e491adef93281c097ab08dea,403200000
9a65fe451b30c59beb3d62ef,499200000
0d3245463127143a8a52014b,976900000
a0e3198470f97f6a169044b3,895300000
33e4901b6e72593513a02207,731700000
f45234a3f0aceb12341be024,884700000
a71d53ec4fd0d64f8c06da2c,1236200000
f1b30c4ea99f19a81d12f73b,1195700000
a52e2c893f85b49e2499cbab,625500000
b2fd7ee866066f3ae0dfb3c0,798500000
5acc9d767e3117bed0fd8464,691400000
0449a82dd1667c8c564904f8,822400000
a0a8d63b5f43b87c0c7e1fb1,887400000
03de77e22e987fc3fed4eb78,9.95e+08
3fed1dd17fcfbd2b86e73143,450100000
04fe204d03bd1c9876242ccd,856900000
32bdf33933c29b1cbf89539c,792800000
3f6c05c97778fbdc86304bf4,771900000
478e13e8c1cb5bc80f1080e0,703600000
3128a4896665d38feb72b456,691400000
fba6203abad5f4b3b721f29e,637400000
b25f461b3d48d833a73316a9,895300000
1282e129e1a355b161621dd8,798500000
293320b55fad21ea3f4a5899,301300000
de2f5db1cd1024a9734871c3,401300000
200897b1f8bcd7c116a85306,368300000
7023f5a68e1ce9cfd23fd021,389900000
13faa4142e9d60412abb4184,4.4e+08
d74d0241fe5222f5c5b67222,501400000
0e51111c47813a0b0dd51b64,647400000
25e3793214088669aaaa4ca5,8.63e+08
43d7b77a99e86e8bd21a19ff,1175600000
38b87cf007043b76670207d8,885400000
8fedbf13ebb7cd3475fa3074,902500000
4be510fa977b93e34a789f26,476900000
8f165174bc07c28f9fddeee3,694200000
7ff6f389e364e67c4238df8a,436300000
2c91099736f3158f7f09778f,407200000
7bb1bc81e6eb3b4390440165,722600000
74e43ea3081841278c76cda6,431700000
9b948f070b94c18e00a857a7,557900000
99340b6cf8f818392d501e9e,1362700000
b27088c3ccd93e7d8d5571c2,702300000
4b45cba0d601f29c2b7db97a,886700000
362212de783981c9ddb767bb,604200000
5aa78a2bc8ec5e2be315fbcc,884100000
92fecc04105a999a622ba3cd,558200000
5098115b26f2473c812b70ed,650200000
e9860f6b4c3e6699e62f6c31,368500000
71273ae563da6bbc66aa87af,376200000
6c6e7af42a6ddf62b04c35fe,422100000
484922bbe02cb218ced0e779,337100000
76745c2648b66151008f6399,377600000
2100201e0851e80488371b67,445700000
5885faa4aac834118c5e4351,445400000
f340405bd7f2c4bf524c50d9,476200000
1951c1c8855fed5db8031e5c,525500000
7dd96ddad0fa88f5c5978e39,602300000
db7535339826028d0fb3355a,495300000
4317746d5b88142780e6897c,658800000
5796e37eb1a995db5cc06eea,476800000
817915cc3582112fb5541a49,5.6e+08
ba524c4e2f13109ce814ea38,662300000
c2439ab65fe194d1d60eaa07,894500000
92e4dcc5911b42e7f70311d7,557700000
6bf86a580c8b510b7447071a,5.05e+08
975482a692bb98df98b2f243,447100000
336888717766096b24215b26,562800000
ad79f4fa23a28cc84487517a,666600000
d925c1d4dcb68990c7204b33,619700000
f4658aee77fa0e35a71da7f1,6.65e+08
210d58091ea74bb902915250,514400000
186d4731b3af01bbe4d08b23,471700000
b760fde2d4df27a168ce0e80,827600000
2e653d2567a47067df169d97,1273500000
8b63358f3cdf8df0eb1f43e2,614500000
c09d691e4c7d7b8c8f6a8370,907100000
4502e2809bb5bd47b2781212,675900000
d03101c7f823dd7d17e49a83,934200000
f5dbd7dcf63b08f711561e58,519400000
9855712ed7be7e865656de13,741800000
5a6397b85f45fba27dd9311f,900800000
4d1b0315b5aaf21bac150d96,5.04e+08
32c7a2d032ee21f8bbc6eccf,512900000
beae197df95b84881128790d,535800000
0cf7a6d43221664a060ef681,856200000
c431fd6dbad57351a497fae8,466800000
b1f8fdc8e3e25517ab80c065,461300000
7b346d5a5f5ec7165d1f8644,461300000
947ba86487536d611f548142,1111800000
8398ba3b03595704b5897704,462300000
3f895518a7fccca44e534578,403200000
232e859fc353dbff75c97cf8,884700000
b234ef225690d57e7c2af4c0,895300000
393e2e7ea1f20eb6b4148d60,598700000
668db5244c4d5b5c76b0b395,710200000
646de9441934226c2ffeff77,691400000
de53880a3299626eb6c2cdf9,1195700000
07f10df13b244dc33b464582,827200000
e4aa393309860fd5e30f49d9,1227200000
8c714badfcdef8ccc73df9cb,1249200000
0f8ded86be8d3543a5069b6f,461500000
3e9d73530ff24d3f4a543091,456700000
076ceb408227ab2563a663d0,421400000
e0ae474a5307ef4057da4994,383400000
d41fc79d800458b1691bbb87,572700000
dc8262e1493ed593103acfa6,626300000
bd6c24498bf413b6c5adf81a,555700000
885c77c839d705ca7d04d383,649400000
b8896656cf6f5dd7c33ae46c,606400000
34a9e3ca94ac06347d879942,608500000
ca3b5cd3505049f1471c47e8,634600000
8c05c66be6008af7f6dcc10b,842400000
565fb93190cd34ac8b01f01b,842400000
6c8119e00b901efd2dd40f0b,514500000
34c92caf68dd0cec9fc383ef,973400000
68939c438c34e79a317a4f3b,794900000
dfaba547699e319462abfd6d,469800000
dd1d2e305d37d9dde55393b0,549200000
c32df77def9978a84f8ba7f1,625500000
62103a85a8ddcfbf5e40e284,976900000
93bcdd2a8ee1d5b61d00d58a,710200000
9700892d7133ff2c0d1763e7,1123700000
fca6d7455056792cd61e2ddf,503300000
4e84c5953b493be7ca96103a,656800000
42fc4101da60fdb41f41f0a4,907900000
12d40725335f83e2fb9b937a,788400000
2b9681901b216f2174af0089,674800000
9ab74e81283becc00a779172,430900000
8f378dc1215f9213f187c02c,574600000
4a3a6698b5490216e8f8e6f5,1070500000
0dd795526c080e8efdf8eb0e,422100000
3e7217f628a1d0fc9bc47071,620700000
157195fb2358bf2d5051c439,698800000
37063e689732880621e4e733,976100000
3bc68bc2d6a2b81f9e3b9a50,487200000
ce21f368495d385fbd98de73,421700000
1a6af7fd6a5b0602052c4c27,503700000
e38259adbfd953bf085a69b6,709400000
0cb6801c9b57e874102ca349,908700000
79f1a5bc0be914956d632658,1.146e+09
f571f85be35a72b2ac358d27,464400000
163bec92a997aa8263f5a909,548200000
9ce3000cd80aeec2c5188e8e,434600000
6a6178c4cae2e92a08b0dd0d,487400000
d52cd6eee468311666218625,631200000
8eccd2a6352c33d8c7abcea7,764100000
53d3e32b1dc782308e352a33,661900000
be26f0523e5cb13846539384,640600000
ad7739088e8febc68abb42e5,7.62e+08
add4f9dd26fa34829aa25eaf,1157300000
17005d6ec889a947397ab980,417800000
3fb3a581a9a74146dcf9b71f,420100000
51c4a8b438bb0d97f712af31,720800000
0aa1332c56bf357f492da2c0,448400000
6cc06c89c226a062fc46795a,4.65e+08
682b38de3539b2a584446922,376500000
1cfe9cba4c2015e7b58f05a0,742500000
17d34f9cb105ca5010191142,716500000
1fc0faf46f3b533f2cae2c06,1120800000
12f9e1f78c630defe302f781,826100000
87bd6ee6f17d2bd5b61b0ddf,946600000
fd4ce3ddaf79d1b97043ce0b,1113200000
97aacb0847561f45a5540f21,584200000
a6dac56445613d70e49647e5,1189200000
8b1acd29eb268fd684036180,531600000
656c13ca7a1974df58e1b826,1012100000
56f72c2d672b7bc3c264f7fd,582700000
3771c66b9ecd6db0b201d4c4,4.47e+08
45e2395bee937c187e3486e2,494500000
7c6880b05c212c66b8961b71,455700000
e0ae8d2a51c771aef5f245e9,5.98e+08
3573093e56e95a982a41879c,715100000
0920b2df9df4f0e509a7efb5,513500000
43600371d44fbbc81f6b6fa3,421300000
2684f67bcc89c8a5b95e5592,522600000
ca463fbe3e5cacc152aa70a6,4.47e+08
0935e87627068206f6d9c0c4,567900000
10afe23f1f58f96422c97934,404200000
f3c8cf1fbbd6cced1fba0930,462900000
abfda926d174a8da1d946e27,485500000
fc9fb2f209a4b5e66f89712b,598700000
15d10635d71919d0c9663fde,610800000
79733fdf8881b0d25412abcd,976300000
7254c91fc9b51e76c6fd2a99,835600000
b732021729ecf88d6297b48c,788400000
edf4e11d1f1aa6f8080c3156,726300000
0706ce398b2bd64913e68d39,987300000
ea4a797b3d73d1b2cba9d651,618300000
6c598362e322971968739673,407200000
130a119701171ed3c439c527,573200000
849c918d78991c57f32f2031,402500000
036fc9e01b2b1e3ef4574372,788700000
e4ee1a81aa121aa5f55e20f3,658500000
de926223fe4296d96466c685,1055100000
340ae520163a220061bd7f28,418700000
11e36a3effeb0119b8bded5b,792800000
2492a7a74edb57f784f6361c,651700000
1900e7808046a5fe89d8e440,846300000
fba35c04cfb7b6db50cbb57b,931900000
daff79365fd94d1d3a2bbbd3,553800000
51230c899cea0054bb74cc44,384500000
5e04875f99a5e4476c0b4186,636900000
542db19bc6b9a1366715dd7e,933500000
a117f625c794b7d52ec67cd4,693600000
4c59acda820b7b75823fa277,567700000
f040a167241599987e7b0967,558700000
4a016eba4744dd01954f137f,370100000
0d995f0ad226dd21bc96ff6b,611900000
3d44c742b1aa4c022a968ea2,368600000
e47aa2541fb576b9915fd625,538900000
61fe9ea90c8a777971db8384,752100000
4a611bd82c9216a3771ca7b6,763100000
0cc5caa9b48a835c92da7653,939100000
9a7f24ba55c92696d377bcb8,684900000
32366fe92222b329e3d03b29,605200000
aa26461420614755c2a52db2,721200000
53a447ad5e011909080c0ecb,1227200000
9d790c8c474c9de2afeb00a2,519700000
dbf200ef5f1e15211e2fc6d3,861600000
b96c9e2591a4cdf9c4e0c09d,821800000
78eb6f51d94a61a967da24f4,5.12e+08
fb338e93dda9159476b8382c,530100000
72536bfda19f78d370d95f26,975500000
7c581e2b9daf20131803eed3,674200000
50cb0ad562ab5ef4e06f84ed,5.77e+08
a24901956dac4ee0e4b0c91f,1015600000
c1b386f478152f9be1f546ea,431400000
1f34129d15f992a3b62d4b21,453900000
299117d35bcdd48afa4c2eb0,517600000
4ff6c53c0bcfd1d24bac7ad5,721200000
2e52008bd11000eb776bd80a,1.229e+09
56b78bb57b2d1f064c47891f,477900000
ef64a8989a6444cc529dd1cb,603300000
078f7c6532204fe046b13d14,1017300000
28c0649dd8b294574a876e95,807200000
6b9b9d28723c7ad176a9306e,1.063e+09
a640228932682c0c04538ac3,998400000
b19efe9cbc26d61daff5ae90,379100000
dc69d70e4d2713fcdfd93dd9,689900000
358e85ba765ddde3ac31be33,386700000
5e6b2661bb7ba0ce4776d483,383400000
0b6dcb5c1952dcea931e2c20,599200000
cde84d2435eb1d0d4ffe2a43,598700000
bac550d41b2cbdc6a110ec7c,404800000
78fbb49efe7dc0d8e144ad83,680600000
606affed5c707249158c4b49,679700000
d44778d36fc789f8b8c745b4,672700000
27ee3504d1df34ee8ae5dbb2,929600000
60bae7a45a084f117eda823d,770700000
98aee6a36f208227a992f9b6,809400000
388a6dbda422f886e503e685,1227200000
2869a2d2689af65497775b1a,9.67e+08
19993833220392781bc15279,848600000
f0efda3f7fb18af1b44d6aa5,976900000
cb915d1ef92dff803c5cceae,1125100000
4bf02d040efe5358d4a5940a,943300000
1382140d8fb634851d4d210e,1255600000
b8ea07763f2e1a3d635eb23c,442300000
8ec00d454698c119085cbee7,583500000
30d5185ca2ac2fcda2bcb79c,645200000
d0ea7bcd8cef8588ca50c778,441600000
fe6c19c6f54606a611d412c8,369200000
f22ae3d17c92427f5227cbf7,3.79e+08
92b3b7d8dac6b2f6d5fcfd9a,440100000
8c44d216517f5c59e2611aac,395100000
b85fa4bc59149a7a25447537,364400000
99f10097f39b32a478877340,631200000
44f8d5ab70828e06198579f3,842400000
1f674965c913f9fe282d07cd,5.38e+08
60e768892afb284b0e5042bb,567500000
8a6d013451e46411d35c2b6a,488700000
6f953b9964d60f6a74c81226,468700000
05076b448cfbf9dede72904a,642200000
47051c25acf866250b5d3ec4,787100000
0952c73b02dd5432aebdf2c1,502300000
cc3ef2f4fd5568aea96c257e,653200000
834fe4a1e9e4efeefb5aba08,530200000
104cd052884247b14d697673,633400000
8bf61f106e60d6be03799de7,704200000
c13e387f56342f88c993f0a2,8.66e+08
ae664789baac0c47d13c3c19,632900000
ecd1e3003c5d74a3c7cbdb11,543700000
561cf254aba002fdef8258ff,766100000
98799228c26c9e4899bed65e,706900000
03025756be203027ab75aaae,661100000
8997555e7bea06f7b90ce821,872700000
e91a3f962129068a3a76d209,809400000
4bd0a354d75759510ab6bb46,824700000
f6c1705a83c039f7a7d46255,8.72e+08
0c4afcff5f5a90cb79807682,8.42e+08
d3222a7545e302bf10894658,434700000
03463535ae93b8b123eaba8b,653500000
360e5cc9ee1282e5a6ea17dc,640400000
07f24808e42c9e11a7c20232,563100000
b80d0456fba49a40fd774e5d,807500000
f865411c20924c43a080794a,659500000
c578eb2dffe903475aecbffa,5.14e+08
d639498fabe1db1236656593,671500000
e6e3bcae6ba114caf108049f,480800000
7dd9760286606c45e6a15926,934800000
2c5f07a9402cc93f4c683759,773800000
e3295e732bcf306a2d338387,506500000
240ccc45a242f80f817b04d9,486200000
a7ff59863f8719590146e71c,526600000
e6477c2014ad081d22f12b9d,510100000
807687fdb46614d9aa139b20,672600000
317d8f9d18599b346639a4d1,516800000
b85acd44e18ab485d3ac543e,467700000
e61476e47d7e7be706d23fee,577500000
270a97e07eec2be02cd89a86,572600000
4c9dc4494a3428435457f575,393700000
26e58d0b13e7f7f5a54585d2,555600000
166e1e60acca831bfad07736,7.17e+08
aa25d9f8737f142b8cfa970b,967400000
44cdcca08e1e66a1496fac6a,671500000
d75b7730e8c291ed41d7caf1,913700000
6d1534800bf0ce97197efb6f,810800000
8b13054b3318289aac1f13db,415200000
c6cb6ccd3f5876c9b9e29685,577900000
0356797c1683d002bcd94899,1063700000
558cb38bcb8de04588bdfa30,534600000
0685f2225b939147c8482e6f,442500000
cf1ba56710023ede80a8381e,752800000
2d4bd56e71f90e6fb387a2b4,1401600000
b96b8e1d636f0c10c63e5c6e,724500000
534be635a841fe21c7a702f2,682500000
dd5b4eb5d20b8b9c813ba52b,426700000
46941e09b153ec19f86c0c2a,1.104e+09
9f06ad3793ede2ba7f39de43,590400000
b3df8c66475021fc04f107a6,652400000
468df200fa490e667bfaa31d,849800000
8130ab67c5e0d96a9a67fb12,833400000
f7ea437311c0d217b0d572b2,428900000
ca0b59b35225b44447967ef8,341400000
90961073d9887bc1023315a0,387800000
a1421c30fb33a249bcd54394,400400000
c87d9677bed80b0fe06308b7,3.47e+08
d331a4d58875a393080fdc48,387500000
2f3281ef06475d2114fbf9a7,394800000
487ede1f7f155194b69c531a,499200000
04308f869d7c992ed3ea646a,573200000
912471caea3c71e3f9f70877,681900000
1baabd705f72393167dba5c8,641900000
aa4c66791884ea2a8357924a,417400000
1ce08c19161bd0545eef8a16,682500000
01eb0a2c1033c30830161321,502400000
b2759de47d28e8cc05c94e36,527100000
bcdea05b890394a10d24601c,435400000
db9f66f68aa772fe29e37edc,4.58e+08
bd094081331ab259b1076261,473500000
81e7c8c1894e0c3a9315ff27,399900000
7cc9cdd32c209a62908a18ad,630300000
1e18024ab7d931bc7ab5873f,712300000
baa146a6537e8630180fdd35,567500000
8b788f742021f2438ffbf528,365300000
66d41314804d77ea0f440695,522700000
72dec1e6e65f6117e10a2473,420100000
4066da904062a0041a809b02,583200000
b7570bfc5ddc7caaf610908d,630300000
f6c6eb3fac9658c4951c4222,630300000
5fe25ab9cf4ea071cd6287dd,4.24e+08
0ef36d33e6c378c946b8a65e,630300000
991a94dd1e99de493672da14,630300000
798d87a368f073efafead25b,630300000
9e8cbeb53820394a460f0879,583200000
7b5582907bf47bb9e873a513,631700000
0f21ea53a480e4363b8d7aa9,565400000
ee667413d1cc49427ad448f9,620300000
12bb70a95996dc6e286086ed,493900000
9e9e3655ffa5921889cd8ae1,880400000
f2bfe55b6188070fc5c3f59e,975100000
1f00fb18ad48b32c666fd319,544700000
86f15ce6ea8e97837e6b9383,716700000
7002d00c9acf8b8a4a5865b6,1027100000
3e85deb0237521f1a7a8fa84,1054800000
1bf77cd1c4037f4d2ed28036,873300000
ce8e1e2e4a79fa55a8547457,1096600000
73a8efbc036911954c07b91c,1056200000
9a2051367d6dcbd90a4d60e0,7.82e+08
3804d5b313b742228ef0f1d8,1217300000
fd7b741b96080ca5b964cac4,1127300000
c4cf9ab3776289a412684892,7.29e+08
1c51566c7dedd4a46503131d,1.159e+09
62259b400be228a30a655a59,852600000
e5092b4a94f1c231a0c47680,1094400000
6f435cb10e5728ef45be9f29,1.323e+09
04a071d777e60627223e28d4,379600000
1117078fa37ed101e9120923,491300000
d56fda10944b088d9cbe1162,372900000
e01c49250329331a442615d6,387800000
30ab0bbf876dfa515b266c9f,432500000
6aaefcb58913bb3f49954b2d,886600000
629a6122db92e378f0eab96e,790700000
a8549fa4bb56a2bcc0e15b11,405100000
34291b30d129222905ffdaba,651300000
cd5658fc146ae4b5d78fb565,5.29e+08
ce14bec246191176c16c4e27,471200000
46529f0455fd35b2f4a489d0,475200000
52b3823c59546a6ff3de4d09,370700000
959b7ea50d93bf1c36e35005,932400000
5c6edbdf110bca5a66a51585,405100000
d4f6cc3cc6e923cd37d0fbb7,459600000
2865962bdff8929888a51341,672200000
105bcd15e02d39f70ec2ecb7,477200000
b2357bf117ecb5b9082871ca,370700000
273cb73a7bdec0d291e845f1,372900000
1f4cd62152d4940990ac6a9d,388200000
a13ff325f90eb49363f59052,940200000
40871d7ade3e592560d0b3e3,476900000
ad2081cd75928b8f5e506944,1153100000
1508ebe40f90f90a68f6dd69,372900000
d3cda82d1fa53a7ca1b46a33,8.49e+08
dc20d46be2470d85ad9e7e45,444200000
0a7fb26822c2ca556f62a257,5.29e+08
40a1cefb3cbb7e2972e30d97,406100000
4c3a2b3e3d5999f747ae0d53,1112100000
a8870552db951bc4e76e7f9a,372300000
cc48e66185c23195cf958612,568800000
09d4b5b5c2f97ff88215708d,810700000
a59320023948e2d915c07306,475400000
a74214a0d4d40b898ee2be88,361900000
dd9f28d722d43112651786e6,439400000
275360e29bf3309e09ec41d9,424300000
1e21ee2ab4ef88194cc85166,416700000
268c1e17bc17dd646d1885cb,375100000
33e22ea4154e8f71062dba8b,385500000
5b5db88fa09ecd8f4b9cef6a,747800000
c41dfc0b917edb6e6ef7b1c8,6.24e+08
3ba6b07e752fa580f630eb8f,862100000
fa6db64bd7cd8b0f1c0e2453,938300000
2422ffac7337b402339dc550,977900000
dd6d47e2626e2bf24f842f21,816200000
bb433dc1bd769d684d8b3352,980700000
812ad0d57e4291da184bfae5,399900000
51a0a1a680770b625579e25b,1227200000
a91fd5b9b1a791a6af59b70d,9.07e+08
094da6ca19427f1a943105f6,681900000
7af0a604d1901925aa179436,869500000
890df90091e14d1c3a1b30e8,394600000
aac17b54a68bd216e2bd1d45,360200000
fce26c7fbf0bc93937ea5198,687900000
b4245f075bc41aa29b55d324,710400000
bb70d80b0c6ad3022160c8af,374500000
ac85c8f7605ceff58dcb55cb,388700000
520415ebcdd1a4059d18e2fc,933300000
81547b223494084af3e15bf3,6e+08
a0f1496a0b4a7cd8b850f010,741500000
436fd4dce2ff0f71232f4b6c,350200000
3923f0e655615aa6b52721b8,807900000
afe03b938be9cf14e98d4a0b,379300000
0f1c472b94feffc41f1caa44,425600000
5b76ae185e6b41243777cb4a,4.25e+08
d70b133f81d6f1c9d93e2ed5,398900000
865459f5342a0102d255fa07,428600000
fea5eb95dfad452d6786b042,4.2e+08
415622d0f7adb1a9f7009a63,401700000
543edc342ad39b149501aaeb,395900000
89e1d01cb5bfdf567faca443,603300000
e86b99e5dac8ed0d8296e950,545300000
2c85b19f02bb3768c10d14fc,601200000
c17a3139c360750a6de5950a,504400000
cf76e6077d47a14abaf0cfb3,4.51e+08
82ad4b3d5a215f17e745d77e,6.46e+08
dbb4260c89524c78de7433be,493400000
5b312ebdf71ab7971f9fd2d6,6.32e+08
b3413352f0280412f53562e0,511400000
28fc5f188c5e11717cdb4a98,448900000
c4d7a906b747428aabd368cf,703100000
a4dec2ce375ab5e4bffa5966,674900000
546d570784c7ab8746bba80e,611900000
cca9a08bc4a91f317b851f11,857200000
bf43226ba66a3e2033d32fe0,684500000
c2717194de73e1a1d8dce40f,379500000
acfc06021a7a81313d85f62b,382800000
2d531a26f8b1a8afa511e3dd,6.56e+08
4a8acae29064919c68fc8600,573200000
691b030abfe1190802349715,411700000
a302ef23e1d0d6a273274cd0,404800000
a742f415d6c57e8493762c57,692900000
4672d1c9c3b04fcc87a0ae9b,560500000
371a0ee537001f7a9d58465a,1028700000
ca5eecb01282d4a84017bd50,762800000
40eefaf8c26b8b4736308bf7,9.33e+08
a7ff08f7e09b19c1546453fa,834600000
07a6da2c9c4833ee4cbe8625,609900000
b2d32589626abfc81e44cf70,869700000
aeb68eb7eecc4aecd5529717,1192400000
3c0b438c7a4fcbfaff9f678e,791100000
c37b357d57918c3a651a5760,797200000
b65c0544e9deed76615a3138,912500000
3a8b7b9048c82797fb01a8a1,612200000
7549cbd5c8003204c85ce1a5,692100000
21b4c1ad11bb1feac4d02308,767800000
b972611aaf1b68340de16545,454500000
eb3356f3856526dc140be7f4,797100000
93ba409ab36d3e10eaae18c1,926300000
5717732a654405ba208c0f5f,853100000
aebb556fa6c9275a9b5c543c,1028300000
fc72e535900c592d6053b806,1162700000
04d77c8ade9a55fddd28b00c,642800000
028adaf559a05c8882893767,1061100000
95781f187bd3fffa3d1b19f5,771700000
cc2c78d41e3fe29de0b4ec4c,1118200000
f78886545677e19e472fd0c4,668700000
3dcdbb92628e6a200adf48e8,1113400000
4993d1487d78cd9ae2c23619,1010200000
a8a2c61f2b994411af5d9bde,1114700000
57fd11f829e31e198326ac98,907500000
59b9a5730cc8a41bb7a1d16a,778800000
85b8a65f1b00f78e67622bfb,782600000
971c610e55f133a1d1e6c2b2,9.8e+08
0f9867abe3ea0b9c5363982c,1048800000
086521dbe18727963538aa7b,744500000
bda3c74ea6f73407a3c0a17e,740600000
257c765ac81bcf773473039b,461100000
80d2415c0460088d69574285,1191700000
1554f8aa4c8fbe17e9e82d0e,1204700000
00f6a62599f25ac506113149,1279900000
ae26e4726c16cb2f6a6d3f2e,935500000
8018df1613094a9e4606c875,1264700000
eae4a1cce7c039c644f01c6a,684900000
b07cd6c30350efc5de211a8e,1183300000
5a2624a08494481388f6daff,1351300000
b8eb177e22c63e84738e7788,778400000
ca02c904cf5eb96ad20705ca,497800000
8e6dfdcc28f830f2696de9cf,8.39e+08
99fdac6a2ddb1136f7117f0a,460500000
22e9f1b4b5e887cb5f0dbfd1,458900000
d89f812c7edfeb3121bf639a,506600000
19957244dabc3f727733527d,403600000
ad1322132f3b533b4aced580,407900000
40c2ea5f89f5b77cc09d1455,463400000
140c4de69883df9f3fb3a538,380200000
5529091bcc05ba5cb2156b15,401100000
55c5e58ec636586755df3dee,502100000
6049fb02c166ec9b4471a7c6,609700000
758b4df32244a51b2271a891,444700000
2ed1ae5e6fa77e447af230fb,730200000
527a1c27e038e45d2d1fcd9f,532200000
1d0c3ba50087cf01637de6c0,500300000
d0804da971548399183ecb85,842400000
46a7d0f520dd1e78c0cbce0f,842400000
57e5120d0b71ec6a67746a59,680100000
b5292c1e1683d40be46bc2de,589300000
01e9c7531cf3c63c04b9189f,522700000
06e91b526821a6ad1372fc44,432900000
34bca71dc9c74a2072f11e9f,680200000
22385ae2b3e7640e8c40411b,580700000
6e4adafdd872a2837921276f,4.81e+08
8cd3031963c612efd0049f8d,5.47e+08
43b2fb09efd1593a94b61b4c,5.72e+08
74448f56811e9562536eff6d,842900000
44f0e088fee626993778e7fb,7.58e+08
6e6f7fa167c0f617f50c86cb,628700000
83da5fb4c15e3daf727a3cc6,848200000
b45c8a6224ae2656b4189526,627800000
0d926a0b5ef567c627a7eb0a,951200000
c73a1177d787a5ed72b8a9a7,504700000
75c1083db5c940e626c02f53,392300000
b925c9218f5132c6c81f3a18,338800000
9a091c59b3cb4c730372b34b,437100000
bcc704b2e178dd20497e073e,386700000
6f65de020f663622146b89aa,538900000
9f3680d00c86707fba024dac,600800000
18d5cc463455fdb4d443a6f2,456800000
f1d76d78f9266d9552bb86f2,586400000
74dbd25d407e51337f883659,834700000
88ff73eb829a6ec5bfcc0222,887900000
ed5559fbfaba86299e87ed89,698700000
5d97aad3e83e26b551c3399a,7.91e+08
2258ec00dec6a2b85f439135,7.91e+08
6c94fd185169e708a08d3535,482700000
ddaa88a11432ca21d3eca774,391500000
2749b5cfd2728ebdf124a0a3,4.81e+08
a7546a6c6194506dffd65360,590400000
6de7bfc5e8149ebc40ec0e4b,501500000
6f83f14861e13af92a2b8cf9,447200000
d71d0c8357f09fe2f77bedde,576500000
90b28f5125a0b8a0e3b10580,734700000
940e08f8fc66ac29f6d76687,8.21e+08
41d2864e1f73e29f222c61e0,632200000
f7399e57df358ae7adc9e08f,607600000
1679719f26e7c650f24eee6d,924300000
0803ef3270948a30b3fee2f0,468400000
4a3defc2b7d2cd751c9c970e,1020200000
8bd2490f83568ba653cb74f6,898900000
b4ffd0a2cdcadfb962578199,645800000
7e5064603267b61520d8f83b,416700000
88964e1202647db0519a8a00,594200000
f3d94d0616744b87ff139533,535800000
60704a08df293592e4cb5719,388600000
347d5081f7bd36c8edc1f352,937300000
41d3afc1118758b5314db48e,584800000
80a1dc97797c41b61f46ec6a,8.23e+08
c0ff8812c1e8eeab07c698a1,378200000
a9a4a765b1daec2f3ed59a80,599200000
33258f995a375ca192ca4d3c,785400000
80b6c823bad5b4c0fff46657,1082500000
719055eed27f361071cb9eca,728700000
9a354d8c526efc5bcce59dca,7.19e+08
9850d970fe9fd9bae89f09ad,838100000
f2c87b07466aad7328b7e0b0,790100000
27ca0c2320c520342717355d,415700000
e958bd2b19db118c31f893cd,415700000
46dcddfc78444011abd29870,535400000
061d3fd39da1b4b1397054c1,684600000
3d1a8884a9687e53e5fb0bb7,744200000
1c0236d4bc291372483a9151,6e+08
c1420f278d45b85c56f415fa,979100000
ce6fc507df0105c68c29214c,3.73e+08
e4f26a73bad4e41c375dd897,1131400000
719190aff81379902beb6497,880100000
da627dae6941b59d1eb98e35,460500000
2189d3297ea703e50ec34d96,590600000
c7205874bee601a7b01a0cd3,690800000
a22bc19d0d83b13a53630b7b,524500000
8acebaa9fd7e917d7e3b391b,405600000
4e104916ab915cf3c0bef846,578300000
b0df95e9fc94d9aeebc960df,886600000
ab419cd48b81038c5a30c721,444700000
5b9bae6f556700e099fedf08,440100000
989360149d9cc6088391db4d,773600000
bad7560aac04600e1ec1a9ce,6.66e+08
08d9f04bc4ebdc74e9d80b16,684600000
f4311c45516bafcfe8864c70,565800000
c84e1db639ee43ad83f930c3,477900000
f778fa43c92344cfbd700432,604100000
2019bd32dbd09fa285a388f7,617200000
4db834146c4e73b515d510ce,427800000
9f9f2548425519863e2cd6b6,504900000
6c3bb7e1696df587990161b1,431200000
82f08aadf1eeaf2058b50592,568500000
753e74e4dbefeccf3e6b27fb,429600000
a26149f589edb9a903782a3f,566700000
bd264728a0464376e22b6bee,478700000
2d5564a502635dce2d46ef8e,813800000
05bcc7d7db8d352216a4af59,645900000
4794d9994512f01a4bbb6c48,749100000
64a4528640fe492865ebc0dd,845600000
f655ec98cd42b0bf2d7cfbfe,765200000
b09de5f1e028d4fafeb8a22b,728600000
4c79f17573007a39bb2b4b7b,815800000
824894236c20b081af2c9868,648600000
107e76f0c913e19217662faf,903600000
d5e2bbb69ba3876b93af2d3c,949500000
a2905faba4c1177603e6cd5b,1032100000
d13e3d432783206eecb0e192,1.081e+09
6fecee4b1e5f50c0b27dbba4,1241600000
57891292fbd530872cbe68b2,1321400000
d0d6a1b5c60ad420ebf2ab8f,824900000
711736da4f0e8282fc8c9e69,849900000
f32a3b542efba398907ec912,421300000
299a94a02e887c6ab1de59c7,471100000
ad844bdb1150508a4c6d57b8,657400000
78c17e6ceb87f7587364c873,460200000
22e8713e2051c88cdafe2364,468800000
79c5085c14068e492e402a26,1081800000
205e9d987013859f391b27b5,772500000
36aa7d0cbfe40adf3c86a134,745800000
d54d787189cc8f014ae58aaa,738900000
fe2f1459eb0a380dc31e3a4e,705300000
ad663952ff2ba1953efdc460,645800000
b7320c35e90f33fbb1c28813,658200000
8f90134b8e68948cb18fced1,481500000
2dfeb06300828182d4109c43,902900000
3f5a0cbba1433e9b6588dd73,496100000
f952c40e24c9df4ab2d62017,802900000
462c7546b358b00e617ce012,518900000
e0df3391aeb8d3f4b00f418b,698200000
1e48878318d35476c3e87520,458100000
e3903705d5a48c6d9f828ab9,606900000
9e590ad7d22105456bebc767,746600000
d0fe3d393eee5c0cea5bb6e2,333300000
57b3791f2c5acffb0097f7c4,397800000
e11f9a5cf9d6ab0ffddd6096,914700000
9a3920f803b087c29b487cec,748300000
6cc0fe8ddc318f1bbad360c5,814600000
3e0c656b64d39ab38201a112,463500000
cd55abdb54bd56d54b11fad2,814600000
7cd39eb8de56700519d8f287,655600000
d762007a4ea5de370738e875,742500000
f4fc67d9b9c6078003f9af35,691300000
dc0a4632d7378c25be351760,827200000
530a3bae5a13291c69bb8474,427100000
32b678be83da2a07b37f3012,4.32e+08
349768047d470d2fa6ff1930,710200000
e017c3311e2fdeb50a686547,590800000
bd0329ddd50f2dc4dafebd26,1002200000
f6252e878aef5f8a641c3d6e,6.16e+08
45ae8ffacfd00fb4a4f53d0f,832800000
d186e369ed884150e71906da,1125300000
7b9e6b7eb3a5db0443193fbd,605700000
1ddeeae13139b7c9ada353a3,413200000
a1ae6f9f5d02548c89b23904,816200000
dc298d37c5235e15b4cd68a3,714900000
f640753edfd8fb1a995f1de1,427300000
69a1f439de0f06e1143a0006,665500000
98f253233bfcd16533e2a448,590800000
ece6f8c652d4227370ef0fcf,742900000
599506739a6544839bd97b81,7.29e+08
a12f49f4ac3c5bb0dc7d8d20,406400000
9da00f8ff8e19d26c1342274,856600000
cf5213877dfb4df98f0dc10f,5.32e+08
84c7006b5a63add890a224e8,846400000
88aed38ca59c09e1a6202672,718500000
e6bda9370c80a5f7e5cb6b07,894100000
3b54ab53b6e3453e333a0939,346300000
e72ff7414cceec6b162df345,592800000
f2d4c1faeb7694370bc65ec2,494700000
e1ffd027cce28c44c0d2f80c,541400000
5c5039602efa36222e64108a,539400000
b50f2c871166ee1009416be6,615300000
5e7e36116dbc08932f5fcbf0,655400000
325ce336d3df17a078db5166,612700000
a26e967b288a1eb6d8e71d46,394700000
139331d23d9e3c40cf083a7d,813800000
1704b2d5f4a33401fb153608,461700000
ee70354146295365bf241d9c,538900000
fbb0a76f05908c118f7a3df6,453100000
2aeb794adc9892354aff7240,384900000
b0a32581cbb586f9710dc3e2,671700000
ad7f3aae29fa1e7ec900b563,760300000
1695225258263bd2f463b21e,828400000
f72fb486fae49fc1de1fdcfd,988200000
6b8f7074aed7ae7e6cfbb090,968100000
619dab52b321ab297a604185,1179700000
b5bb9af24f9de68e91a1df76,1227200000
ac3d21f51637207d3e031c2d,728600000
2aac28d03c2110d871b5f274,419700000
9ef498b11563827597c82947,566700000
4f2ca698ff03df0c6386e48f,681900000
606df4826416ea0f146ddf99,409200000
9ff08a6ca1c63480c563442c,763900000
ec27554aa1c62314f4d46fc8,405600000
762374e94f17a8783a66d598,478700000
83ca3a41ca4b5337107c197e,658800000
c166a9293fa27e910e1fa9c1,633200000
57f8a1e37c4ffb1b8cbd342a,6.19e+08
393d99ca47315ae98fe9e7c8,1132600000
9bef4aacc63605f2b2b62292,515700000
a266efa4e41df357ac4edda4,960600000
adfdb0eda9aa97f0d3005c4d,531800000
f05aee3e433cb036653b4375,670200000
2dfd1808bb95170a088deac6,824500000
dadf0a00434e8ceefb3e26af,971100000
4336ff9b2dc1d97ac8f9694a,513900000
eb14a5813f860bb74740da2b,377300000
3d580d0df1bf9dd124c282c9,418700000
49bb5311607e4c7600caa03b,474100000
78a39ae05ac53535ba0fad2c,485800000
936e18fcf06ca3c46eda7c8c,5.69e+08
23f12add67accdc9ed40f59f,401100000
eb1b9e15dcb88964f79e6a4a,481500000
e2b7f984616fff25e3dd6a3f,608500000
b8e2b98548a234a245d7935c,575400000
79382c56606e701e44d55033,1123700000
983874e637a1a5782f31089f,586300000
3da9de8f610e5c40401a5b78,5.27e+08
cd69a049dd8a3822e228ebaf,6.37e+08
604f1b5149f770a8f370fc75,449600000
0d24fc1c5deb78eb1a0caa51,568600000
583af1118e60e46c347ec593,1239500000
13b181b46359620191e6e4c1,364500000
50d8333064f0560cbe549f89,464500000
d9000c1afed253d05de7819b,375200000
792ac070d1a314f585f09987,459400000
3e874c25176a3abb336b31ac,385100000
419ce7158ed62eb6897cf09e,464800000
b6b87c05c4238be76d94da2b,353100000
980d809e549333b475477bf9,375100000
a7df3d344010d5bb7dc70bf0,412900000
3d474c6a88ceb86e00f68b3a,424700000
be4bdb73add69f12f7aa6d06,4.01e+08
fa5234ddf23dd0d9cbd3cac2,452600000
91a08f81b621333ac58c3845,542600000
702aaf395bc78986a008d70a,544700000
86b0c9c1277e9143ee765b43,458900000
9c2c22e70cffe6836f554f24,509800000
31f56b841b122b35615bae2c,491300000
41227dc9c9948a5f0688e426,597400000
781989d4b732f961f91bc3e4,512100000
cfed0221146f4d83d641e1aa,563100000
8ec491780efb2c27df8dc08b,579500000
8a5866428508658b4a2a4cb4,641800000
156dc81d6e14a71716aebcab,691400000
c24be8293c8f4080562ec0fa,455400000
7fa11c05ed1c123c1a457b1f,471100000
a63c36f6e7e7ce7c7e7fe457,838600000
f9bca38d3e08176649504e74,573700000
3d389130627ca7bade643f47,659300000
70314b0bd995a4b03c771ae7,515200000
a3c3c9fc04cf2e2a051a12e6,461600000
4cbe75a162b076c4c454dfe9,3.97e+08
0c62d4d501a426cc8fde0c36,501400000
533363375cf2cbc50d86773c,6.58e+08
21d0f28d5f30a64352e60ac4,420200000
471b5135fced50f7cb4197e2,555400000
1c7586fd8a1a38bbda9c92cb,422500000
a0f28aaedd12f3d0eee8c6ea,477900000
8923182b6dcc9f2d8be1ab53,556800000
67f694b29bfa494bd9d9cf44,592600000
b721a5846527d5338322c9d6,473600000
ed09fe201c9ab02a91779dcd,681300000
f49045b312d12268eefedcba,674500000
22ae194316f34d482bdf404b,455400000
4f450ba5de4766e5ecb8a4a5,467600000
235a2209cde8f8b0276c845a,5.97e+08
f563f0899884de7f9bdab405,586100000
5b462279f602c5b67ada82ee,537700000
fa4af69aa064a4306cb110d0,4.45e+08
a70d32ccaa78ae9417aa7e4f,467900000
77c9e5e3a6d965ede708cda6,495700000
5637f3d3278ea049333afff4,398700000
1b1c220eb91c9448b520b76a,567900000
f4a6ec71ad7790df9578324f,457300000
217e1715fdd5db76ce93cfe2,451700000
2cfa1397c901b4e940d9f673,4.39e+08
44672de0d6d9d0cb3b4ae938,607400000
1c50477e5b3a67f3d8fec62c,547300000
0a2a67e8b310471b115c60bf,451900000
06220a42e68510eccb4d790d,412800000
611a3e1d63c6ce5ff8779243,438100000
1284d7ed08122731aa7c0461,398700000
d44eebc871d1fa6981c32ccb,586300000
43272151f217feab78190393,686700000
6bff92260afd556a98d3e3a5,726800000
00586a92b53f4a8f9f6b3022,862100000
745e7f6a83b55196f231466f,756800000
9c558e10e5bbf230f16968f6,813600000
1b425a31cbb73b713f291e19,746800000
076ccba20dac8bfcf184b8a8,859700000
c8fd8b729f4ac6270aff9c9d,722200000
52f026e670e9851b08c70542,710900000
00304df33a3c9a7e396ddd3a,893100000
ee27eba49457286b5ab76172,767900000
97b57932e5e20416bad6919e,731600000
e570c5f58a20fda42bfb535b,577300000
79acb227b5ea365414982957,623100000
d24258de8d2ca10186660a1c,954700000
8a8c202c069c20696c2de85a,672300000
40f301afabee5be092ba20ad,856100000
afa842858299a6ebee166e31,800700000
7641dcf512a05ca754930bed,706400000
8c9b472c55d4b99e44041de5,648800000
88b98c026b7650192034535f,905300000
9bdb1bc52a9ddfe92e6a948b,798200000
4abef5720fd889512ecff70a,738900000
58b139bc16fa2731e4b76f28,665500000
9ad9ac8728cfc2387285c24f,757500000
75fd5603c4de9678627f81d9,1148900000
9f4a25a5550f016ef2370229,565300000
d4f4d0ed36ac9affd71f302f,7.46e+08
51bf7bc1c19fcd42e71f2463,716900000
49ce19caa1325233d0de331e,776400000
5aa1667bc8db26bac1c72f5f,643100000
b43b36ea4f81bbfd4dc4d781,831700000
2a623b33f3cc1f54620b5233,802200000
8745eefb9e2761ff7eef558f,784500000
0e49eaa5cde9375b1f026820,661500000
f5acbf43add5776430d8d4a9,9.39e+08
ca50f7143937a99accef865f,862800000
0e1bc8ba1953ec8c28e53b9e,826900000
980bafcd065c8e3d6cece127,535700000
c81133d5a58d7e8eebb10c8c,830700000
09656004f0a7f544580958fb,775200000
edd342f84fc90478e344ea1f,761900000
76974826c758eec5c255c5da,524700000
63b09e45c1b7dca181491030,7.87e+08
89952b237fda041b09f0efa1,771500000
219164e1d9b14cabb9bbb8ab,750300000
ac8aa244c21a9b86de4ed599,845700000
92ba222e2dd63a4453a30637,825500000
bfaf8b7796c8c57bb5997be7,892100000
dd5a565f854eaef90976c5fc,956500000
f8ccd21343b112d8f9e7123c,683400000
a90991f865ac81cdb3de201f,649400000
fc57fa9bbc16d1b8106c2c70,817500000
9ee3218bc61636cf0d7f8107,644700000
c00592c7c0c3a863a1bab9c3,702100000
f0aa18bf86a36daeb59946e8,813900000
e186499af986f1959f729b9b,791500000
18420ed4661539a2d72ff400,8.54e+08
957731b9940c9131d92a22fa,694300000
9172caeeaf6498737fa0c6dd,752400000
c798ea36d2e4a8119723eae7,818700000
eb963f082209fc077aa72bc9,1110100000
07b7ba964a8e30dc16d66443,1322900000
7fe364ae771a7689d2fa5584,1161600000
c59e06a2ed37fd750cf39976,1184300000
ce03d8ae43a426e074ed35f5,1106900000
b76c45ccae25a06dd5fc432e,893900000
f855725acc115bbbf03bacec,1077400000
b0b0db3bbe07839bc2b600fe,1332100000
cfc8dcf337e020b875ef1572,1060300000
390107256faa08574d7231d2,783500000
fb10f3b45e865b4626f65ddf,1186900000
75f167e2273fbecb2c81ac0e,945600000
a7b15424d7c025d885636a72,822400000
f9c11e980254045d7478f273,9.08e+08
e0b13f6dc213d05133252d15,1.081e+09
c12f362b9060344ad044cfb7,993800000
f872f224d2af413cd104f24d,1037600000
092045750c36a8945c526a12,538500000
5ef33cf17d4b45277edf35a1,456500000
fc64387d7c3c91a6e6e876ab,642900000
c1168159d4e2fffdd5662757,582500000
cb604e3a56cc847189462004,535700000
9e95710c61a4706e21cf70b3,565900000
ab37f67a3afa274e719ecbd8,625200000
970cb360eb64128037be7e23,696400000
e42fc32db529e088f15cec8b,862100000
8925028d6e7a6cfce9967779,456300000
759e76e38d84a4188dff5446,883500000
83a376df2024c4c9fbf2a0ca,438300000
a8bb80d99280e332084b3950,6.77e+08
c16ab4a11cf67a39fec6f049,533300000
9cd1127b1bc10db6b8ce5d4b,1125100000
ddfa979b1d7cdea1d7dd0a86,470200000
d78f7a1592c0779093150ddc,711800000
97ce3e0ef38ad12f7fa8c4d0,338800000
5c789f2834a1a69aede6316c,369600000
c29ec380fc7295a9a770a74b,386700000
5987f6171a2bcb37062ccc94,884700000
1e91de6194769980800b4de8,657400000
0a0f206f04bfb10c137388d3,1.141e+09
34dd15023216e187daaf5a07,827200000
33d2d1db291a13affdc209bf,634300000
6fa5e5160d7c2bed824bc0d0,596100000
8c04aa7506b8c80c1bac23f5,8.31e+08
e5d445e39104d9ee6b244822,775200000
2ca6b3016a89139ec7590f9a,1.143e+09
e567e9e5862b13f0085505d4,383200000
edd1c4fdbef4e6beafbd39b8,450500000
039a9029c4341b1528ca6b46,426300000
fa1533051ea4145f7f710ed9,475100000
9c99a85c5dd878568582dd9f,446700000
9ec426691c80918203394ee1,379500000
66f58d9d1e1eb7e81cab24a2,7.3e+08
0d0f8ce05ebe99dd3bb7b23b,587400000
6a65986cecddc5c47fbddb9e,615400000
a82fc744f537ddc6fbd16883,738400000
d4c40178c19d6cb2fcc88e48,614900000
4034cb3cb77e9cb39cc98fc5,767200000
41ae9d3d280d4eebe510606a,443800000
4aaf6763c105ddf2a6eddbfe,502800000
633a7038a23ffaf4b3f7896d,654600000
2a531aa9576c5f91891cc8a9,6.13e+08
85d58cf85a179e167428ffa5,1022500000
42f05e5d4862d653efda75c0,686800000
256a46a6d45d168169f63aab,773600000
4b0fba692104472b36c38c3d,671900000
253c85b226a15d0ec2fbbff4,609800000
b0bb2299d5f456f800993a11,594900000
47fe78f6299f757b231be10e,815100000
4d09ece928ffac7e7d270bd8,565500000
fc762d2d172737cabbdfcc75,834200000
2809252a96f47776d12021af,698100000
29eb473852b36dcfbda0c702,710200000
231c050bebe12f568ef92afc,335200000
acaf9e18bbc7295633d92e01,668900000
860435300909449c0443c10e,956200000
f967ad5e086f485c27f09990,907100000
678927546243e932b48d6058,990900000
c537ea2620b8c3a3f013c0b9,786500000
10037227b2a24d9a72ced322,714400000
1b4b3662ca18e731acc18928,1142600000
e6717956eeaadb3e95840256,818400000
ccc4457f68fcc1a416e3acf3,626900000
94d91969cc4b9aa1e856d801,5.55e+08
2cc821cd7b5fa82b27308f87,399500000
f05b3779581ac0015f29571f,614600000
dfe09a5f848e8e819c361ac9,403200000
ba87ed2a657b0b042a05460e,573700000
f967aa89a4440cc1c44bdc54,403400000
81fc8d666c8735e1095d0d4a,918300000
fd8b9540f1e9da778d566d25,453800000
70baafa9789d2fcf1bc212bb,549800000
4911f8879e5bc9c27ac13bb1,361100000
ce53f3477814fdea2889cd2c,4.72e+08
62f022e19ce6608919eab5f9,432300000
55657bb933aa2ea3083e0b90,449600000
808dd470aed6064f02aa5103,468100000
39bc028f3b42d9ea48808ad0,408700000
c0c01ecbb9189d77098659b8,4.32e+08
57c68d470f6248d00b6719e4,924300000
26c66cf2f43bea00e6387326,690600000
b5f0dfbd34392f6855bb4b52,685400000
25202264e18928158b89278b,533300000
e93abbb49b24717d3a0767e8,637200000
906e1f2e1bc5cd51a55b0266,734700000
eef1d35ffd08dd161a36a2d1,864600000
35e0cac576415a4e61acec80,772500000
53ebe061b85f046ed12ee9c5,924700000
059d77736dc72013de7767f1,4.24e+08
17d7986a62e0b066e4e5530e,460800000
8236c798dbffb3db51d5d744,378300000
587e67078115103d184970be,388400000
7569fb4aaa9a52d6a525e3b0,394800000
db122cadb7a9c33f420fe246,394800000
e852246b7661d30dd2e1f0ab,394800000
f04eb16931448e87aec205fd,424300000
90e858d3740d4aec0fa21c12,418300000
65647ca6e47eb2b9ba20058d,717800000
d0792d22549d1b3f63baf3ad,511900000
76c4045b5dad9a8226e9244a,548800000
fac4f0bee67523194fd4312f,4.98e+08
ba89ed56d156579ce288dbcc,565600000
adce397b6d1473b9b6d02865,706500000
f1a924badef699637ea8fcc2,664200000
3bdce823d3b96e8f0170d96d,660300000
439004dc23f97a878ebf371a,7.46e+08
192e05cd731950f91fef1d83,1032100000
5110c49047db23ac3aa4ace4,1040300000
f4f7bd9d03eecf35e9f37619,847300000
141dfd80a005f7b32bf70375,719800000
08513fe1cddb2cad74874a59,475900000
6b23aa3ca5edd20134811cea,335200000
0fcab263453a9f196468e552,836900000
127e08fa99afcaa339eff684,684600000
d2c46ef63db73ba3cb7e32a1,804700000
7c50c93bc9e8846345892c12,771500000
63698398738ebc7ccebac817,607500000
417e974a3f0d97e502e49800,7.99e+08
6483f2fcdfbd26c621a527fb,842200000
3b739666f401ca6b2135652c,1041400000
1b750e6e2e92e8222482cb46,787300000
dd34882ac55c57480663f7ec,924300000
026c6384ceba017c5f2cd66e,628300000
3f4272a3a4b14ce152fc3abb,350800000
5cccf025fcc0a7d9ea01b170,445600000
c8d179013c5bb6379693ef03,409100000
8c258d10ce32150f5fe5b712,737100000
eeb6fa8f820ec63aa0aaa303,734700000
ec8b305ddc2bc211a8a05d0c,453600000
5a84e6d2ab8db0fc60775d03,6.07e+08
015d17895f32e2a8b616ca1b,633500000
6fa35f1af6d51d341a3165ae,591300000
17821a9cb766b0f3ecf24e83,422100000
23141c17df584746755dc508,4.02e+08
00076c8f390d5dcccc133309,863100000
25488b1c8fedde6250b413ba,421800000
5ba6b4953759b45cb83512c7,783500000
8ea02baab0c59eac6584f62d,1293800000
b5c34f90096fc88b8ca758f2,772500000
35bc25d0f9de2ed4f714fc8c,928500000
8b0e1911b8ab8028409dc9fe,1342900000
2ba1672e49c023258d262d1d,601300000
2d778563921376962d126cbb,561100000
bfe7c873b2fbad871327994a,700500000
72d0f19409c85dbe32cf6ec4,810700000
d406baf5cc9b4473ae9b8426,383800000
070912b7e5fb205918c1f4a3,377700000
659abd72d12756ba0670f466,420100000
7a464b948b65544159cd0db0,606200000
e89774d061d50c83b409a071,375700000
fd6b2efe5da2c35058333bbf,5.65e+08
4577c1623c8407e95e893e63,506600000
21adc839dec9e8efb128abf1,538900000
aa843a050ebe8e4b3a04e9ef,994600000
0252fcaf7bcde09274d34be5,710200000
46d77c92811f0c87d2d4907d,741600000
a8c662f906075eedb098ae5d,703700000
b8b46931b93b7750e0d1ada3,743200000
efde559422ec1dcc55abc686,791200000
339bc881458ca34bdcb771da,1172900000
d7ad6527cae719481f849927,1065400000
df3abaff81c430b4ba85d4a3,655800000
bfd2f20a7bfb0d865d7f7193,1227200000
fa3ee96e6b6ffdfd00aa335e,1319200000
163228979751798ded8c3fcb,531200000
3578144f12e13e98e8cb2480,466900000
7136cad475a0480044707984,718500000
93f5694b4854068f42ffe55b,536300000
51608bf64739db05c47a3bc8,700200000
6a01b6d09d516d67f4a2fb43,398200000
5f26f33bd89fa7563ac6873f,381400000
aba54b001154ad881dfeea6c,3.52e+08
b2eb63e5da917ce649a72142,487800000
1427aec89ee9564b95e93cd4,577100000
a0087db5e9e2cdd6073021a7,475500000
4396f94f7f3c403c43d3ede9,609800000
aa703cc78a1ce659901e711b,546400000
0dd1bb83f0f18af30da139f4,580900000
37efd3e2a5b6567957c62081,485200000
ea47ad6335e74dea06228b16,423100000
8a975117ab302b77ac057823,491500000
ca5949c4bcf0b63e5d1be784,465800000
e9f3f41366d5d784c2928937,531100000
7a9c505db21b777203d34bf6,473400000
238cf9f99c4b01777a97f82d,494700000
385fcde12021f4bbae6ac2fa,416400000
d9eaec557a7a6674565db1ac,873300000
30b0c440c0bc8c6005855ff8,707800000
09feba43c0b8f3560fe09be8,904800000
2547bcc87b618d3d7e22dc21,608300000
1240a616080d6ba5459335a5,945900000
7cbc8fca4f84908ed4e7192a,651400000
151a16e94d538a7a6d658ee0,735200000
a8ecaa9120c6da21229cf145,597100000
3ca34fa833e6ba10cb4b1944,618200000
dca2e851b82c512f01611ade,793400000
3747996611a842c452865a9c,6.76e+08
3528df61a44a9895248336c9,593900000
398a67970cee5dc873d71bbc,924300000
1ba2c2eedb352ef9bb59c638,701900000
f6f4a467f40bace72ecff598,809400000
b2af9047dbf58867ed0c42af,897100000
012b8d616667a6dcece0dfaf,833400000
0b117f10e699f10f97a7e7c6,1056200000
8d5192b6208902ddf4804839,1009400000
b86cad78da7bf06b5ac39f99,934300000
4cc8c95dee29e43463a8dfd9,701500000
76846ed8b7ab36821b848f2f,672800000
5428bf7f37a94ce9fb2dd435,681900000
b22c39c3df7d8e32cec2ba43,421100000
44f5380847c175a42becfcdb,1240800000
fae53fba5d405b2e6a3abf01,3.65e+08
3b52bd5eee5ef8e3871dcb3d,1025200000
21eef7da02b0f2a2fd987135,608500000
1dd6b0ade195edae38a4a20a,679800000
f359afc7bb50cf6a61ac63d6,371600000
b0de107a8cfad95f09876eb2,940500000
2e8c76f4ed59cd3924f7136d,9.64e+08
06a2efde5244f7d653ddfb8e,693500000
f72e2f6cfbd32d97bbff3ac5,486700000
9705748d2bb061678a80826c,1037200000
9620068cef0622c404e15960,5.15e+08
cf2e8824527989d3cd29c058,419300000
6e606a7c8bc632ba0ba37184,470300000
63fa384ea296390350f23d7f,703500000
4d3f5e7ecf4d361d7eb55f5e,471900000
e31a209077a3e47712588730,479300000
5f18524e839c2987594a11a9,687200000
def06f49a0b8230ab613db94,652900000
faa72370e4c7718964930805,652900000
983503bb75d84c410d1c5d3e,957900000
30f381306494ebaa760b990c,446400000
5e72dbafa642e4f416e6f01a,465900000
3d5ece38670c1c96df4cfff8,446400000
1bd6861d451d128c8bdb72e4,668900000
072a6f084d31a5a4be4060dc,700300000
4d8deb43d663fb079262708f,692200000
f00b8eac1812a500d7a732ff,924300000
77a62d5e2c89da24f66a2118,693900000
961886897eda4b0ce54d1d82,772700000
6f6c83ff891e43b7c84728e0,919100000
ca8c85e8100f64416146368e,1039300000
24297f4a3e14c24c941e7720,969500000
98d7f0935f021acf313630a5,867100000
a362533eea6c235049bf3359,893600000
2ddda0ae748b38a6258f660c,1091300000
b18107a422b9eb6da9fb692f,801600000
11cd643195dbe5dd4567b62a,978100000
c9ee7f0666429c0c15c37499,414900000
c386d1ac4fa8dcec4cbf9788,5.78e+08
21e0bc9789139640ea33ed09,1068800000
cacb91ac1b835d62422b8a8e,821900000
bc41e69def6bc7490800c4a4,437300000
7a13669d2d7ed2e50b80b4d8,411600000
08dbbd8d672fd09463c061a5,4.21e+08
cb93b0d5e9a26628b0462b14,528200000
d6a43f209f810455fa41dfd6,1047700000
ed5dfe95f82f4c087af07045,563100000
02060d2f56e979a61427f806,599200000
88ffa9f0bc3f6c9f2e589a75,691700000
b48093abeaa178d1f7fbd83b,718600000
b42734770dacb7e580a6d742,692100000
d3aa845e96d22f31a3656aa1,380700000
becc3ae7a71d597bcb16d261,9.33e+08
8dcfc24742ba669335a2d65f,1028700000
45e2411d38589a2d85774c5f,797200000
9761b0f43949eb5307472ba2,1162700000
e07035cb49625760c7da85d1,396300000
f88bb9c5a471504c13d3616c,425600000
4bb5265c6e63449e5fbaa270,1264700000
ac73b8700744cb7835f328cd,454500000
a632ececd6a023aae8a7b730,504700000
858288683063dea9d5c57420,467600000
d04f549fdf8f34bab19a171c,379300000
6ed5fa8f114431d158d35f43,4.51e+08
f849dfccaa8163d24ed935e2,1279900000
bfde6e7200fc27e6e6f1497e,1118200000
59c11d3de7153d2605cc2273,912500000
33ddf4e1ed8c864e9db16887,668700000
00f5ba660a4fcf6ddb96220a,674900000
a13004b87c6d7e7bf6b75730,771700000
eebc02ff14b6d270746ca055,762800000
65ba6e178f3565a84c6ff973,1192400000
a57f40f00f80abc7450aaf9b,612200000
df37b916acdce817865197ae,791100000
b5c074ee2e2538aeca099fc4,935500000
004c9da9ef1b3b5e309e475a,585200000
c5b47ac5c4b7476d50bd56ec,609900000
778ec765417db9ee48d697de,703100000
b287339babba162e290d0fb0,504400000
4d35e00e86a9d508d82ea90a,428600000
0dc2a023fb6c5e0b92d86ae2,440500000
5787d7c671378e596edfb58c,869700000
8595b5517cb3f1ff8094d67c,6.46e+08
f4d53276bdb5899c6f059c67,1061100000
9562ef63320854bc6f94b5a4,445800000
c04e72fb6244d9a9b28322b8,810600000
3d141576443a97b0202c9672,862400000
7caa4bad394586a46dfad854,605800000
8420bb74fadc0c8853cda025,428100000
b274adb68a37458cc5181fe2,610700000
8561bc940a91f029147430f1,884700000
258a968e403e747af5693a3a,1105400000
0de34892fee879f449facb19,4.12e+08
9634cfebe7e6b095f0065ee7,586300000
1f3544c9f47bc00fcdf59d74,408500000
e3077f6e47d130106e7165c9,744200000
f0ce47907c3c30b6b5e990b1,773100000
1432cf7de2beb14fc7603ae7,836700000
60f0df18cb4324ce5f4bf650,716700000
7c1dc421f5a689aea5babe4c,744500000
020dfae44183c65b708727c7,465900000
92a9c07259efc617e7d58f9c,529600000
18531c57f6dca78763d360bf,567100000
dacd62440872b6e94ea56fab,4.11e+08
b607bd072e8293d6594f3829,712600000
eb86c1da60250e5559fc3cfe,709600000
fae649fc7256b9a3ec036583,720100000
b7fa81aa571906a93e9b6cba,978700000
0823be832fff81b3f1291859,404200000
fca3a0fe5db369235960d285,448600000
496fd5c93b2a578d970ed55f,431600000
9c63c6c27c74c03f071385e2,563400000
6ebe90f7140b738b3696f086,427800000
7110d6374f3fc282e4f4bdb0,475100000
d33994c75d98941acffeeb90,909100000
b8e8d84450f5e0bc8a721c94,852500000
cba57e3b393b3e392c7431fb,779500000
fc2ceba651bc629e7f690849,734300000
857761b5fc5c7d101cb765b6,595300000
55f67dd7302b68477e803399,742800000
19f538269846412f3e150a4a,774100000
75e0fa8e5c83c49d3a0dea48,997200000
fcdbfb9e15352cf210cce7cd,881300000
c2b91ce4b1bc8c576a0ce1c8,886400000
73eaff92528288fdbcd61e2a,788200000
f6544a1c169aafe6c8142907,1158200000
cba9aead5bad82b31da51e6e,985500000
b239bdcbfae846bf74791728,612400000
3b823e81c5378ee3c977e863,4.01e+08
1b4db5fcd1f92d3aadd5c28f,516500000
b50a6b85399ea2c6b5c33405,502400000
1e6176a558f301d81bb050f8,882300000
8bcc1b035ea93a5192256b37,656600000
71a3f0980cdfea0ebb869935,478400000
8cd0345dfac13ab380240b0d,4.01e+08
e66b2c71519ef8756db69b97,496700000
c843044c1fb30819300448d9,3.73e+08
4ae10e7fec364242c88e511b,540200000
c9e92b994e48df83dcf9976b,1257100000
27f41f09ccf8d182c79cd48a,987800000
d8a7c0b01bb545c414e12a23,1241600000
f3e2fddf1dbb400788a5517d,575900000
89a066b7d6a31dd066fa0d32,765200000
c245bfa6587eeb55227c8a4d,420900000
500d7c5346ca11ba934e7ca5,674200000
536fa59adc007df763949045,957200000
223813dc0188fc229b63e8f3,1028800000
7c972ecb7b90537b1da0deba,402300000
98d8411005ac05d77cb12516,845600000
d12c08cf48be75014a149873,780100000
955544a0bc2eff312e965c2e,936400000
20488db7a62f765ac8da0a2c,746200000
3f370094239ab6fc817e9ec0,1321400000
ff54bb34225682d25c551178,780100000
d0c7294b2184d0b4d0e2fa07,1321400000
104e960974eee31e7e0eac6b,888900000
0d477acd9c95e9ec63839a53,5.71e+08
6d255e0026d70dd44229a2f7,831100000
926cdc0242544bbc850520ff,404700000
e75a05dc0018f29517948ea1,436700000
dc40c56571cbee9c2b7770f0,601300000
2f76a2b53e091df35a125b13,495300000
a4a49182c79c72854732594a,551100000
50287f73d47b4cc4c2e1840f,774200000
5efca36c25884a2822bb7a81,479800000
4347bf26ecd61ebc7a16b4a3,661500000
7c979648ab3729b2c0cd2106,612500000
f40acdcf5cb9925c09c9df7a,669100000
6ff3eaf8b5a2f16efddde1cc,482600000
d35596846155e74d1a637d7c,583600000
a389a1ca097a820fd9af9d15,816200000
ef450748c440c4958e5db54d,577600000
02779b92b2f9bafde0c75c11,754200000
77e5e0b64140fa00b0227a3b,467100000
eb55b0778607da932c3b311f,577600000
9fa391febd5d0a8e4c6ecb8f,367400000
6270356f1cc3dff186d0ff4e,708800000
ea7d5c601c3f8c86ca8f15e1,4.51e+08
072efeafd082025bbc5a25e5,453100000
d8bb6151d30573c7595ee7c0,478400000
f26c43f2304c8c694c818a9b,641900000
14ea4a7c57d830eba13638b1,707900000
c1ac42dad98d2f23dcbf140d,827600000
aa6af44635b5d51da4b02059,661500000
291a4ea1a695347e1901bd4b,870600000
024d2e34a561efaf4811c17a,824400000
e5a40a555d11d4429b9675c3,848300000
3a10398b72905bd710ffe9e1,734700000
340d1313fc2dc8e5b6918262,924300000
699bf5460c63a4d0e4542ade,843400000
e98bb3a89bcec8650e33e730,536800000
5de86bddd492f76596b17a0d,565400000
95dae083200a9e43a5aaf210,1356500000
23fe512fcb21a0b84781a318,428500000
a9dd62f527cb0dbfa51aeb7f,689700000
8964dbb5b0cbfe509613a63f,5.76e+08
f75009356c700f7da7106cc7,588100000
6f502f363fb55811478e3b88,460100000
a48f29071cf207b27ddb03da,429100000
b46bbf66cc82a4345c5da177,938400000
a460aea3370926825b0dbc13,756700000
7a21a8d99a85171334695004,656900000
279f6f594d3f8ca8e8a5e2d5,1195700000
bc3c509022e3f6104cba5203,1003200000
654d2a3a0e02065560ba2484,428200000
02a2ebb6eca5772e3526d78b,683600000
d4646b7f4dbebf9785963cfc,459900000
68fabddb27fc928b57efcfea,530100000
53688de79b052b3185fa9435,513700000
bb962a9e3861b06ae1daf833,660800000
d80c5f0b8ba55e7cf105d282,584700000
ed88c773fa9ae8bb29645fbf,810800000
0c3af9e0e9c80a68acebd041,845300000
0faec12daf0493a512b2fa0c,1358300000
1807debb0a0b590b9ba4ebcc,759800000
20a2a0dfc963fb8a355e704b,916100000
a2c033f497e62ea10ff8ba3d,1066400000
985e40843a30150e6892e4f9,8.02e+08
2ba0807f8cbdac389424ae04,836600000
9a565e7220cbc3d5d340e8d7,758400000
33598222854631e92fb72baa,836500000
03fb5bfbc1895115a04e8116,531400000
5045ba9a65b4bce4fd305f82,809100000
277f6440854cb0c98728e685,1039800000
12c7037cfa63de49e984a789,447400000
ed9976e922a774cafb601f5e,447700000
ccc70d1d8e4411331730bd7d,483900000
30d38a7bab2eaaef1ff6be0d,846700000
31a6c440ca9eb29acc0f1086,6.57e+08
7a82ce4b2dcd2b43485f5047,908600000
a74be48ad396ae4aa33ffed6,1.083e+09
4ea46b833575642ecb2ed1cf,338800000
b780a0ec18c61b0760df9433,542500000
b83a5c303a2b079585b9b94f,4.61e+08
a3c45875c0834b144f834798,3.97e+08
c3ae3f44bbae215f7f2fad9b,481600000
5d54a0a596d49d9f85f1b5e8,591900000
355d1fb69bcb4e8e8ed9ba1a,734700000
cd791a46ed616911ae7d4fbd,924300000
d2d2f335839ed35571b19bb1,846100000
0823b0dc92805ab05d3f8650,1372900000
f92f4d135119fa88994929ec,1116600000
401f0de98764e9fdd4055406,419300000
68a7d01e50462f7506f8c8d7,378200000
e4434407771070783b97c014,624300000
7e1153d411af129357ae5c10,363500000
f409c701e200046f574f4e06,445600000
30a8b9c197bc42f088d0b873,596400000
d5abd56b5a8ab8c2f61a07f3,526800000
805a27aeafb3ca91cac56d14,713700000
1ee04111d277e8758f740139,498400000
b9de7d7b9a8ef7c64e5f6bdf,7.55e+08
5a12a15af3c0585d81ba8f5a,427500000
abb63383766a9853c1091c5a,790100000
1f95c205d5094c674f6e45a5,957300000
4911a6285f548dd30c8061e3,6.95e+08
0b9730cff49bcaeb4d703c06,9.04e+08
f033750cb9db15e886b156ce,1073800000
fc7e93bffb7fbbdebebfaa2c,1132900000
4f500afb7f7bb42189820a18,980600000
3921d7b508fa1591d40802d4,481900000
caddb9dce27a7e8012478da5,518800000
4eeafa126ac5f301cf60f9ff,477200000
59afb00a84b4f2a9ffbf71c6,755900000
7baa3608aad1fbf357d789a6,8.44e+08
a5b8869e9cd3d0cc32a0b298,864500000
d084dce4ab9c4008ffa3bbc4,887900000
e3ff13537ffb7172336ab5c0,1132900000
1bc2ae31ed1970ba52b1ff60,1231700000
eac7136b26bccb3c5d2b6202,605400000
073fccba71b28afd815be434,515800000
9b1c23d616e9407fff6553d6,487100000
4122eca7b73c1347a7814a70,703500000
cece8267e60c2461d6c409a2,1.017e+09
ba4e89128058d5564987dfc5,487100000
69843aedb25a928097a22a89,401500000
a45863121bdec787e119b14c,3.62e+08
02e8811bff38125bcf8e1a6d,398200000
d709a76487a49bf257489c0b,343100000
46c42803286c800351fe633b,487200000
2ae3ae7f794d558ec119287d,522700000
76991a35e9c1b69e1616659d,583800000
3de5d35f742cb4eb68d5f314,698300000
a53c748935206f61751dec1f,446500000
ddaf8a1e5e6922cc3dee5caa,384800000
841fed959f036a03697868e8,475700000
ebe1b5c9471f3441a388f7ac,610800000
f0f9bedbcb57383511805d17,634100000
f9402b785deedebd3ddbce6e,567400000
d1f92e6b18faf07ab70ca1ae,889300000
6e794276348acc39751eaf47,804400000
4b04e0296820d04421db5219,597700000
ea0ca17e989ec57a480aa464,958200000
cc6fcb8ea6556f676c13a76e,7.77e+08
2778de5e56ad7ece898249e9,841900000
9f0bdae4f8609ec93588de3c,865900000
90dcc3f9428a4e7cc396a15b,673100000
2d7bf0032580e6b6dd1ce36b,734700000
c45d86d17d1d0519b455b7d4,846500000
4c7e7cfb286d82aa96356fb5,902100000
edc204c3e18368e0a9eab593,1141900000
e789e801fb5d4501b5d64e2d,1056200000
3997c10ceccd2f8c8e43cda0,1096600000
580d8eee8dc4b7d43cb193c7,1054800000
c823e3fcfbf0c43bf2d82586,1025900000
30677852542c78698083d4f3,755700000
8fc78c514a2f1cdbc5ae6e1b,1094400000
73c618d704a2e1ac2bc41954,969100000
4ba85374c1d1f1d3f4632ca1,3.4e+08
9a471715e4c4865b822a6b77,415700000
4e9f1e21c855f1166428fbdd,525500000
f11137d27a5d7fa57f94e97f,494600000
5fe5f3c5919c0ebd57ec8e36,641100000
e40742774df7d2b614f32de6,374500000
24b28522c72f7fc359f2a718,996600000
26ff1e1f4a6f6bda702fdabe,584300000
9e617d1fd8a4f33d7b66098a,1142200000
3b4e889562e4078f8f369172,401700000
3a50d40f15b1cf5bfb338092,475800000
cb2188cb8e534973ea3411a5,418700000
fa57f96bc6affd285d10c4f9,362900000
c0ea6c76eb977d83c163fd7a,398200000
367cd12d7f4aa93124047eb9,481500000
54952b5f463c64c605576601,441200000
57eaaaf24cf82d885f0f1dff,474100000
f2ba4a7a0765c3ce737b5c81,476600000
5282c3c48495dc31359e70c6,407200000
552b01d72edb192663998c4b,8.05e+08
5f3a1ab21669ad9234d4dc63,788700000
68f431548c330f84c46174f6,651400000
048051ce9bf8f6a48e9451fd,748300000
fa4028ad48fb2082d167989d,6.65e+08
5b1902dd7768f5144ae7704c,608500000
be0a8f4be774eeaa42fe460d,691400000
16263617308958055850aef9,976900000
729f5fab1578f8cae4fca8f9,974500000
bddb9388922dd56737d8847b,955700000
9847a4ab995b7b1c30196704,1092600000
d19937a773269962c7f9e8a3,1123700000
b3c8714dcaf5322475ce2c60,1044600000
875126e5776dabde40e29b09,7.57e+08
3a36f59d7c0e6c4eb85ca0cd,978400000
630f00e15cbd7826475d1509,1236200000
434782c3d1dc2b9ce7bcbbd9,827200000
a470bd174fc7587dc1449c89,1195700000
99c6f87ac92cc323c8caa005,852600000
ac9ae945fe25a46184057606,1294700000
15d910dd93e0aec22ccc2083,1125100000
6e1a9c8457d3ac6a57598052,714200000
14e179618d1a44c5c55e23e6,408700000
2b8b979cf1952fcedc63ca9e,374500000
7cfc3061c0b2f3bd48375ab9,733200000
7200e3ba2013876cdbbde972,485800000
9ddc1924043ee8361201b39d,892900000
f22d6cc8c9611a7c23fa8969,684600000
b7c0a0a4f5c5b986a70ff249,560300000
adf176b63ea23e08d252b5ea,552300000
77069fb9fac6b61aa6a89ae3,906600000
7f0f27f6d30c743acb3e867f,804700000
7e299fd8c2d53ff1cf95aee3,591600000
f309733881a4f89d9c8a8958,788400000
0f937643c067371018c8deee,1040400000
8e35609c1265ddf59e1c015c,841500000
c1ba606f32ce0337cbccc2b1,883500000
15f02dd18da12f4d7b0ac2ab,521800000
bcbe8ed608f233d5ed7362c1,980900000
14611fccccfa2a6499b2acef,422500000
b10b428245022d55db248b72,402700000
13e6c5cde1004803fed93cfc,516200000
ba31c38eada33f680d44627a,541500000
3786daeec4a4fb40ef07d8e5,685700000
7736ac030d8b587f44f7898b,470800000
98f89d21e5dbe53f8704e745,944500000
981fcb79db3881259eb303bb,370600000
08bb88dabf0070f72a801a4b,1018100000
32d56542ab5486bdaf4466fc,925200000
c0f911fe7ee2113ec59cb5f8,6.37e+08
3adadd50e603746e5e4fc082,777600000
d117e9672b3ea0435e7a894d,370600000
020473766363019ee40d6685,704700000
b04d16faf40ee02eda59a9af,357800000
bd6f3819a1c0e551598fb9c7,556700000
5520cf373444931ed8630635,529300000
40355fef059659469e16e3ec,399500000
deb844a2812586991b3022f4,7.27e+08
ac0b895f523b53b4abd013dd,691700000
ac208e250f5ae3e5e1008351,480100000
0064cd1c55914cc8370a096f,4.6e+08
165fab7a9f8dd404cf4e9d9a,395300000
df3eca0f59974a812b4ea9b4,1012300000
1b7c062b606d0560e850a2e6,3.78e+08
87ddb3a17b601cf7c61e8c07,518900000
837cb6389640f3919bc73e9b,707800000
77bab76414ecb20888cef7a1,1026200000
a9268ef5b7133cf6ed1a376a,805500000
cf7cbedea50333cd2dfb0e30,707900000
b0cfed2d25a5d78c96d39d20,949700000
ec0c283eeb8db461c20af1d6,567800000
27c3b7ba2991e7bc0c9fc322,485800000
0332c7ec0d3e547ec6d61664,7.07e+08
e58b92216ee6438a921ee0d4,739300000
f7959842378c94c9f620f561,511900000
cd0236af88ded6bc15b49eb2,470800000
d40e0c2222c0debe89735e88,511900000
2bc9bbe0f0216ed9d865a85a,475300000
e9bbc31499ca187c6a492175,6.49e+08
f2409d037bc8b3e63ca69fd7,840800000
5ad71b7cfd356a75021174ab,458100000
67dec8c47ad4de9605d56db7,459300000
c6d679cc07ce4373197748a8,9.19e+08
a36ff3637b7d2b1c52999ea8,851400000
3a384d68b7ddab45e01b6e99,663300000
42d34ca2252acaf6e777d23b,1448900000
c4b2a42a8908cc35e649fb16,832700000
18c38418824075acaad8f960,494500000
85bb6775065df76bda33f738,592600000
14cee0bdd9dd5537b96d0786,726200000
ab332133aca64315672a7192,899500000
d53b60b0f2c65918153ca2e5,380500000
ed1f81648083d4d2726710ac,440700000
b6692a933facd74b4b11569e,367400000
90e00fc58569167c00fae7d0,401500000
8a514fffdec277cd46c7cc71,4.91e+08
7f0b4b5851c77d78805320c5,388900000
fed1a608e3c0f2b79cd02ebb,4.02e+08
075a5474294e25da55373a09,368700000
8826b9e008064cea38855d35,388900000
660eb3b40b2bcd07df8f5c3f,442300000
d55cdfba22aae78b6fab5491,350200000
ea6e83dbade169818975e5b3,559600000
dcac44d3f8024c6ea1632432,440700000
2772adb268cffadfb2917c2f,432200000
3192bb7190b9130c4e67be4e,707300000
9d892f73b02f001c2f715607,5.02e+08
c27d72aa1fc5d37f4cc105eb,566900000
6c0ac32bc8a66844197c5fb4,538100000
52338f4f7c8af6c649106a96,495300000
356815b8ffc300fe03073b7a,656200000
22c780d56cb97fc34f29e9cb,420200000
806907598158861a6958388c,537200000
449cddc4dc3ef1e93b7f7c26,460700000
b225270821758e45cdead76d,560500000
e07bc486c6f5541e4788f83b,631200000
970c0d4928a9292748c0fd00,632100000
f73f720abdfe4b5adfa2bcda,530100000
48d3b0ef6e5f999bb90fbfc1,563800000
b3ec2f8af6e9adce047536b8,946700000
0e1c66f843e06f14d7264864,855700000
91c4f018fc7939d150593935,9.69e+08
102434eee07ed18268857a9d,963800000
a4c70eae507d630c2f285eb5,821600000
45abee1de734dc32936d0b1d,808900000
82bdf442e186baa829e06da1,5.72e+08
019cd320e02a64ba3ba9a37d,736100000
ba1b3c8ac8afafef56233c84,704800000
3c3a0f57e030472879f454d8,563900000
d520e90e7d0c44a6b8852e5b,642900000
38328747d2e1e0e568c05523,534100000
659e9ad0f593b644071cd850,594900000
3e6645f2cd377ba17ae2e46e,406500000
307eb683db84db535106c445,693800000
26c8961848e3a77d98049638,793600000
52373e15e9dc1ad371a0c090,531900000
e5b2a446c12222efc187e02e,820400000
156f706d1d30de19f7e369ea,499300000
aa94d2ad36bc0e91bf561be5,1139400000
8ab41842b8e41b89d8670ecb,408900000
b19ab02a8e22f3e88a26031b,661500000
a6b1ca7a4e91c4c0f4366984,758800000
a277d5e8216fdc3d7c93eb2b,639900000
f939b7271c4d399a5e647f8f,840100000
941392f9a135909273422dec,700300000
e07d8e9e38e309958288a516,933100000
258f10f742fcc835d53063cf,704300000
fb672b4cb1b66f2022f36a40,994700000
ce9dbb6d009cbdbe654edcfc,985400000
22e524f1fab17d5b8616d741,1111900000
7f0d874df9235245f47b04c3,651400000
27a8a052b815998c771a1f55,1111900000
b80593fba07e21f8bdbc352e,1491700000
d18d990404e7fd07424f5a77,581200000
033599f7e7ecd8d9c8cfba46,700500000
51cf2fa527c3db62914169b7,535800000
2b2fa2ed0055a19859e78446,891800000
a8e1adbf076dd737c079129c,871600000
adf948af7b24f9b6f29610cd,374200000
23473bcde48f634641769e22,375500000
c90486bba327ede32dec60a6,553700000
d254d88ea0989a609b71fb72,403200000
2373c595d24a7b862b518ec5,629200000
ec401de1c0ab2dbc149da048,649400000
17c0a8fd3a2c8b5b18d61e4b,505400000
1a1016e7a96da2237b391be5,599600000
c5b40b510bf7f121c93a2332,9.07e+08
aca37e216a27b4dd5337df99,769700000
96f59167d17d1c99f31be997,6.11e+08
062b36cb4a87cec372f9f91d,856100000
0466a7e06b152c1860d44334,853500000
f44726680d0c594a2d430bbb,6.24e+08
8aac8946e7ae5725971c5557,593900000
e1aa6c46135f4d1aa1b7a1f4,575700000
fdbe5801070756d1744211cc,6.78e+08
6ec4c88b8d3a16148e2e7348,766600000
57c87ce038e4e523b4ec189b,892200000
9bd500fb24eebd53d8262b62,766600000
85a86e01443aba593f95dae4,705500000
13e2ec0a12c8a48a753b85ef,374300000
b93dc01af5f49e6dcfb7a547,403800000
71a42155184509caba01a1dc,448400000
25fb1c0c4aace859265de172,808900000
6f63e4f866bda86d5c993c8d,477900000
72bc42a5c73e7b1f9d54c835,787100000
c06f36b42021a1512cb6e3bb,367200000
f1a7fa5dc1996591ff97a34e,5.97e+08
6128a8deb1f0bfbbf0d67769,586700000
b5254c6c29b4f6984d328216,388500000
6cb19c3e491a60bb2c166669,478400000
dda4ee9f3811c29e2b261a5c,642900000
7a564ce9a4ed3d2b8fbb1103,808900000
63b982fab95cd17211a4a58d,684800000
5272c50f1d8fded01f7fb0e0,569500000
02b47e60ab77588aff6cb433,509800000
ddcc7f7a087aa5f4797a8a5d,427800000
77a887ca508d924ad5203194,757800000
b57ab7afef2b8aee016ce6a0,716300000
640a801d503d85835eb65a42,824400000
767ff947b16b2271f516c28d,6.33e+08
1dbb46a250f504e9c8673bed,779500000
fd6e9c9ed7679485dfd0b022,6.76e+08
7dc4f9de14c2924b229ca0a3,535700000
3064379f468404110d594c87,648800000
6005ebd6442c62f8becdd2f5,723800000
b62e960eebdf95c2eaaaf9f3,858400000
7b0258f1aaee97661c34de64,5.92e+08
91e2f9f7d4ed776d38a3274f,698500000
d505277049a254f960e114ef,760600000
32040dd7b8edfbe331773288,659600000
70e427235490d7d9c9239676,743400000
1a2aa38b8e18fd7ed5be77ff,949700000
4883f7ce7086ba9c8ddd4315,532400000
4116cde03803e63a3e87e847,845700000
d6de5d741702387dc3f4481f,829900000
2346533f4712f3bbd036d85b,909100000
f6a12c0f02fcff1be042ed0e,734300000
eba3cb8156e0115bd7dfb525,865400000
ff27ae490bf03513b6bb386f,1.081e+09
e87779bf2f8af86fc4ae9583,3.47e+08
4a809b3987cff0290c1df8fc,362800000
8f4241a17d1211687bf232c4,590800000
bd8c1ff6f9919ec6f1dccda9,508700000
081e008e772c6a79b809a87b,579400000
0eff08cf4bc42dd442a70231,689700000
b4e084d14962cc58d4089955,760300000
d02c3b5ac6fa0ed6db06e490,895300000
e8abf103cbe9fecbdd758516,760300000
05308c4f3d0e0887e4a68a92,844200000
256a6ba3ff423a899229f154,582700000
097314d920292b46eab5dbc1,496100000
4ce0fcf14266d144c82f8d4b,4.99e+08
548791b5faf236b1c03b7523,555300000
40ef1682158d0c3cd07f484b,1226700000
7b473504c85e9cb576f951e2,595900000
730c7382d76a07904f559b28,482700000
e05598d3c49f409b937ff2a1,550600000
844dc89fe6588acccf0c7536,453200000
ad1492590bf61d2cc83b493c,897100000
88fce3ad9b8a965dc11336cf,395600000
b76d853ea415967415ace0d7,758700000
c12c81b3eb12bb329466e88a,1077500000
4e27458d179a469435d02ff4,521600000
8d15b4bb1447eba7a680ef47,497900000
482c7150c7555cb35558398c,725400000
e5d6be06fd53d317c8e5c7c0,562800000
f798e7105aa8aa66750a2c85,6.95e+08
eb24e0a0ebfbe16eba466280,915100000
618dede0dbd48df4fe610af1,726900000
6fd936b82bcfd3cd2451bdfa,558500000
adbb5c4ba7be2903799a51b2,1.094e+09
3a99197868ce338c738a3b20,608300000
d4c45f35f214fc226ec85b36,722100000
c3140ab2134de662162af508,378400000
0fe23ccd8e42605f4d9f78a7,319100000
8816e8101ddc4e704053e23c,522700000
64ecb100d7882ddec6bafbcb,585500000
9151a8c65e1f01ce591c595d,610900000
c8a40314be3014c2a218f5bd,619900000
29bd4cbe11f44759e07487fd,592700000
72ddab9ba5f24941e4dbed6b,851500000
1f18df9ee1b19359816ed13c,577800000
fb82175fad61a81e9b665fd3,872300000
dee2e190c4e2539124ac3ee1,678800000
0cc2f3a49dd703e7554ba638,724700000
ece0394e38b152e6c1571324,852600000
e14328c988a27176e9fc63af,864600000
a91664b9f15f9d6f262e7b2e,954200000
d54270fd6b09b38a978cd7b9,879600000
40c74dec061500aaa78f78b7,564500000
cbf6faf7b47b43b2a77b3654,915100000
52fa1eb3cc7cc2f77ff98764,590400000
bae512bdd3b04405c519bf4a,692300000
e7fbff0a25cde72a38e7c7bb,841600000
d3f297fadece964afe5f1cc4,690600000
2679ba671751ff16e76f1807,631600000
8059e45ca26bfefbb18d8e40,684700000
9e7ee8e17b1e76965e96ef95,895400000
9039bc918a76e486041842d0,560500000
1d7912750a5e345f7edcdcbf,605500000
4fe0482ad622080f55a0460f,615300000
953fd7541735fa8d9a342642,848200000
0b3021c156324d1e7974ce3b,1200800000
b0a8e4b4ef6678e6b43865e2,735100000
bb47fda808b52f30364a4d6f,609800000
d846dbe691d0ee3ac5c3bec6,1.199e+09
21932b5a5fa65d237ddb6293,609800000
07481a101afc1d5db45245df,790200000
d99c00c516cf57b6fd9e877b,380800000
6dbb494acdc64c03742fa730,1035600000
35f69c7a9870ac62735d7639,480500000
2721f5495ef5dde16fd29cf4,994400000
0c068dbfdafa3429c71189af,473700000
f3293c4064d71f9322ca97b2,888800000
5eb268b95d7b6006b064f9af,703600000
e13a1c06ccbf814945dbc768,658800000
935a1e8c7e62ca9d3bff398e,654600000
f0c7ecd3b2261873d3664748,769200000
d2f20425e236285124eaebad,548300000
05926b977b5df59857194ec1,481700000
f548ef815603ec44f4629a60,932700000
6cd147720319f60ed2599361,798200000
6302477fe8172d08f3b4815f,442700000
b0af9b1e84a1886489d46b91,443800000
5f3a2a31f6d1838e0a9531fd,619800000
96786aff35713dc21f6bfe5f,771500000
68de232e27aa83405b4a19b9,1417300000
8d252e9b0912f09703110b81,467300000
f4e646df504728ee1e6ad0d8,468500000
e89cf4cc82c5283f3db6f5f6,449700000
1bc2c099466f9a989266be0d,412400000
bef2008b362c4af1fc3be566,453200000
7988f76ba063d25a4f467730,693200000
391a98a344e894c6397d62f3,429900000
5ab0b8b0d6d93c4654b5cc14,694800000
305d6abea2f3e496e3b6fcf4,627900000
f512fde4fa3f1f7fe885de83,814400000
c7b6e7a287602275f7854ef0,658200000
3d11a16b008c26fe43deca03,836600000
ac7f21d22d013874c362d440,1221400000
c933750eeb53302db0245782,6.66e+08
766a8ff17723a5c34324576b,6.37e+08
802fe3175a2059f12d7edb99,657600000
508bfd077c80b6cdfc5a10e1,5.93e+08
ddf8733adb641e15837bd728,497800000
17914fbe0c3634dae8ce9d71,653900000
09e4397bf9794fe24d87d07c,896500000
302918a3460b98acb64fafdd,470500000
a7e57a8be8fc8d8a844cf9f0,535900000
7b50b071f4d795c9b5ad7531,724100000
91a7bcd95c0c960e4cc22d91,475300000
5d4a23137173c0e2288ec418,522600000
751ba0c00d4fae1078c02fb9,502800000
e6bc998ad1d87c5be3559ab1,517700000
53aa9cd32e2a6aa346d3d789,517700000
06f22f7a8e4e78f45ae81638,6.13e+08
2105c17a4e2f97183e24aa4b,545100000
ec13a869c212c39b6ba21b57,703600000
0b49dedfb53ec812962e31e7,669100000
69e6fbd4d3816c4cc37b265a,887900000
ad46f8bd482500f3bb935737,819900000
368f7a70a62962bf31ec9583,840300000
07412230b931192771072334,631500000
e63d334d9ae8b672dc7b7d5c,840300000
3e1c2c5b0831edf78f7b7082,631500000
226277c02e8532922a1c769d,1108400000
7902ada9116a1cf7458933cc,789500000
b21f6e217d6733230a8eb7b7,695400000
09ac622c303bce9ad5514442,3.88e+08
ea63bca8e3a77fe88d88fafc,4.01e+08
a3c7c54fa12d5b57dd997210,4.61e+08
cdadb2607807935a0a5597e1,686700000
8d041784b65d33c76e5245a4,776500000
e6807209b634455bad257998,661400000
b1e3f1efb232cb0976506cc2,866300000
dea95d98e8bff87b905f9172,9.52e+08
44b6382d9195ceb3f12d4939,914700000
41f33deb9990562def18c917,770300000
0a61250b2c208d42a3077bde,969100000
c714b30713eb7877ed3cd92a,499200000
bf120b883bfaf7641eda65a9,820600000
90b34ed38e0f18988f11d77c,847900000
feade1f4b3b06fdc12ec213f,734300000
00bff9be2d524083e3b3149d,844200000
f1e38e53ddb8a9d5b641d934,1165700000
49dbaf0bcca86f32f86e641e,736700000
18539b6cb6884f753e0ac18f,1000900000
7586a79a0151387a1c0cd85a,762100000
d533a334c2ad9d510865fe54,702900000
95f7bbdcfb59b4cdb41b0394,561900000
4a2ae08359e1ecd39b43afbc,535600000
e8cf39cada5b7755f60306d1,6.27e+08
0489a476b376f7f6efbc193b,364600000
7b31b5e53015f8116fedb0c6,670600000
4c0892a39011cc6a37fc1145,591200000
92d7d4fa9fd09075bec14a3c,1052300000
5e5ea93675900efebecaa19a,411500000
084de1226de9a6f4a6075c2d,579600000
54f16cb9563346e15b019102,368200000
512a6de80962ab797ed2bf72,756900000
871befe27fa79fc1e1813b19,9.55e+08
4e0b1df5e05ac505c701f519,471800000
37227e66adec69299f853e51,710300000
0a0e3ee960f60d04ffd6bc0a,900200000
82b15a5da307865c7045dd56,871600000
44d596fa36e3992208292ade,438100000
3569024b3ae4865240973e6d,439500000
31d3215c8345d48ce9734c65,424100000
147e7f5381d3c951fc446376,675700000
77deea164a3a622df41249f5,463600000
3cdee5304896e4cb9604ebe3,542800000
f5418917530b72c9fea14f66,6.66e+08
ffcbce226963f10da8c53fd7,653100000
2fffe55a1584619bd7c489f6,6.37e+08
3920eb3f72b96fcb58ef778a,341400000
d10bdbfbd411ae625dc80611,354800000
d61ac80c0d4737c3529f4a2e,639300000
f8948886cb4cb018eca25d19,452700000
da5bf7f1c7b2f4ad670e2382,406600000
f406c9c3c92e9b31310a50ec,822600000
171b560236ce760573a990fb,1056800000
4d852bd93332172bfb081aff,1056800000
2e1f7569d134a931098a2ede,861800000
6d8d2ba62c52445d78f687ed,604700000
65ae1a893abdc2eaa63d9271,1075800000
c9c51c39725d7df94822fb20,563300000
56ddb54e50deaf650a25e82c,495200000
aeb330dede55fb66654901fa,1054800000
4f4e3350c429c6afc0bb0094,848500000
39377d0d271da03ad85c7bd1,474100000
bda2fcbba2b412981e708054,1056200000
eb89d0b7914010148e6bb597,790400000
513d0ddf1ce44ca671675fe1,958200000
14cd5f188cf6d2433240b5cd,481500000
dbbe0b6f5eb07a5f9ec873a2,681900000
f9acdd3fa50068bc0180d008,434100000
4a85c36fb854e922936b57fa,385300000
937876bdc44c3b8fe063a9aa,563300000
001399d3861c5792ccb8b515,1096600000
f28514aa4d6ffa36104411c7,634300000
3b185e3e31f7f5e6a1b3193c,469300000
f4c7cc4a249ae7037aa0b35e,609600000
b74a02ef5cc838952bb9afd4,691700000
75f5aff9fa70208ddd843779,564500000
b7273cac93fb7a0034039600,810500000
b73bcc0cbfa173c9fa404369,834700000
3c4c18326318a7207b589dbd,441300000
29a230f7dde5753e65b661dd,627500000
c083a5c64c4d6952accd7bdc,563300000
1cf29f882ee8b458b8f27091,780700000
94c15574aacdc5c3cf5a406b,553600000
661f7eaf134a5b142843368c,478200000
14a5bf235097782f468fbf23,422700000
d2d46c70dc048c92c8e4f09e,8.21e+08
f6faf74c3f4e02a6b333b7af,603500000
6dfa362ff7a0d55693793db3,672800000
b070e3747bcf22ed67509efc,697500000
7333f19416625d6f4244fe02,698600000
3c86651d9bbfbb335f15b544,484500000
9d8affa93ce4dc7c1a21b3a3,756700000
eb8cc67810d95d1b102410b7,976900000
047f94605add5f6f84fc3f90,710400000
56ba332c82c36f07ba6bd271,922900000
5814a1dd61362ded4f1d8d8d,1249200000
141ac7bbe9637f9e5142135c,1125100000
08db0ce5cd15db2404ff3d28,415300000
c38677ed0876b7996f596336,392700000
daa4d7da8d7df8efc1adc9d1,3.99e+08
f15c6403c6d4e3676a607780,4.63e+08
4d0cf77f8cfcada2265ac585,364500000
4caab3951bd6cb6dc71ac8a0,477800000
7cb64b94877a9361f20027cd,444600000
3f438d6202cfd4527bd8f983,565600000
b7763beef728bc2021ebb841,414100000
4cea8ea969dcc433fcb59d96,714500000
24fadbd1dec637edb728baa3,772800000
63cf422266e7c39a6c895b3e,600600000
dbaa5d47ff63125584bf7ac0,9.41e+08
da12ac932dd8a2fabade4bdd,622500000
f35538e95b4a567f9b834034,901700000
6ee1e976768b68cbc8008950,856600000
a910019b3d18da92b4c6862f,607500000
a09413ca0b723170c26652a3,549900000
2b451da55be3683c33e4de31,777500000
561840990333852ace562b82,641600000
b6695af1ce28eb50d7a2c25d,1073900000
9327563b40f2a0f888c68f28,1038900000
3438e5d77044f21743e56edc,638600000
63cde4fad1be942dc5ee695d,407200000
8e712705b7de6e791c8735de,508300000
85de01c0aa787152c77c6180,381100000
c9b0673becdedeede0209697,4.01e+08
15ee6357e02b76367682d6bd,895300000
5f284a75ec8e9c72abc76695,7.53e+08
37e696957da15625da71146e,598900000
96a478c359fea0014fde607d,760300000
1a61721fb7306d55dd77b6ba,760300000
a7577260fa10bf408f1997d8,698100000
b3f8ffa761119a5441a44ad4,1040300000
a5c85b445f503a56e0e2a924,1022200000
5aac1a1d5da10b76ba4b690c,822600000
1420543e2eb5f38e4d38ba81,1227200000
a530e3ff6d7bc1abe333245d,558500000
aa9988248c7dedb016d8b6ae,1044100000
fe8ab5495cae81b5478026a4,5.92e+08
b463c62e3c21e339e7acb52f,790400000
00a5133e7373eae3f0be8f2e,467600000
38b424cb0e54f0f7f2745781,792800000
c43530f324a3ac90f53a8849,722100000
abf93b2418fcdac14293c9a7,5.97e+08
9b1be976725ddd512cd222a8,608500000
9b7f17ddae12105d47fad7eb,796700000
3caab5e89722761d5ab2498a,422500000
a2f40c8227b466249d6cb659,846300000
e6a5007ffb7c1321d4fc21a8,562600000
0d50b435188b7830a6949026,451200000
d4bee60a74c2e2235f507ec0,510400000
b474103c4b637ca25b5d89e8,664100000
ce6ddb82d2ece3b8d58fcc63,704600000
28403f16831effcb75471738,360400000
03f518e2e5861002772345fd,375200000
011a6d0f12ba108ef15076b4,342700000
93ac0b004ca60ea56cc2bb9f,428900000
1b70fbd3e46da8c47c3eed61,399900000
cb40d6ea6a1eab77a60c1ba3,6.17e+08
87c73db5d50e8ec3a22e6ccc,6.75e+08
9aea45bade274e4ed91ec301,473500000
43c22bfa9a14df7b0126c12e,497700000
6d848e54ee68e6d8f23b3b1a,483700000
e5cd7a2aed48057b0dc8d970,435400000
bc4b94c892fea57ebae3eeb6,419300000
e7bb12e99318573a6e6ce1cf,712700000
4b52ebb0f0a8878def4170c9,7.62e+08
3e85b447edd3b23b5a0d3b79,585700000
15005fe7eb24aa25b9e3cee7,634600000
22e00f8057294350ddf4d42a,917700000
ddf2583bd65f02abf7ce3280,1070300000
704e5657734af93d19a0e5fa,7.31e+08
cc1a11362066152d21d4cc60,839700000
12062de068acd322b610fcf1,604700000
e9804af0513b2f68daf182b3,6.03e+08
f13d8f4b2e3114d71e5ed941,559800000
11bccaef3431fc17953eb81c,700300000
ef2b9c11f884cc5f31c26f60,904500000
25986c851e13c92ede6c6d6b,1237400000
37e28ed39a51956880d211af,788200000
9530217ea0b5d2395adfcc9d,772500000
d8607e3261ef1546eb0c30f0,768100000
22a025ad47ba22ea9fd1a094,769800000
1c88ddc21f3e8e4ca633621d,360400000
e45ba581daff88707ad842a9,473900000
d7e97cc158c6c54b02fe635c,465900000
04bb7cdebb8b66e783058248,596300000
d60cf6dcb7b4b40077536604,909100000
85ceb648cee9f6f3d221254c,673300000
f58528d3ddce3bc6c71bfce9,819400000
c269765ece36cd93058efab9,456700000
919bdfeb16dd0bf67787d53e,427800000
ed8eacb8746dbcc3c2ef3aa9,539700000
15ec532ec6fb73074b9b12c9,492400000
58a724e8a0e05140b07539b6,734300000
2b7a5be93795a65d29970b02,8.75e+08
6dde9af12b6597425160a47a,1103500000
f0ec99c13c61e89310ca9b8a,519500000
65c83da72c07b8e74bf581f5,538100000
3ecdb7a7d178b48361340ea9,602800000
af22669e3ed10470623fd8eb,7.31e+08
748c981380925e1247b9e64e,726300000
78ab6cb1f62a7e781d4c4d0a,448100000
e80ba06329760362c7685ca5,442900000
3cecc0cc43ef46670a8e69bd,442200000
527e4b1b06637b5362c8f17d,447200000
cf9eb2cd0f20b13cc8816bbc,361300000
4b3a6baf8196a59bac8c08c0,477300000
9bb9864a6bcff25b17477717,585900000
4f7d630c921cff500705ee5a,588900000
7b7c0544ece4aa383fd5b4ce,693500000
191094739043620c72aad2a0,782800000
a20435d582c7646db231e7d2,996600000
1555743ec7e2f38904852860,505400000
1c7452cfc46652a60b7a4f05,842700000
97439d5a82f970e7f50d51b9,9.9e+08
7667cd57d0bec809417c9b11,778900000
103f6eaf04b44c4013acf097,6.82e+08
e6ef433629e193042bd30f4d,1039700000
2ee7f959d069c9ca223115cc,1052200000
b46625b69fba1afc154471e0,645600000
5cc0700421954934cd8dc445,688400000
066f1b68f7c053a196662fe0,740200000
645e1c7b799a489887086a1d,769200000
f426c41d6d8bc99f359f480c,414200000
d1be4eae680cb16d0c842606,932700000
57a5f4f83a474ae156f207ee,703600000
53eab0ecc3ff098d55666699,1.123e+09
54022fa49ecd9cf290aefc89,1060900000
545db4962e6294cc5ed07727,608500000
8e17bc9f09099ba3138c232a,1059600000
3b4b303bbeece313f92cb85e,990600000
d0119d7bb15452c473ed28ba,705600000
1a36f98c62f5126c8064314c,8.05e+08
96a77e8e42d676b0da3fa572,584200000
d7d6f668e3e40d957163276f,537100000
5b908b8abd8dd0862440c172,512600000
81716dd4aedf72a6a14392e4,398800000
47d252717c4bcae3e1ff19e4,842400000
4f0b2f7e4d787a108a4d2537,637700000
90a43053efa1d292af692a87,416600000
c3df4b9fdaa4dcb13723b5f1,804100000
4b905620f76873355d317dc1,607900000
ea16314310144a10c81da9c7,4.2e+08
0e5db1a36a521a5d2912b238,535500000
c53c58dd7b26902f67c3becd,478400000
6c17875f20f58b1fb211c18f,806800000
200020552855ed39d1af999a,569600000
b44b862cbd855d46954eca5c,603100000
ce47299ee877638c4729f60a,544200000
3a28bf9841e6a9d3f1bc293a,1161300000
3a488b9e24d9b8fc7c222e20,395700000
5469c33200ffa87952b356d0,474300000
b57174dd86ed451448dc501b,431800000
ebe09efa32acf6d680341840,496100000
33f7d5aa494288cc90d60456,846400000
de9a32ec454c2696cf75eb0d,460900000
df4400c44a166c851ff46eab,697100000
5dcc8f6a6854a864dcd27a87,517700000
bc08ce9f24533cd644ef08b8,399900000
2935cc0e053bf558a8b73054,517700000
f08001f2590d7b734467c58b,505300000
5a9892659590355b91442979,662100000
ea34dfefac91681864c2bfe1,638900000
ee3b5d47d05a80c07751f7a1,840300000
448ad01af4c5cfba3feeab26,840300000
bcf43ae0b4b15ae168abca97,716600000
8ccd326e4f515bf7e817a14a,539600000
94535dcf38c9c6461a73db02,407900000
9b3557302e940d4da341cdab,675400000
edf8c961862a4ff8e1e44f1a,9.19e+08
6e508fb72f189a4fa91bde58,673800000
7d0a4771afb00cf9a38ccb81,1227200000
8c32b6b31d1a1d5736c4df61,994900000
da782fc0c8a79e3e250f0f67,393200000
c86e643b7f7b57b4482020ef,548600000
4632f1e8fc93e268ddeba07b,563500000
2cd372392fda500e6526695b,650300000
a05ef49ad8b2d6c466ac7412,835600000
9f50ed2b7e40847ffd877f4b,403100000
c00083aa30ba7d953361674f,420800000
50857161c59b991304f5c55c,830400000
3676f63aa0ab23ca7cd344b7,432500000
3710ec95af4702c45f165279,634600000
16db516a238934a730ced1e8,486800000
d450dd622183c7cc43a20d70,451900000
ba84fbef80c8a82895ec599d,1365900000
ee85a12b8f764bc15164dc7a,615800000
0038a3b703f4ec779bbcfe6b,1.041e+09
aa643acab634ee591a2a43ce,598700000
d6438814f4ff3853bf6cdb13,924300000
a37522af63bbed2f4d10900e,1227200000
0b715ccd3b3e01444b855857,365700000
fbdb9caee4455e99259cf921,644400000
b3c02569b8fb721934f51c52,452100000
c07e2ef0bed4be12e41c783e,5.49e+08
1b4e4016cb766bfadea42f73,4.47e+08
ecf4e968c925cf8322f8a0bd,413400000
6cc0e6bfd30ed93fca2bb217,4.25e+08
3e7f514983daa92e49a7c87a,436600000
97a22807207cdfb341d5c50c,493800000
3f9e95762d2f2056e9716039,4.19e+08
255c5b92d71a00c3a73b9aa8,385900000
58d24ab99d74ae4c449c90ba,859700000
51d1df6e1f28c40dc9074b74,952800000
16261339c3a99635717fcda8,1121400000
1475cdbbac4aa486266e439f,675700000
2a9974fe07b1e4427e386e06,682500000
cf76689ebaa20c70d9db4d51,958200000
f9379319f992cbadc43b9189,781500000
62313cfe4272d263173e1ea9,849400000
b2c62bb0cf8d210dc4635653,1217300000
5d2fd288d33283826210cb90,772500000
3454ab4ad567d2d22d990fec,831200000
58be66aeab226c35330d57d5,567500000
315ea6fbd6b3261cae7fb900,1117300000
6930d8e260fafaa5c317dc82,392300000
0fa99fd0e8cebb71a3bb0871,328700000
fba946e4ceea37176170835b,369700000
b53d4d8d0bd4a0ae84fbc22e,360100000
8bb1a2ecc997779d1addf12c,379800000
6dd97377cbc262b07ea2eb99,434100000
5c50853824c890a5a7f0cd70,459700000
4c3865a97f5877090e7a9649,619800000
a3cb2a035f98276076f2d848,4.42e+08
40d04ff9c405cccfc82ed5a5,495300000
22caf82aae904c79057fcb3b,488300000
eaf87358d89af17c3e004c21,6.19e+08
9ab5ef2c5650c4bd05248990,4.47e+08
d96e3063ce77ab1235e2ba26,530700000
665d62a8019b27bf5ce6e6b4,506800000
56234f11aae98489ae00a8d3,501700000
76a5158e1a5c1f9fae8ee882,512200000
d974970034de145d469d09c5,523600000
7b5db1e4f4f47b4bf7c827ee,520800000
73ff6ce99ba5dd8cfab0faed,478700000
e1cecc8f17883ba6e2723826,4.48e+08
857870b1412b84f0f19ed751,487800000
d89dff35fa1944191aa9ed98,866100000
86b89233e0176e034ae3cb7b,889300000
dd3d529f3745159d9e7746b2,868300000
af10ec1529a63d0bc10b056d,909300000
a2645174e4e15c49331f576a,682700000
311dcf366691c44243b7b89c,826600000
4cbc74a93e33f7b4812e1a7c,840600000
6e0140e1d667cecd155c6e23,631700000
dba6308e2358f30b7ec33f59,734100000
761ba98d35074faee3594dbc,779500000
b961220d34be930fada80887,825800000
c9c3973bb37b5c688a7c0157,665100000
79a0bffec81b17d606a606f5,682700000
135f6f92c4ec95847e8840eb,631100000
05858b1e4445f56f22e1f4bb,642200000
623b7d96c0fa09e50148aa7b,559800000
e61e5d3288f02b904d3b1e38,780100000
0d173e7afc8f8babbef6ae97,779400000
7635a792e5002ab99ceef583,897100000
4da93e7126354a474d435a4a,812500000
a4c71322f79dbbbedab3191a,1068800000
57ef53ecf8b709ddc05aceec,728600000
65c3e09ee6f1ef0500ca4316,818200000
74d0b6e87c2045f95fd493c4,872800000
4a3d0390e005fa5b4c9403f4,962800000
a3aac701ae444b6d91b7bb0f,873700000
4afa3a1b63c076123e7a5279,864200000
c97adfa6f5ad3e3db6b80edd,888700000
58cdc29143b85386c76bedbd,978800000
1f81176d8a0c61a7177c6c2b,903100000
1c2e69465c75fb3af2d57351,1003900000
7a10ffd970cc822108ce7cf0,989600000
3bfccc757ef82ff2774f2db9,1363800000
3c753ecb3a4f8ce43077a6c1,1049500000
100e9e2623cb0fc52fb08813,1104800000
90a269d52e47c1705f9b6cf0,1094400000
34f4df9fce2ec05633d0cbd1,502900000
1e4fd826fc8693b17f6efc3b,1074600000
efd9d848677015f13688453b,375200000
07cd866c871333283ecb2d23,626900000
76a307d6b36b8a51115e91b2,659900000
080969c751cb94822aeeb755,430800000
1e37fb708b70b6b5e8fb5cd2,540400000
4e47d2c8ccf9929ad9c84544,488100000
3c877a0fbe08cda958ff8f46,790100000
ae59a0d6441697841d86cfcb,484300000
2fdb80ee4f9a35663e92b3b2,560600000
3a513410a390c75fc14b0b3b,452600000
0616401503f2ebc05af7ce4f,371600000
98b973c8597d5805f87dd074,544600000
7063abb555d919d5300af3aa,996700000
88c4b21ecffe12cb6c408a6c,698500000
75a4421cced1111492d00298,418700000
0482cd89d767b3b7de976c3a,361600000
bda9e5d8048acbbe5a9d49ea,4.3e+08
2152ed6b2b2eaf16ec272cb6,409300000
9bf2e0c1bc82010e92da2540,679700000
110af3c21ecdf156898c7c0d,895300000
2790ead3eba9370f00024472,598700000
9b06c7cebd33cd26cd6cc089,1227200000
fbb89795386c14f5088fccdc,710200000
e8a3d9d6134ae8d631791e52,1255600000
5c535b7d92e34c0fe4b66891,652500000
d88544e4e85add30aa795ce6,435900000
01b78983d268b52137e5ac1b,388400000
25414034e50ca33fcdcda4cf,617900000
2212e0125cb7f75390020951,612300000
a4d5ea1b907e98be72b5c49b,581400000
2df90c0a3e2b9138fe276a75,686700000
c520b7e8de3796450ce49a30,383400000
35114fa32397272437e67a54,508300000
bb5726ac16b4ade709151159,4.7e+08
b4dc6733589bb35444b74c55,544400000
3b0b0bb06d95c5ea1aed2d95,5.13e+08
fb7bd85c05cd74d945d22de0,449200000
6396667677a878ff61e1b536,440500000
47b5804ba1a998c3e7544092,644700000
ad4d91ed26c1fd5702b94064,605200000
2b802261b8bd839aa0b04b16,710200000
0bf9fe130da23aea7142bb7a,694700000
90511f2411d4a37a7224b995,707400000
1355fdce5b97bb36da15734e,1023100000
775a6affce535c5a19ea5f30,764800000
e36d70d72c2758d7fef242df,509800000
2fde05df6a3aa9f57385e6a7,436300000
5e0100ae728e347eedce5b14,932700000
a636ffa140f80412f003734d,725900000
74746d24b9bd86e23338bcd9,703600000
99c539fecb3bc233288ff905,706500000
44760087930212643641eeb4,1113200000
2c5d940b5ef2276f1fac1ca5,769200000
b26f22f1fd5a991ecd1e07f8,5.83e+08
1ffafa78622c45ea4127ce82,739400000
32a555016892e7a74d231545,584200000
8d06037db08d0754bb67da4f,740200000
80255211d99c72e343b32798,1142600000
070062cd1c769f3be9255af1,1113200000
0451f65828e628c2220df77f,990600000
d96f6225db81dbf3d1a0e9bd,396600000
b1527eec2e6709dc51e03f9e,651400000
5464fe43eded098294d634ba,707400000
ea37ad89fbe4159940586718,379100000
4057a676e7012fd37af9c3b1,404700000
51273a81121232e7f30cfd1e,391300000
3cfd9ba5c6993718c0c532ff,475600000
8567e677b30c410df80004c9,610800000
7a34bcd9f86f5036b526c3f4,614800000
3dda25226646e1e91f4c948d,614800000
a2529027db6b525e365e7be0,607400000
c6115d5e908e04e67915a581,6.67e+08
8d0ae601094562744c8dba4f,534900000
55209683056fe2f9faef7fc8,508200000
e840095310907e82a159d683,614800000
278fcdbf16e3064ba42c6785,731400000
74af10afa02e7724eeeef108,490900000
b763f71e8a5bdeecf0f3f0e5,428700000
5472d536d1b6b731537bb67e,510300000
995ba6d1fd63d5160fb18e71,666200000
f424ca724e7df1c37ed78aa9,844100000
c2aa451b62293042b7244fff,5.76e+08
d4ca9506161d3f4bb3ca57fa,444900000
799862427c1f335eadedf4e8,385400000
1f3b3bd08063993c23586c93,465300000
817422f4c278ff27a22b05d7,460100000
db9798a3f9ac287754f3ae01,849100000
7ead45d1f505649429904307,657100000
ac7ab254166442188c6c5c25,1041200000
67250a8950aebdbc67f7fbfa,848100000
641f4319c315cbb74872b8ac,362900000
710b0541a025b1b6a5a80c41,405900000
a10f459124248ef30f290cad,539500000
1aac53220223d0d823e70d0f,305700000
9d0ae0c4dc11d8c6d94e545e,756300000
be685d2954b8c7337ec94942,560500000
e43151473292e4e98f121f63,495100000
e04fab3d74d14be3b8dd2c8c,537200000
c77509a6eb6665bb8eb07d95,714800000
9753470e033b35407a2eca2d,752900000
825f57ad0527d4abf41cffc9,698800000
0d8074979d302868c2534262,851400000
15a3e60c7a5d55243057d7df,442900000
6de06f867a28393a9e95c7d4,405100000
4d418d0079828e244dbaff5a,560100000
2de93fc191360ae22b0402dd,497100000
86792949f2e6a347208cbffd,5.13e+08
6d8a0768adedcc1070d28390,808400000
459963742bbaadbd9db97723,710400000
235b10cad7233d579a966948,5.15e+08
4443407341bec8b7b0af40b4,710200000
d7047492f4c53a0cdbde60e5,590800000
5541cbe23acd6ffd4aa0d939,824700000
1d0853f825cc0aec6f5544cb,623700000
f016623361c6ccc5163e79d5,1002200000
d280fed64d1c23ac9d79ce20,780200000
7e86f11cd63ff6c8a3c12fe2,650700000
9d7f161ee660b1bcb54574b1,1125100000
a0722c5527c6d3cd5cac9477,1254100000
278a2cd98528eb1341a6b685,605100000
b755f88ff3907bbe2a417e07,985700000
2bb55b0a92d62454867bb158,827200000
960c9349b6ef9b747ebe5829,1196700000
2c8352c418097f82a50d9bbf,853800000
47d7ba800f164f397fcafa9d,585300000
610061a0e67aea7d222f08cf,1116100000
a33de2559b5f56d1b3cfce08,431500000
f020fef57e9069e4dea2d71f,1289700000
883f095dd3f7e972d7dd3c2b,692800000
b0b784bfe2d3c1b3b1320613,706800000
1ea66dd4a72d93f5967be730,418300000
90b04117887941ac898a67a8,410100000
022357a3d48ea87d58ffb46e,374300000
292224fa68b0303a90063801,419400000
6cf924390dd3ed4454403887,413300000
555a293dbc104e00f182fe34,511100000
e13ef02a57d35f71a4fe6121,408700000
c82929467d22589ec62c0475,3.93e+08
18a74c9a49ad381aee5e02de,5.84e+08
da40d46cb91d9e59fe12e6ba,4.68e+08
6320f26d77fcd56675db6b97,585200000
3307731f3bc518012912f1b3,776500000
ba94572d1e050bb92522f112,4.03e+08
6e0d6bcb01e99fc4959d3f7f,423300000
dc3cbbb2fa00043d02958219,6.39e+08
495aa774f4db66db6df30e93,452400000
6ba298925ffad32daae55385,478400000
8df5099d856c7f9de43990ab,659900000
93c5c5d9d1e99824178be9ff,442700000
ffbce3ccf241890ec95104e4,526200000
2c03c38782e365e68b32d6bf,497600000
7734421098413f27fae86fef,681800000
2b50969f1faab80655bb9104,488200000
025a98586386211b1519f9be,424600000
6013b8c04f7b9fbc74ef1ec4,4.49e+08
11075db1cf9899c8640e1b90,565900000
61ba09084039a467410aeadb,432800000
eb2880c2433c4b2500fd40ef,380200000
f7f8607535159c82dbfc6c14,381100000
35c7a7c0ace36f4b95423c4c,434300000
c71123c31d02408cdaa74daa,492400000
dd8aa138623604829d56ac2c,423300000
cb94eee5ecfc75d0fd5ba6e5,459700000
ae6bfb4eb4770f2266e3b961,470400000
573ea1962372999346590c0f,768800000
9f7204b4bb3ffb8591e3164d,774100000
a4410bebf9843297fe32d63c,615600000
2afd9dd680803e3c12d5242b,8.3e+08
a7618c242fd918ed894304b5,571300000
5ebc5cc2c1488f681cd119f2,836900000
cd53a991573ecb5c53f47986,742600000
75ecbc0c0e8e76bb8d734f60,711300000
47c2934aaa5934c68dcb9e51,930800000
386ad1ba1cada9649f3415c0,629700000
9ca0839c9c294674e86eb691,1060900000
bdbaafd11259af6300321a89,727300000
2e41ceccc918145dbe7de0be,6.13e+08
11df35a3fbcef34e47747e38,734300000
b0bcb64f2f2ba69cc712e0ae,949700000
bce0a4447db2d54d36661011,6.77e+08
ef7ba10407cd74590ea3fff3,805900000
a743dc3903eaf3576046ef3d,8.13e+08
b3d072ebd7908688d908d350,812400000
a48abdedbe3d132276dbe403,824400000
c6b7e739125907c86a8997d3,897200000
813d9415d9abca46ad4d92f0,637900000
c631f8920a2fd1160f6b15cc,729100000
16194707d4e85fe332411bd4,707900000
31e241881acaceb02ef915d2,755100000
a3f1214ea44063ad10956fca,965400000
ab086fddcb949e3dc0ed9b5d,644700000
ec4df02b32d90c019125d108,681900000
09eb808ca3859318d6328db8,657700000
f520fd12dd3ed32ba78d357b,790700000
0a2f7379cd1bed7d2d2d5a01,906900000
30652905d3eacda34ff61a9e,726800000
0509650d34981639b9c64a22,821500000
77cd6b199ee485314bc74626,684600000
10c836c2e566dfe9edcf3d8e,1083400000
e109ccb29c02c9b35b789c90,922300000
2d60a221b478264cab9816f7,1158200000
d34c48ffe935cec3358b2247,1053500000
9cbed1ed72b444c22d8c1614,600100000
735c3aff4c151dbc32f9a76b,9e+08
a4b6ceedaf89cff74a292ab5,653600000
052957f95b6e7b41bc625009,1019700000
33a61cda27fadacce0d1aa7b,997800000
6c3bc8c58ce67b8bb9f5894f,719900000
1988513503246248b80c7f17,1056300000
57c29184563b31f5f752c5c1,1044500000
bc6a7d4ceee8bbff9ac5eda8,953400000
f1b7ae24195b4414e6d6a001,921500000
e7b3ec90b47c9e6009ca8a75,922300000
39b62c6fca161b80bc6726c4,981400000
55163359d7cd910861059389,921600000
df35908d6ae2847dfc73cf9f,1111800000
ac822dd448e04e9f8dd1721d,990200000
7e86148f53beefced6e0f3e4,506600000
6eff15cd6372aeaab2e665d8,431200000
0a1af9bb571b90233856289a,559100000
b3cc5930a3cb26e35a45e09a,510900000
0c12f73305bc7d72bdbd9789,517800000
ac048209de77cae737d60545,489200000
9239fafbffc066dff0811302,414900000
8e0ba427ea909cb7943929b0,4.72e+08
b3c99f30b16fa80cdb4f213c,548900000
d1dc16c82942902c668a5c9b,557200000
5cfc9e48ab90da0f4e98a7ae,692600000
9abad9f79352ed42d1a9f099,403100000
dedeafb60b4a39950e7a984d,403100000
74cca5cd08c4bbf5d0404d74,825100000
b6aa1cb0187c4a1715517fca,403100000
e22bad460ec1bc991f14bfbc,617200000
594d46a91315527995cbd807,1089100000
2c0b4c8269cbe25a4e85e049,462200000
1014d3a98e886e1a7358e29f,544900000
73d6bb3d6ae08921a6117f5d,366200000
de3b619a7c80549db6ab16af,352800000
da34d6cd832009e428d2b467,391500000
104722434c2deed04a901aa0,408100000
cee66eef685e4764b9553a02,478700000
58b40969f1b73182cb6d30db,478700000
964e9c3f87176e761484543e,476200000
19487167081a9b0dd09d7975,671700000
7d8e345c9b16d0fd69f848ea,955100000
7d4ba999100c8e694fd820cf,866100000
c6b157e7a6ca08d04ec4de4f,545100000
84ec2d5245cfa146dab05065,912300000
c844a386941b86a3d4c0312a,400300000
0648aae13097ac649fe714b9,609300000
34f220a8ee1f24bcc5790364,365700000
d12eda0ba04f846d73cd7acf,1075800000
c12904320223ddd043f39c63,432500000
8bce0097d22b34a804b502bb,481500000
ec1171cac1eee089be6f427d,408700000
5d85d77a06d0f0324d15d162,895300000
0349908483ce628a0a5fc164,680600000
d74da3bb780515b1273d741c,710200000
64cb8fc8412c9247a5c243ce,1255600000
3a53919313bd750f2b1af906,651400000
91d265ffaa6b407e9747b15b,929600000
1db1d1b76e09197dd915a8f1,1156800000
6645a3080e5d10779672d139,811700000
3ff6e77706eae698f86eec29,656800000
4670d21fa84e40184f03d5de,355100000
ee8bad3fdc93f7fb79c9cbd8,839500000
b624f0438025478c9f66fec2,1048800000
37dba4927e327d3a4a0c1d36,466800000
8d16b1bdea35630a3b09b192,565800000
d54a4c353cebf18d452be515,466400000
c402811ade75f5e3dee73ac3,565700000
dd926903e87d691a0f15dba3,538300000
cb01687abe09df6838e1b224,561500000
6ad3e1a47d1055b55d14e091,597500000
b8d50a94e8166e471fd8282b,7.36e+08
a77d82703468f2f9e8f2ea0e,926400000
5d2be469f69f31090769efe3,677400000
c4e8559ee733a551649a5dcf,572600000
5996fc90f923d6e8527097ae,572600000
32d5772adbcc785ecbc2c55f,367100000
5f088237d263c37e78264bba,529100000
799afa0396b9f268f239db51,411700000
bd23b1463f0936d2ced5fc67,623600000
8f35a5d800d98481d7a8b6a4,523400000
371b5ecf08973fc6e6849d14,455700000
fa70a55dd0e2053a1b566de1,387300000
584364cece0bc4d17f0e7fac,408900000
cd968f8973a267790a38f2f2,463900000
c46b122728ef4c9ae8be444f,491800000
4056182cbd8c12cd87ad9e84,5.69e+08
6ac747618b6ca674e86cd275,502400000
afb02897c700dbac941ba8b1,576500000
198cd3f4e9be65b83f01ceea,666200000
c92bdf97d7f0a9a12c024406,430200000
e00e5934d1941490834c3145,753700000
5b139fdb19ff722a846d71f0,710200000
8b554961129384797391d1ae,980700000
854e27be18fb8f24fd433eb7,605200000
241d9f8599ce6cadac1d6609,684700000
b85b37ae83ef95baa03752f9,893300000
5b3ba9e56e24e08e1f81e220,416300000
58c6518f9d2d0526d31e7566,3.87e+08
38a1e2050dcab9b4c70c5e83,490900000
da94e4a5fdebe3ae7bb1adcc,7.26e+08
49fb2771ea6c1e8950cc9a57,623900000
f2b67c40a560af8729bc6072,721100000
13fc2dd1cd32d9cfa457a5b1,720700000
b6ebc3b8408793f5058cbb90,1063500000
75ce506dcb994b10497e6816,747500000
6dbfb281abaa9a6956c080d7,361700000
af67a68803a18663e4b03eb1,407100000
a9c212f77a048ddc33ecebba,418300000
df89fa06e32e90b0b6c2014e,576300000
f20a7f264a8285a75dacdc1d,8.56e+08
61a363a73f3c93aa1775c4ff,703200000
d8c1f7303b205fbaba2890b9,4.08e+08
70962daad7cd15ee8af564fa,829700000
087caf4bce7b0a3fe3c47dc6,601300000
5d2200b04fde91f830478aa4,471100000
821eabfeef3dcc622fbcbfc4,438700000
3d722d960b860b4bee79ae2f,512800000
4d3d887d2236c2f897f3bbd4,575900000
7fcbcd9e274b75a157cf5d5e,679500000
88ea2d2d7cb6d641df3ad76d,1100900000
c06088db17767866b7f4ba7d,895300000
e4a9626b1107b9397d0067aa,629200000
82abb1fb693f34877bf1327e,9.86e+08
3279efb86571efde18eeebef,378100000
afca7b219d52b22522abd00c,689700000
7712f963ee37e91abb7342e7,519900000
2a2f455525c8e0bd709db91a,693700000
833ded72a8cc9c0d606a7a74,860700000
f3bf0be37be6292ba0a8736b,1117100000
c06c8b6425e3a7c2d7481e42,390700000
27d4f17375f76219b446c092,3.49e+08
9b7de95ec90da0dc8cff7011,493500000
8fdc9f203c3de5d486de7ba0,4.47e+08
ebf2d540aff82f1aadf95f9b,507100000
51c48d17e774d6cd84f4c355,473500000
5c1d1ee26cbde5b766cb4ca1,604700000
2d26b8360f1da9a677670fcd,682500000
ce1b06502cb0c5d9846cff9a,452400000
3186cd0a3125adf3b25587aa,825800000
f839de5370a225ff993f5b2e,585700000
2900dcf3f944a7fcb33aff36,602200000
3f54091296f773f5a1bb240b,1.094e+09
499f6f4997474415f0bd596f,7.49e+08
110539d2ac34e5180e3fd95b,882600000
dccbc668caff517f649cadbb,1051800000
823c9c7abf2d00140766a2bb,1099200000
94af5eccfe170cbe7d428184,5.52e+08
dd21457e18f07d7a927c0104,4.25e+08
5219cb469fff40cd9606bad9,352500000
5a83bd697db5076016c0671e,480400000
2a1edfd6cf74573521ed74a1,386700000
40aad45bb7a980c9c5e1884e,728600000
a315b497dd8e80464bf0480b,814400000
7095d576a0b963eb340d8fdf,478700000
9d6288cfead77d622f5f5b95,887300000
4caf356c110a50c6c94f3eab,908900000
23101b0002252f3d4b3e1d5e,1143500000
8d1f7b0cfde7e496e7bfe972,579100000
28e572584fea1555e2a517ed,648700000
6666ab486afcbc162fb560c6,1074300000
b0978c973ec3291e950185c1,1100100000
d6cfd3ddca2a59f0b6999d77,517600000
a77f5c03a98636d90f50e11a,898800000
e6387696767d20cfa4918ca9,593300000
1dc0fe5bcea9d08874871326,4.25e+08
ccdf0abddccb1a670f31c2f2,605200000
3ba769d65f02217656e0f5b5,902400000
628b3b56449724e7d945351b,744600000
b47713520859d58efa95bb06,682700000
e6c6625db90e519f9dcf1b23,526300000
3e1a1b2a518d3ca2fe3950b4,478400000
24849579dc9ba7fef1b24396,474100000
6103571d9525ded3c09668c6,434300000
a678e89692df9b14da9f19b2,497700000
47bed52dee0d311ae0016b08,623700000
36c0d26b83e575a500a6c30c,621900000
34447730b60ad12f4775894d,1096600000
aec1778ae3b5e60cac280b79,824400000
d95f38f5d1293c74ac52e823,1096600000
5dedb7b64b6ad0b514de2bfb,879500000
60c71a98253b5550d773a529,593300000
099ee1a7c91105ef46b5e7e8,598800000
b56533bb19eefcb244e69470,9.34e+08
62f46b8989bee43db86ff589,418800000
4d485ae48974213b1594c905,1056200000
c627c6287efaeb6fd9049312,487800000
976945e68af6a66f6fb0850d,481500000
93e443a5b3864d52765e6484,8.75e+08
6ef9ce7a53ba3bd892e21f1b,598500000
6f3041147f930cd6cd4fae05,439800000
3917b95a3d05a5e58c117f68,538600000
d61ccfd4239026feb484cc93,358800000
b443781523fa0b5be4ad7739,6.46e+08
6f0fcd78c473e4e04fd411c8,730800000
7f134c92e20aa9c6f084edc1,482600000
75075631f0fd84fb0ff49417,515500000
eae4243c274735d616c6b9bb,1162700000
25d233d2779009affadf5e91,771700000
1990717d8c7aa8e732bb1165,1046300000
71b99de83d83dd970b00f07f,1118200000
243ab5db6e47f3536d04d312,912500000
61cb98125f43429f7f93c898,710200000
6ed772640e5a311cbfd17c31,4.4e+08
d9f0b4c92bdc9476f50638ed,508300000
796eb5ae3ca5b63c9fbb240a,791200000
e6f3eee9f5048005f24f0943,605200000
291ff191bb029742387a72a3,703100000
829bde7f8716daf76f65ffab,8.21e+08
110a2f124bad0f9381edce7d,927400000
76b719681617ff7f28d33df3,850100000
eaa6d58e226904e9993b3493,538700000
af3e3a83257eb507b96b2a1f,1239500000
43969367322e86c68b51c2fa,449600000
50fe589dea73e764b7735938,346600000
13c9960a03a1c446aa5515cd,641900000
e7834f52ebad3d3cd00d069b,698400000
fae37ecd6046e53ea121b1c6,591300000
8a0d2f8860a90322d6c3b61f,553700000
008c7a02d158f3b17ee8e015,479700000
3ea6e8da2cb0bf83872dfd8c,450200000
9b184e58842bcb14dd42103b,570600000
43eeb2567c61bfbb059fcd4e,483300000
ac7f6087e19c2d3502368fac,590400000
73494d52196ef9838b1be34a,839500000
112d996c4c0662bd13af3ea0,654600000
8c3a02c9ca043cf0f322ba84,6.46e+08
a757ba01a02acbdee50462b6,731600000
64e3401f22d18b573ff0504a,627800000
acd7394afcee30e084844c63,834500000
35255f80583ffbd504250554,852500000
370a0d0da794efd58cab251d,951300000
cdb5f8327360c750469cee74,755100000
dbffe8f46b3d9da2e57c97fc,811700000
25b1ada57fd1e5c88d939c71,714400000
05f79195e285c126125d258c,699900000
62c017eac96743cfbb61e86b,610400000
3ca7f183cc0b303e5d455309,1.051e+09
a3dbd504524f980ac5325150,1001600000
5703df84eef7ca9bec5bde45,1048800000
513aa9c91c245ee4be31507c,1.004e+09
d41d07d1aa700278cb81ff30,7.62e+08
207e39d9cc4402edd48864d5,534100000
7134b03f54b10f282ac34fcd,880400000
6d860c215908949c4ba1c536,409500000
f35f884365b1bf6fb303d7b5,379300000
4f480aae78aa068901ee9468,398400000
39a12600317b58457f68b5b8,379300000
5f0c7a6b4f46203648a0bacc,371900000
d01f6c0b2b338289e9fe3768,361200000
613ad83abcebf6598f0079ab,612800000
effc32659ff9bf30faffb3db,597700000
73fbb3e6b22b957ba6b7557c,618700000
6c8c5e22025ca4f450a428c3,635200000
d6e333e793f75c2ab34fb127,413400000
b82e52830b51e823ac7187fe,465600000
35ed4187f732a1ea68dce712,586700000
0c5067ff99e15fcf99792cbf,586700000
0ad01fb039a198262ec59b72,531400000
906014f0ee3f3f4f0576d4da,479100000
13477d8ef90576ca84258984,450600000
3083a7ab1deb092f7aca6a54,514800000
a92ae34df90cbf8af7695ed0,772800000
82d22ca21e31222068e1ecba,934600000
11727589f7c66554e9114407,754100000
9982169d6f3e9ca61dacfed5,1071700000
2de0ad9bf15232d6056285fe,561900000
eb6e6060b78676d13d6bda48,538400000
6f37300b1fefaaf746f53907,715500000
7698775967b96e3e7bf66e6c,995900000
863e5cf88a808b8ca96907ff,1.01e+09
77b5c9a5f534a5b80cc16d09,828400000
ade0c9cf1f9106e342c69bd1,678800000
6fb45859693c703fd9c812c8,6.47e+08
45badd183bb1a4c630174f3a,676200000
f66bad2cd4b09ac29f540f63,6.37e+08
fa3017d74586eb4c3b5b7db9,635700000
f09bb33b65b5ebb8fffc3a21,809400000
600dc823c42aa64f60fc3ab9,510900000
c1d9119fa7ae7d44362f18ce,1053300000
a1305fd943ae63715529209e,9.71e+08
8d81b4681ad0055c274e7da4,553100000
cbb10e7618b1385cf922e815,1188900000
b09111ea69c4be8ae120ddc3,900200000
099f07f9ec4ff6d835337f86,8.13e+08
c70f6bd5ca138bacfdf8b5cf,872600000
a6c86ab7381f6c43fdd61a01,6.66e+08
58c2b87098ad454b1fadb13a,561500000
6afff7782d129021eebee968,660400000
ad92f3ea52673dee0a56902a,568200000
3e040e87b89a043564f0d0a2,918600000
49d020d2056717c2108b0927,832400000
a4ca465294c114b1065bfead,804900000
ca9520c7b8432b0521b2e8dc,491600000
4d20f253940a4492b4f6a9f0,387200000
09b61cf8ff3ff09ac892d073,389500000
86e81141e429bd81d7f0e73d,565900000
b9826d7a6132b16df1bf58e1,523200000
a90c60e05e29b77963a11246,434600000
6e9984a3c3daf63fce5cd3d6,539600000
a9eafeeab4ba51d3644f4052,432400000
f74eed3a7dad1bd8d92854d0,792500000
5b377636fe30946fff973f3d,757800000
5bf6c1862c0bc967da2cc484,680600000
cd5111edd2fe80f56db29531,627400000
c76c4695ed005277a59451f4,625900000
7dab6cd1002a8521e5825bcc,735200000
5b57258272dfd1babb29e7fb,580600000
f68b7dfd0579838324895097,742700000
812646c7de863919cae5edff,692600000
0da10eb6093728074b34fb75,782500000
c64346c8b0ba32a55292e66a,590800000
ad6317cbcbb8bc27b0774fca,1002200000
9f43c80d2fa31a09592b030b,1053500000
5b84f5de073000ad4d4b1a04,1255600000
d94d18cbc812d560c1e38ffb,1.092e+09
ab3110b5dc8ce81471f69c16,1269800000
138a1990291ba31024455eb3,1290600000
646bb3de5a1cfe4bfb7a7ea7,1.229e+09
d8fde541f142e6a7f0b28099,720900000
ef61986cca74fe8585b1b287,467400000
e1d8eacecd35515eb19f9135,1066600000
8346d64ed6211083fd420ede,661900000
4340fcb9c80733260565c24b,850300000
ff5a27ffe7de039e65170f9e,833400000
ce407c1e25333d7c7eba1b0a,1.041e+09
f927027bc766ae6c111fb685,376500000
3f9a3edf25152433969f98e9,726300000
987476ca395533347581b2df,482800000
17d0e3208fdf10c77e95bdf4,497500000
b485036419de03f5bad01f35,7.59e+08
d3f7847147c88352bd3b9707,923900000
aabaec5accad3f545f864a3d,800100000
400a103762ad652e81c8d3c6,880600000
acf15357c1a919b6ee78f676,772500000
8d983b9ca65f19ff3d69985f,1220200000
b9a80a4d84eb918792324dcd,388300000
223b3c04803ae7b855f9fd10,656900000
e5c8f2d536c3f931eff2d70c,655600000
f976ec33e004b2d4d32c2eb2,450500000
cb00e44cea76a92e9c44e793,425800000
0e6dcbf136294f2a99410052,468500000
102de0a5ee4f19454b922b96,6.24e+08
cb1c8ab11838d9f0a1197e25,1046500000
2e2f1072d8db7372b2c2419d,378800000
8c4cc779f5034e9c10b2e698,3.9e+08
85734fd69714897264ce2214,793400000
5694c1f689779fb5ca95686f,636400000
f3bb60434cb36fcdfe218478,5.44e+08
cf8bbd3528d3e7e2b8f50c29,693700000
7db1c8214f229d865da455cc,571300000
f3478cf008a7ad268a434ba3,567800000
5440ee15bccc4eaf827fefa8,668900000
78e85ca7c532a77700bfae6d,763400000
eb5e382e1372c4e94f467673,663900000
5a11cc89d3b01eb87535ff1b,766600000
d0f5cebc2059ca89aae30c76,417400000
883371e374936fdd74d09fe8,541600000
9ab4e5f8cf2b807603329cdd,407300000
c37c7859956931d77cd5c9a8,409600000
730804efcdd755786bf734ff,448700000
9d021f3fcbe5f82fa1c1fd94,537500000
975ea2f56001edae07f28fca,404200000
8fea95d0a70b1ea918803f58,432800000
4718488d664194a3c0c5b446,625500000
1b87ffa033dcbf4e2805dbb8,488200000
1a77ac51e03c77ad280be447,473500000
228d165257ef052ad50433c7,497600000
513a83ac5bfe27c5b813ce4d,406800000
73bde441e18a9548c034372d,606200000
26301269301b6f96862af599,681900000
7b30dbf2f6d835ea0c14b392,495200000
254de3f3fc52b8cb62141baa,681800000
f566603aacc78da47a283804,776500000
990c8d65ca11a97a1d34c5e5,483300000
a9878134c12696d8199a1ff3,506300000
58185ef7646efa724e904f5b,472400000
37d5b8f329ed1ec29d4bc035,516300000
e6f948282e81570fd03e4df2,9.26e+08
8b801b4cc1d254d0277fba5f,571300000
33a334a16c4547b9d7842c3d,727300000
1ad9e105d9da875001111075,912600000
08ad96681afa49c74721daad,781300000
beb73d27906bea7a7d880791,768800000
bda5b2e5a87a4905a30f3b8a,729100000
5cf70a67ec25288657d6fff4,8.13e+08
baeb4e9d612bffb63ae3564a,637900000
1902f509aa05287ba42f546c,560100000
c0cf9517f20ae81c79ceb0ed,7.89e+08
2ca8b22013c529b412ad764b,930800000
b38816ece917027a179663d4,949700000
c89167e42af0d42c88e8573a,606800000
09254c66d93cbbf2675b775e,805900000
89f8ccb0c1e2136adf87a10e,844200000
cff851746578050bdfd46090,953400000
d53ddfac67129aebbe054024,653600000
53b5ffa0cf0dd12e4eeb6a2a,9e+08
62db5fd2a4eb831d281ba8ba,1083400000
59b5fe8d4f5ae272dbaa5ba0,1096600000
3c1b7a0a306e16e8c22d78c9,719900000
5219c3cae1c92b52551a8571,1030900000
de6aef9a5e47a614b75ee576,905400000
d168181ef0dcb853171cdbb4,1117500000
6c8e27967ec63e6dec4bd6ac,921600000
8544bc14286a51e60ffee7b0,1111800000
ed48916725be6970cd2f273a,454400000
9ff3268cd15cf039ab958413,426200000
16cc5c280124618cd5d00027,410800000
ac028c1580f6e4da4ccedf0c,4.25e+08
673f2b913006ee8b33e75b5e,623800000
191f96722301456877893b22,517400000
a7d8e636db44cf5d3ceb67cd,682200000
1310e9cafc0b9fc21c212f73,817400000
1bbbe4e1eb264f5c69467e50,414200000
283c1142d027be336a7bfacd,386700000
4d09c2354c67243c968dbbcb,453100000
db3edc43e89840a65749cd94,632700000
0274166db611aabe4e946a83,473200000
8153b36347669087e363801f,784900000
e04473aa943812de1d662058,682400000
7742e8923a4b832e3d94f3c7,740500000
536b5a8aea016aaa90fe744a,953200000
d2c02052de9c97c531a4453f,579500000
48378a6148532f71abcc2f98,674600000
fb0dbfeedbab00cdc7eb93ee,539600000
699412bfdab1157487c81725,969400000
a63c26369cfbabfc9c2603b6,976900000
34e5602cb58501859e32dc9f,8.01e+08
da83b03a6c9d405f55714b0c,1450700000
d938d682332fa9e5c4986024,827200000
e9e39766e2c96bc783d580a9,1195700000
fce89a9ffaba32f9f7c5895d,1094400000
2d6aaefe0f50db8acde6fd1b,1249200000
1710873f951e7f695fca3568,482100000
0ce068461fb3bf34eee000bc,509300000
b5606ddf3a4e60e2a0e0d6a8,814600000
2c2e56e3e5210c111c7de708,645700000
94118bd8c3da3f14f9c7836f,473200000
d20a5b3eb857e1f4b548066e,543800000
ad37e23456bd4d90010f7784,865700000
c5602c608080e2546dea5463,467700000
e3bd8bd5884a55fc1a151687,5.65e+08
aa31e5995379bc38dd40b8f3,759400000
fe8a10fb4031669a9b21c919,1236200000
08eaca41f26eb387b67bf30d,1022200000
23ef4d57d130e4130205f30d,648100000
d6f1594affb8db7a865e3452,410800000
abd9cf3c36309d590e58c2a7,433600000
1c177af5bb41e26ac0135b4a,896700000
a05da8df13eb4b121d536912,383800000
5a5a581ad5540fc82cd3c2ed,775600000
b50ff8bfc0b4c4b165c5ccf7,996600000
2abbf26e80643dfc1b75edcb,698800000
ec903c33a379d8d2cc04ab36,909100000
c062d873af3b7cb98ccbeec9,949100000
927de0269795dbe0566a0326,802600000
ee703dca75c4dfd5d035c9a1,506700000
b8a42b02c50438c2ad7598a1,409800000
f7216fd19f41ca5ea66a9169,409800000
f487761a658a4247563faa38,481200000
caf878b42daeee3c7de336e9,911500000
29d0dd2d4b120dd54c34b13c,543500000
1cfc7d60ce613536d23b093d,820900000
c6c7409bbf52c86461aa1dd7,703100000
312ef52e0250429a5ecb3b27,1239400000
48299e52748ecff3b69f7a90,525900000
a02f6ef1f148659297d46b33,508700000
67f664c8f9250a22c10b4f67,740500000
4977af03eebca1aa266289e2,5.28e+08
39af71aaea23b5c1e987de32,403200000
d69b019e6d54faa1cb044d39,710200000
024e94e72ae88464621539eb,827200000
b980c778ecb2709696265c10,1195700000
8780134f8b40f0fec4d1b661,1236200000
107f29b67164ad6861cb7059,1125100000
c8958d280d0cf2d8a0b481f3,456700000
1f8f74ce8831d5532f330925,788700000
7be46b6dd9891ab771fc4be4,539200000
4f4f7d2b14079ddf8754d6ad,707400000
5921ce922675f6517f8f0007,1113200000
49f0323d28ef0610248c87c0,6.29e+08
3ef167ca6c4ac77f6968d17d,584200000
8d2f9968ec8aece8d1a20137,642900000
4bad47078442f3416b2c1ff4,490400000
5e1cc2905f7a701f895123d8,575700000
a8633d3336d097920bc8a9b3,608500000
72fe83366bf13a53937b7034,769200000
ce78e1dbbf0f7aee98e244df,8.05e+08
11be39d287e5a8bdbecb5994,691400000
40a561bf79fa7a08155e1183,820300000
3dbafa8cd5225e261ec9b6ef,375200000
68cd88b657b59f5671f59e04,394700000
6a2ce95a8be0654f193592e5,442500000
4e613cde51f9760d3c051562,990600000
1b69d2c7fa8f802c4af1369b,584200000
f126c4b36c00d0ca11c21a2d,5.41e+08
e6a7e6b41e6c6bbdc16e1e14,707400000
5a69ebde2e113923ddbcd18d,742300000
72f0540aab38ebaaf9a389f6,740200000
75b5bb7b5ff8ebcc863fbdcc,788700000
096912698fd9a59d94935478,703600000
f0ad965090221d2349e90d5c,651400000
1c224347a1445ae01184e0a2,1113200000
0ee7273686a0a92fbf48a383,932700000
e2094d28cacad3e2a711c5ca,369200000
f50e0ea2c3831235704b8c72,451300000
1e64759f297a66524eb07b7e,623100000
7636a187e29abcbd8fad6244,432200000
9b858a70a031475e422e375f,1005500000
56c2e8e14f9c6c9a9f046a08,609800000
1bd7b990be19afa5acc78bc0,486500000
8b36b7364e4a4c80a6e50bed,700300000
d348d38769937c8f350297bb,985400000
f4350916cbddd5a544c6ae46,379500000
237bce11f35d32ff029498a3,579500000
faf92fbca9baf8cce4a00063,471400000
812c9b5407424f956d308b06,867700000
9fd4adb5c63fba5a11661b23,335200000
168f81689afa1f055d8bf7c8,901300000
2a9bbffb1b98c49d79bae509,835300000
b95ecad591e5c69fdad8763d,386200000
dc51caa89a74da37ae644ff8,386200000
d97895a836e6ea22ff3265d8,449800000
de754bceba2d206a9cb4f116,416400000
036177aff84b1901e0f18759,417400000
8a6cb559a488d6ce1b641585,579600000
74c4f233c7f385be73168e0f,481500000
27a6f3e8f9649ccce7680f0a,455100000
711045fc099712aae3fe4d14,473500000
01e033f5bd502c4ad398ece7,474100000
a99261116e0158109b3e3bc3,424100000
2d8d64261ba659302da4a481,495200000
9adaadeeaf6a403e1c8754bf,902400000
2ab24b9c5349427998338d21,649100000
09ce36a03c52d6721bc5276b,598800000
80b37d5ebdb325edef39258f,798200000
78a080fc98669c0cd9153904,926400000
2d14ad8ab9573c406e203ed4,787700000
145f33a8350a080231306bd1,848500000
b0aaae3a435fde30c4c02fac,1054800000
b3f5af523b5d6d938693ebfe,1056200000
25d62e6b1a1a52cd8080354f,819800000
5a06a8b33611251b62d77e72,1122500000
e93a9b257ecd815c860d0b82,773100000
610f192d22864016cc2df1c9,6.52e+08
4e665d479b3bf2e25cd463a2,891300000
343be18b0f77260f32ec05d2,364100000
33dbec39ef8c0667e4c3f039,714800000
b24fb90a2aa5d9d0c7e1541b,8.51e+08
b56a3a017449fc4ce417009e,403800000
e0dd5e6879d824a95c3c1773,665600000
156a20e2bf9e48b9a360f9c4,449700000
d5583fa23ed97a3b9413e910,631700000
4e6f695bcd4d3c0d8497c1fd,1014800000
da7a511a5f470d99ab2bc4a6,680100000
22a6058ffe790c98a8922258,984600000
0c19c54de06d1c139df99ab0,9.47e+08
48e687093fb26d29cda9ad6e,426900000
3ad3c519ced4b63ddbfdb0a1,432600000
0b221ebf810f632568c1e2c9,534900000
7930f32456e796e40fbf78ed,734700000
f084bfc530f4039f6631537b,924300000
f9793063f561dc76c0b49a9d,7.8e+08
4d2ec23fff8eb502a9d93353,821300000
a6f570e11883e74654898d75,996500000
cdf11b53a23fcf9b6032cc8d,921900000
6f968f62a6fa4dc255397bf7,884700000
d692ba46b098c6658799ea8f,398500000
774a4b48d34052a978b1180f,454200000
acea4c7aa1185baaf6d3b60f,429100000
07ce6f95a7719abc9a204b6d,832800000
b371665aece480b8c1602773,1042500000
5edc37d9746cbef8352f0fa4,6.53e+08
26617e1fb3b4f0e4a70e1b0e,616800000
b1a13541b37964b8b85f4669,4.49e+08
94213637892f5fe643cbe8ca,470400000
742acc26686d04596ba60a34,582900000
acb1d16ce30aee0a39f01f09,580100000
e0d837e6d5d74fe91d39d23c,6.31e+08
29028322a6d692edc5ca713f,667400000
03d54a6e80d48c96a7f6a1fa,502200000
8616b310e335f539ab1109dc,605200000
6c21f6a3513869f93b32e9ec,1043700000
10084cfff54a17bcda6f19d3,8.14e+08
169c742419c0d4335d09fb45,859500000
0f06896d7502890175cbc4a0,858600000
7d2e3464d5f2f79ac29e6c0c,425700000
de9053a55630670ee8e59c9d,6.8e+08
8d54b9bd24cd9da341cc942a,576500000
95570bee1792641c7c12e4ef,864500000
6d0c5546a498fafba15f2e17,5.9e+08
ed43b0ac46067bf886457c01,801600000
8890eca19a9e1cdc9e0f0541,885400000
760a5dbccf4eb4ccc2622b77,395500000
20fe2d7fb3910ef786cff965,568300000
602abdc140c40112afc1dc98,447600000
b7f906741cae6861bd5fb922,4.47e+08
4d45fbe5a5d39188b5eccbfe,694700000
08f74ad7f06f2c409903ddf9,724100000
7be186f4eeff5c0efd58e424,523900000
3d1a767dc286fe1cb86ed9f6,604700000
2ec9f5265334241fc594976f,924300000
d737b8b7b39e99f7d877b7ed,695800000
8fc50169e6ec98a3f4229ffd,819100000
942133ad6b84f9d08e1d4e7d,826600000
c965b03014d21473b27072f8,6.95e+08
f1c8da86597a427e24dcd557,9.26e+08
8ed5e7770d03c43ed19abf42,756500000
68ea36e3f441cb6da8d36198,951500000
c97715bec6032974060480d6,958200000
e6eb47d050702ed49ef5c49f,938200000
5a82fa348f3b97e74cdd3a61,888400000
cd05166ab9bf3128c23fb8c7,792100000
cbe4318f63d73fea6238079b,961600000
efcc8d268982e95fe2fdb311,1255600000
c45d7f326a2f279760d1a4ae,867300000
7c5ce0e65cb26773edc9ddef,1237400000
357fda0abf79ec95f73e3584,510700000
a1e8f0c7cfbfecfd1549b0b5,474900000
3f208f32cc24d8ce1506ed90,658600000
87ca8a2b3251a38d45730f5c,544300000
728961e03bfa6e3242f06d8a,4.29e+08
b9f9dd0d368df912e6e0ce70,930800000
429b049255a7edf227a980a1,4.89e+08
a6259664a05091ef92129c7c,492100000
674c915c52b27df2c06b8bd3,732500000
f8be64dc83c5923983fbb770,786700000
445fa7f5e8e9d7f12e8991d4,923600000
0842816a5ef4f24435c8df22,1112600000
40558b62d83e4362efe1fe26,366600000
bc474096496b98177e40f590,584400000
2b55989b2253416428ece917,584400000
7158e3a6d456211d4533e246,479100000
d4fac54e137f5d27ce5f457a,727500000
faee80ca0efce20e731823bb,990600000
8ec09555f5a47f96a8683699,1210700000
2d7a48a6b9fff20ded24f86d,436900000
514b09016ef85b9ddc4fafb2,550300000
a1c975ab16effc6f97935e16,843800000
e803e3806630c6579f004610,810800000
26526235b34fa5b7349df00a,356400000
ba762cf12cc038e5c43bc6f5,580700000
45aa335dae223bccb31ff7cc,719800000
1dd3d7e197075859c1ff5b23,763900000
2db9b3463f85dfa87347d6e3,7.74e+08
f72cc14d79ce15491a96ddfe,986800000
4e25bad08182b79f5ba9639b,1174300000
e724a1db86d8d0c6334041b6,459200000
8fa53bd51f5d54be50b3fa29,405400000
fb7048ba61e9e6b1de829bdf,642500000
4bf70f19da0bddec9241d310,520800000
13c7f3592bd432c7cd0a42ab,615100000
cb64b363295d36b9b0fde3cc,577800000
bdc17ea3f30318b11df30508,706300000
cb7f62ac4c1afbb4256601f0,5.55e+08
5d6c275d9d3326e738c875c8,803100000
9865836c04a9582688f50496,452100000
55a615b65a28b64d46ec63e4,354300000
dcc9e2c9c1151bd9f93f44b8,654200000
1a2c0e46bc18bf3224450064,593100000
3de8187003cbf6c4813bee45,4.25e+08
d62663a447beaec69808f85a,399200000
1ae17f134221d5d9ee69ebd9,681900000
35e55d060b1c4239a85c0ebb,511400000
45917f1bac415feac7e41124,504400000
ed44705c17c414af8442b6ae,6.19e+08
6f01f2c67343ebb8ec717a5b,6.19e+08
8f2218126da9580268661c70,767800000
5b36bc6e78872d2ca6d3d1f9,619800000
c5c7631ddb5b485d0e992f7b,634300000
43c88f1874dc7f91c899df36,1.185e+09
dc544c90e6ee38346a6002bd,740400000
02990998f3621fc5a3d0ee63,436500000
dbab5ea45ae910567c97fbb0,693400000
bbf80c409ab3a6784028eb6f,365700000
40e56beaf4a7f28f8108b132,365700000
e857db57a89e165eade00770,489200000
41fc4ca2b3f48508d840bbb1,606300000
08c1db1e620e975c4d476b2c,524700000
8a1d93bbc83f4728657317d1,535300000
6be0ddd4180b5eb92908da05,409300000
ff1498465e4db86f4f652e87,496600000
6410d336f6e61c4a81403c61,429800000
169cdb07bd175b4325fd28fb,434700000
546b56fbf616a6dfd1ad9d88,708300000
666af58bb684c2d8e7574e86,699600000
9fe75dbfd537f9ebc6653f18,614300000
ef961c130fa3b9015b103154,804700000
035ea0f13f2ca01c902d5388,629400000
7800f742ee14c4b4142f8b58,623200000
0c621256c4d7ca81045fcde2,749300000
50db9d168354ea3d75a03a6f,4.95e+08
7bcd1fe7a140b6eeb4df2aae,5.38e+08
49a4cebdb22fc2d72bd1aa78,467800000
69ae1f2868fe714ad8e2f114,369800000
ca4f4a66d83f2043a7dca261,392600000
c0ef32a7a294e5891505bf35,392600000
5ad6f4091b77715b7f74587c,670300000
331e915e2a66fb70380282d6,863400000
3a00543fb00cbc044a5b3527,349600000
81df59c6d8be19568d16ea3e,368200000
88a4da0d72977b0c56b31061,473500000
3ff9e75c6de41de517d1c4a4,359600000
147f80fbae69dd577ff19950,522500000
78beee9b7fab8600d420fd27,462800000
c3733b88ebafc0a05f5bdc99,405700000
568509a7aba60f8fe2d0cd5a,700500000
f6d3f7e963c9aa1783b3adab,753500000
ffcf6794a400aba909383b41,829500000
fa0aa00078cc178de0cc7d96,655900000
eec51f949083f39691e37e15,884600000
26f3d5bc3adcd1396747a414,772500000
cb9e058f82b10cf80990beea,824700000
22a0f3315f7600e5120db131,353400000
bf6845aac15fde9b89a7208b,759100000
6e3cbbbd3f4d0578144cf021,486300000
98a0289e513d5ba036b24252,438300000
597d3f78e2f413acabf825c0,480800000
43a91a731e86b9a0784f717d,591500000
f34ff57e272cd08056e6a243,5.75e+08
6f68b289516faa0b7ef36a34,377800000
8bd8a7e19b6d3b8bcabb84d9,467400000
74b64bd536ebbcd7c30ef8fd,975400000
f968e756cbe6504fa0f32458,588900000
e99d9dcb9880cbfd219b4297,857600000
4c9e6812520f4aea4ce435ae,6.8e+08
78419be95416d2991ade8be1,3.98e+08
d417ff438d2a418b1f9e50b6,461600000
3ac77ed776aa4630c7293240,996600000
95173735a8f6e554f083c065,1027500000
83da39bc1a2eeb75e2825c22,565500000
4bf89c9e50c5417ed669c481,715600000
f90fd39477c8da38e33ba0fb,597200000
b45bb2d0d137de6984d4e1ec,667100000
bb812343bd6cd66e9cf9a9ba,447200000
e299f614cd8ae525fc8fd0e6,615900000
521e9326a2003c7b56fc4365,783200000
dd59ac4f6706a1399360bd14,710200000
d6c6e7f923ce2cffba8ff9df,605200000
df07a34d0ee2f78f115c45cb,1.042e+09
db6061f876f890071f7ed957,1132900000
b31601cf48b268f3b4107564,816200000
3a9b2ef74c59e96a6b107357,3.84e+08
d600310e19c926cda14ac923,590800000
183f2cf1a1c7eb9700b6e72a,1255600000
42556b1bae874a5c09777873,1002200000
57c1ed738536d177d66fc52c,1227200000
26cdd114566b7cc63cd96fb8,680600000
0f679cc583a47b30ea132bbb,598700000
32ea7e13e8d9391aa9b7ab9e,386700000
0a482968c7cdf212401d72b7,532400000
85e4ee2583c51592d68ef5d9,383400000
f4ce15aaa352d707b68cf773,485800000
7d383abbb6ac49c6599ffb0c,698800000
6c67b1b0991a1d79251855c3,1022300000
9e52ce2cb6f6b7e2a152dd54,652700000
bdeed3a7395cdb9b175273a6,976900000
423ddbfe2f575e6bcb22e7b8,897100000
3247399a31df838ec5fe58c5,587800000
bd57e5cd29d935cb26006835,819900000
bf00f36c4dbb273d7ba4b7dd,472900000
48b9efef82faf72bcbdf66b2,654600000
d2526a3e39ea01f87c99d073,788700000
651d5cd65f80c4938deb7da4,547700000
0be7803a34b11d89133beaf4,449500000
a54b0b282edbd217e9509287,664200000
550c5061428d09afa0c409f3,535800000
7538c609fdd115c9dac551f4,769600000
d7e3cdd3ac239a5c318f2e9b,1051500000
9bb193ea939c5308a738fcef,411900000
33425419e1a8e854418c5180,343300000
fedf2e30e390f5cf74b27e97,393600000
024c5c787d005adbe770b9bf,444200000
13f681a090b36edf38a4abd0,396500000
442c6bda79f63bae28674b1e,439300000
47e0c773f65485ab7c78d49f,537500000
9e30b310c820d0426f504d90,479100000
8cdfda9067e0934a8ebe0894,566900000
0a8aaa78f68d43e3b1bf6c51,565500000
1101f533fd18cae5d32c1cbe,684600000
9f6af9ac2404a8d55f24286b,522600000
75060f295e0aba8e1224f766,515200000
f0e68102ff84f49d90fe38f4,4.62e+08
3c45bf3e3e31e7804ac91704,553700000
f908e1de4c4be0d77411a998,603600000
ca643c04044fabc6fc566d12,915600000
8aa76df8fea21a42fb6229ff,659100000
c214d2383936dafbe0652c51,654600000
993898470c6676ce46ede92d,713500000
18f6240cad6e92f9151099c5,7.73e+08
1e63fac2629793fdcb793f1e,727500000
e0137390f0186c98f4e91263,887300000
e35f95823a486c52b0f4c2b6,602800000
ede10672118071a215ae09fc,716600000
fcf46edf6d612ff1f5ed6134,886700000
df4be33c0931aa86231b7a2e,907500000
53fdb16ec08e794dba9a10ea,856100000
74c24c5e142e5267456b24a7,819900000
f1bc08407f40396c094e0499,783600000
496ce19c015093e97144d375,554800000
a183a1c009abf7251fd725a1,915400000
6bdd97526b1a9cf10853df1b,834500000
f083a8f187e2227696695ee1,591900000
2621e068043a5019aeed6c8c,698400000
3b43e7acfab46651b099b1ed,821300000
6565b3281cc2d632febbb6dc,859300000
09e47ad8508e7cfee83c6d68,832800000
88b02e7b20ce6db956afcdd2,1052400000
bfc41facefe9428865e4c29f,1013800000
569bb17b961fbdadf7106d56,946100000
2314e3ffc7242a429e00207c,863900000
4bc1e2cf5e5ffcbe1020df08,980600000
949c4a5382aff4750b4dff83,1117500000
a63b4a22614d334b4a61ea16,808400000
734fbae84cebd50aaf71c48d,1169200000
f92935374a7ef86314223c5b,614300000
6cc8e22f11d382206273af23,890600000
701768887155444b77c4f446,383800000
13c86cdff4dd32a9f8b9adcf,939400000
8002e2cd1b70ddcae88ebc4b,767600000
d0d77497c8a7d567f01d3afe,753100000
95a7b01cd60cd10e7364a600,560100000
d1e38d7cbd32567c874e194b,665100000
e674ba41f9657ac8f30d4f7c,621800000
6bb760d54e5b0f54d9612a8a,740200000
9e3bbcdba89c647e4ce53182,486600000
72927abf4bcd53d6907aeeda,990600000
aebaae467e5f01db3afe69ff,444300000
3ad457c8855ab8921a7974c7,769200000
1f3d3fbcb686ada1a96e01e4,577100000
0775d831f68b88ca59eb871d,924300000
5fa3b0993cb43d3c72c30093,654600000
bef19d0084cfc9f6fa37ddd0,676200000
85a856b4d0dfb1fae861f513,584200000
07fa1ad76017843232107517,1113200000
4049086139009c35dfebb3ab,465800000
655120f80a39c19221623311,605200000
71dca93007d6ba45fa40eaad,707400000
9f41ce015f02d67e193c41f5,415700000
9017bd24d173b2fcf564b32b,932700000
e5ef29d41082025c42f7c921,580900000
5c60d7880850970facc54bb8,857200000
f51fce25d8376d48fbe73a43,4.2e+08
9dc7b0a394309d8b76d0bb7c,769200000
a12ac99bf63b547fd9180a79,360700000
378d846a7af35e0c3efe53a9,870800000
0872198056be7edd5eff220c,755800000
efddad1eec775ce61d3b7b64,694700000
70c19d59c6b9e194b6bc09fe,641400000
b0d3d98076883f346cee8d04,734300000
c7694e92a97bb66794e62fbc,584600000
7b4fcc72822460a428c19282,852900000
a6baf4631223d9b24de8b590,354800000
a6f616d63d134f14ced205d1,998500000
50c123baa5783185ddbe29c6,705100000
24756921525595f1684929ba,487900000
caf9c761d21329c993a0bdf3,856200000
193d70ead1ff1043845e7671,560400000
62ea31859e01c2f4d4e97baa,700100000
272b5b5c28e46c6f5ad95c22,518100000
552ab0964056c1d1d1b7398c,671700000
23799891583435710f66303a,626400000
34896afec0b639648c527483,964200000
eaf53eeb911ecbae638409e5,400400000
b1fdade0fbf0470060fc2708,495600000
8a20478528e97700dcc84abb,4.42e+08
702525f05b47353c95b0905e,453700000
b84c837c5a1fd0f1ebc5f8a6,4.96e+08
ee2d16316e6f4f2388494c7f,650700000
ea4af07bef4ed93e81ded95c,1190900000
1a71d0d3503f9eff28acef6f,940300000
1fe392004a09aeeaa6e8bce7,500500000
46d4b0cdc81137aa56f516df,1076300000
4d666967b74ccdf5b04e9787,331200000
fcf79745f8cd716d3ff9d27b,459300000
aa8a19a2fd3e2cfeb3b7dbd9,418400000
f055602beb49dd6040641c9a,389700000
7b1377c8d81755bb9b501064,496800000
17d0418e4a439e9de8006f5f,812500000
48f1c6e343a4724ed865533b,855300000
353207faab3dcf10feaac8ee,969100000
ff188e88378c8e2abed8119e,742200000
424b41f5e01ea2e2ccd3ca48,539100000
608cf4f46a188cf84f853c72,512300000
f9e7582dd99d36bfada56249,813900000
d52f04fb69bed41ffb10fce8,590900000
ea84b58f733c8e491db98a52,798500000
68699eb9653684fdd3fc79b0,608500000
31f52502e89beb1b2e0dc3d3,625500000
fd41747287a480d5c4dcb56d,1123700000
b7afdbc1b57b52e6fb03accf,1026900000
48b270a493af4fa28dab9211,442900000
2a787b39e84958ca6b7001d0,654900000
e439c77c0d871996bf06bf88,728600000
91b8b9db5372a2c3a5c30c58,624800000
038272b33c075765464761e8,512400000
fe8e45caf7605fb91d6bc5f7,658300000
d354a2581dcb183c0cd70540,451600000
9421ce9f204f373a50357fce,475900000
56bd3b61805077405af098a9,481700000
0a606d19ae362a58922b172e,560600000
ededebb1a544fb3246d3e131,642200000
6b6c365359d20be719ce815a,504800000
b8b22c1afac62b05ad389dc5,412200000
3e3717eda8ec9a68c9d83027,575500000
03be8ec62dae56680beb2cf3,768300000
fe6c8cd2e792d62a4c324da5,525300000
f9c133f7a12f2b8c1b2beedc,728800000
4ec47b8100d224499ec608e8,815200000
143ca16847cc47d4a4c01ac0,609800000
22127243f7ba3a68c3fc33bf,649500000
835eff7679889fcff6795d8a,404800000
4ed3eb724d4e57a7b35ddf5c,686500000
4d743a1250f7d91e2782708e,532900000
9f5cf735a842860e7ac753cf,676200000
e54a8b735724b2af56c7a36e,401200000
3b39471f854357b7e5d2853f,683600000
91bd11b5a8e0c0124be78f46,397900000
6121943254877ee48716c4e1,436100000
3f4c2c98a5a6cb78d7d26327,3.73e+08
2b6d63d6b072901effbc8e1e,924300000
7e4b240c601e37977faffeb0,924300000
ac29d71a80307cab65f29ff4,629700000
70c77552b1bb67a2a71c2ee1,772500000
54a09a85767156b072c808c8,766600000
244210fb4bcc0a04f2cdff95,903900000
9a2b53c1c7151a8b26a71edc,3.78e+08
918c48a512fd6ff22fdce5d3,699400000
effe4219e6cb56e5ab70ff6b,944500000
936e6d2192f28a2b40939a4d,1104400000
ad9a1b23979f0edd2ee19f38,636300000
8a8e4996e24142eb413c0d12,859300000
31c69cf4d197f97ac594a896,878400000
143f07eb2a8f0a9e26fc4c56,1022400000
e5fd3cdc6a19653275c7f4a8,628100000
5c7efb015b8ff7f108c99723,710100000
394718d9d069a126e13be804,739300000
56f30ea777f5493139f22384,1448900000
37d5a902f1036cf3d80c275b,579300000
3f418a8bcc7adfa87e0f67dd,5.41e+08
051416c05445860d5b4095e6,5.68e+08
887761f34ce0996bb05ac48a,994700000
e02fa06a8de8a603e417d5ad,707500000
6f5929e67fb8da068b91096c,904800000
291479f573955e063f2d8bda,937900000
e60850405ccec092b8fb5d02,657700000
464864b367e16547fe319229,792800000
4c14547b7e02e75204ca9f4a,501400000
6183257f16bce94113879745,450300000
46c34a4e5987c20eb1f5ff99,418700000
3f39b25dedb96409dc9d1947,895300000
e7a85e64ee07971696f555f2,846300000
33043b254b9085fc82ee1f7f,356700000
bd2759d469829bb8926dbe09,579100000
affae17b6cc59bdaa30e29c2,823100000
e611d41aaf38a58acaa0bf23,731900000
0de426088a306321990cf60e,405600000
685982808b30597cc013e2c7,531600000
4cfd1be6a93641b110fcaf67,454600000
68fb3b3cc3e5b13440eb014b,790500000
532bf5813d7e70958f71a480,772700000
06ee1d8f3ea326a0e3a9791d,687200000
1862e0c4d8e89fd2302ab376,1301100000
f3dea3d678d959aaf6b2849f,1.21e+09
2478e48a3c6bedd57c13c72c,637900000
efa36c7738fc14a11cc352eb,405100000
2f6dfe9443645d6629eeccb9,579900000
bc7e867cad6f221dc44754b2,782200000
e4f2fecf58a038d7b18f7160,986800000
a7620d5599ec354541c8af13,1370100000
484cde8e47fbf62a339c8219,416200000
5fcd9836a3ea537fe86d457d,594400000
1b288024824312c8b1681bd9,5.33e+08
44e4574527acc86977f5bc41,676300000
8b716bc4d6d833f9bff3e729,585100000
0ab85344c5fe6ccb0edb6313,912200000
03ad99f1799f2a20c8cc0a50,6.36e+08
6db318f828d464be421eb572,797700000
c3e648317c360c76b94bf541,3.93e+08
19cb65620d2330624252d01c,379300000
dba9fa9642ebc97ccd765db6,347200000
1d2467e5f991b935d676e906,413100000
4091a115125eb4a67f494620,4.49e+08
d197410ebc0e3b9937464923,408400000
722699e593085cdd72102baf,433900000
c059affd0c19f6d4d76f37c2,597300000
855dcebac302ec5760f67121,5.88e+08
f433278518a80c3301f26cfa,707900000
66a45b0aaf5f696d35f5cebb,806500000
0152ffa8757aaaf417e9f997,775700000
55b72f6c7163a9b0b3b0b262,724900000
c8346a875be8391145a2f9aa,404500000
11c86230e62bd2c9ba44131f,1273500000
c4b97a459e2c6d13710fa273,335200000
8bcebf3cdc54d4ec99ba0d88,522100000
ad159116d166e45b70329bd5,539200000
6f060a8ee8d6d15f46289759,591800000
ab5f089f9d2ac1bf52222ec5,479100000
f4fc2da675d6a2583054fc56,507500000
89eed91bf5148b5645408222,528100000
0761d0b7c6e319a75b06d420,466600000
ce84187750fa7aadd141b5fb,882800000
ad77298955813089bce818a2,507600000
3abe8f334f0f20f8006ca5d6,820800000
36445c32822146606f75dfdb,654500000
f9798cc6285c9fb3ed7cb668,608200000
59dd396f70b8458772307895,624800000
83e91710343450cb0812a6e4,569200000
1e7a931100be734988955242,1097600000
bedc5ab20edc896f814c3f06,808100000
f884247fa6414f384480bf38,489800000
f34a38cdec7eb598e55fa41e,684200000
106ad411e13ea21ad68e5f59,907500000
a87c585acf2a147e381005f5,407600000
ad755859e7b6afbc021fcf6d,9.21e+08
8015080cf97316a08453a9fb,632900000
f56d8f5cfaca0691c6ffbe00,716800000
8ad016d414e2d2be053d7612,650900000
8b91a957eca1985938860c28,544500000
20bce83e2b75fc535a148dc8,457100000
5724ecee1b12e888d538c1fe,618500000
1e90d068f3c86c6f691649ff,5.75e+08
0fd954262ee740999c31d407,442900000
a6d7b144058ebc326b9803bb,594700000
a81abab882910584371c7b66,525200000
9e41c4b41cbdc2553d80e362,478400000
b6fcc49ad3656cbd3f4c2ea6,812200000
9a296eb9b63ffbdf2a07cd0d,1015600000
3fbc0746bd620a0baabbd859,5.55e+08
3043d0b025fac4ed90b448e6,436700000
219555efc5b4291791143252,361700000
a00863c7c53b2c059ce22dfb,434900000
28b838c94d10823ceed62e0e,393600000
7e64ab35f5e336d5bd2e1b51,432500000
52f24ab479fad35c8bb5a8f6,361900000
0d1ef14606c58310cae371f2,4.1e+08
a465a567a4f60ac534505bdd,763200000
8694b149f7c0deadf820f0e4,652500000
16d6b756f5ebcacf221918b8,571100000
7d132190218425df1857b8b8,697100000
7c7a3f51a58dfd1588d7c088,414700000
64d1c45a2968b0fbf0eeacaa,9.17e+08
4fdc382b65441412fef509ad,7.37e+08
04ece9352b3810031f3f9a90,670500000
8b5b351e07a26c25cf51e176,370500000
f923bfcb8cdb543c23bafd52,609500000
a15a12446d2e5993a0a6c423,701500000
ab3e1642655f7e705cb047a9,609500000
b62fc917b3e8ddd64bb81018,414900000
835842cdc8ea0a2206c2b46e,570100000
02ce5bc5d5d286a4cc0928f6,600900000
d8e51f7b40bf1887ac007163,656100000
90f320e94aa429856e37bb35,4.88e+08
967a7676754d6f9aa3e14473,4.33e+08
9251f3dafa0e747b6e78f295,586200000
17b5e8357e17b516d947ebe3,618900000
f943cfd29effc9c048b8e106,888400000
41719542347401b04dfbaa59,684200000
bd6ad9a9ab28aaef9b4955c8,636600000
bbff88040e5b20e874cfad9a,696400000
3d6a9a4f2336a46eb62e6a47,1034200000
493367258be5d63dc8db97d1,1034200000
67cf2149b4c214da77694088,887400000
8d2e85825e95f6941445cace,1.063e+09
01afa737bcfa6b1ab530eb09,869200000
25813f7204a2e796170c4836,468700000
3cb1773d90dc240c4ffed5c4,802600000
6c81a0b90366db9f514362b4,767700000
44c8131b88accb3b46b79ba5,436900000
ff185be4fdbe3790c72d00cb,508800000
851f50292e30b0a464c0804d,376900000
6fc2a4f29e3b896bce631ee0,508300000
cabc4fd04b60a66bdbe2cf9a,895300000
61e9c2375626a18bc9920c5d,602300000
396c8060d9767b4debf2a54c,596900000
92ba019bd942fa33ab742924,675600000
ff71037ec8e5a91aad6f0686,579600000
d162a90b37622c1dc6550690,410900000
e1490f0730f8fdc36993027c,624400000
5a066d6bb65d28c2094051f6,575300000
9c7bcf000cb37f48d9f15422,513400000
528a6345df87dd0db33bf822,506300000
579ee47bc31f5408314bca28,484500000
eb61a13df1c8d8d0efc4db3a,474100000
b649d315ff3c97c4e8e9db73,379900000
d8dd26eb78ff22272358e302,531500000
6ae2221c504027acfb7368e8,444500000
3ce908c9b70f349158f7d04a,760300000
7cf74cbec871e465ec2f6a61,760300000
02e9b077d6cece81387fda35,671300000
865ed399cc344e0638e45128,784800000
d9ed55fb72efda67f5144330,680300000
9fdbab0b428f19e7e8dc35b0,1034500000
c061b886b7136a1b00c8ea2d,800200000
fd0f6c0b5234ec1f6c7d1fd8,9.15e+08
9df90c0644948ea5539939eb,1074500000
547661e79bf0c62cb8de63d1,439900000
68963f5f3657cb64276e3beb,735600000
cab0a460167bb64c037cf25d,472900000
31977cd5d4c09eff149e74ea,883500000
23264fdd1059460e079e5810,573700000
4769743185eaeb0e4158e0e0,533900000
780c809c52509bb4855a4efc,546600000
f64d4e029592761bee698958,374300000
be364e85b988ef8627ece74e,359100000
c73c38b652e9418f06f89b67,341400000
213032fd36fa1a6342570158,5.39e+08
d519a8de5fdd1a84ca1baac3,659900000
df91a494d5d244f20dab0eb0,413400000
9be92b361ffd3ea2c69be23b,4.68e+08
cad16b2ea432d926d961109a,382800000
56b22bd973f94a4bfaaf6b33,3.93e+08
84114798ccd01ae3dc97cb27,410500000
fe2bf1f402addaf17a213030,585200000
e01c1b69abb6a4c1c69c77d7,604700000
24671f63cd061228ec0b5b9b,449600000
f54c16df774e70d49355cf4c,434300000
5537b994e85c2688fe555d5c,520100000
1e5919cbe4373aa261d672d7,4.47e+08
cc125d0f70d6d0819d6d90ee,511100000
51f94ebbd6d2533862a1fdbf,526200000
fe409f9ea8d18c9d9ba4d02e,423300000
753b47e2a3b9fcdf9d7fd9fa,4.49e+08
6bdb3153f267395eefbf588c,408700000
9bde9f216ecb90814670e87f,585200000
7f5280804c59f56fba3d6201,403200000
ceaf16e097500022498950ff,4.03e+08
aef06b27b0a080b5ee539b6b,424600000
abc668bf93ec7d1951c65cf6,423300000
56822f406646f93fb39d9e60,381100000
2690ba8b22a95cb837cb87b6,449100000
180172e4eee8ba756207b3a8,435400000
c11cd2e00942ffe56db5ae88,682500000
75a287d87aaf6ffe7b6db546,468700000
08f35bfbfe1bd663c40d9e54,565900000
c2bbdb2e5d0191071e6db37b,740500000
b129a508d1d98a1b6dd2f61f,6.39e+08
335626f385c28e8370c207cb,380200000
898ed7299f0c7b8a99e4877b,419400000
a98022fc80dd6ff27de693f9,452400000
a59f1631e721d231eab4d146,958200000
98c9c866109bedd605ab7dbd,8.3e+08
cc9743189c3671adbb1be49b,755100000
e22b8126863c9ca8fb04df9f,742600000
247715511199c5b680088b56,584200000
6e51ca1a9c2bba9fa0cbe5db,833300000
ba8d6800443dcf95bf9c1037,6.77e+08
5ec6e033b9dcb454c57050c3,836900000
156ecfd8ca6004281b191db7,807900000
edc3879a1102740f2f96227a,906900000
c02ce25a3334860d3bad53e8,657700000
d041129f83f1f13fd7b35e4b,812400000
6946fb4c877f35e9215ef4be,703700000
ff2897a56a0fd08996d19424,629700000
e1b64df8e809ba220c9722aa,657100000
c13263f9c8628bdef086106b,790700000
e2b8d1aba0c583984aab25bd,996600000
3786baf40b31a20f3bf3aa80,734300000
bcf12785c25f6e600eee8fc0,6.13e+08
f85d09bb2ea40bd4b68465da,798500000
1f40dff9a973064aa4737eea,681900000
79beab95c6857412ebbbdedd,625500000
5ed8cd2cf2c6dd5b5241d6ac,608500000
ca8dacc29a57d39640e3e59c,774100000
723655990d58df33d55009b5,1060900000
79a675215fed2e293b27f43d,897200000
57999ba0ed9089739a1f4de1,711300000
00cea81b78d6007eb405d5b3,644700000
c00facb3e4cbb27c47a621db,1195700000
d1481d9d2bc9d1a3811f2faa,1019700000
26313750bd29b2c59a81b58e,922300000
2bbbe93b615c46483056bfe6,1044500000
0f8fa0a074b743c92f0fc56f,1056300000
b925f9ef733930be26417458,922300000
0183b38955437e8d0128a013,1158200000
1c9f65b631d2f2856bc97079,756200000
c11d82cd360eae99c04009b1,1123700000
4a80ffd8e908a3291a32fb6d,921500000
1a0134583a5854d5aa9cdb9f,997800000
5f5346deedcb7cf5dcd1e9be,600100000
f17c8b14e56a76ea84a45fd6,981400000
b8ff548543842246ad439703,1113200000
53462704cfc47d32492b4847,990200000
25f925538316d3cdda8218c4,1.182e+09
ffe653c61bf13df43fa22190,423300000
228d98c82021e2325263c7d2,438100000
f32a7d08d176bf9177dbcab1,463700000
f2c86c1edac4eec6c01ec11d,494100000
06e350e3c733e5a0afb613cb,475900000
e2544529df4efb7e90afcd21,523700000
a639ec3b943cf90cb28bc1b3,674700000
a1320186028a726935bc1cc5,760700000
97337d2f347a50e0ef518516,420800000
8f619dd7fcf5e1a17af301c4,863200000
72569ddc5828fc702b2fc773,918500000
ec674ba8cd16c2264d270901,1224100000
2b05f001ed1a84425a45d0ac,612700000
0a7758f69ddd8fb27a839661,460100000
e3ec7a8fba3e1ea07a135dfc,469100000
4163b665043ed27d7bf26c00,425800000
69f7b81b70ea61f304ccd36d,1041200000
ff61104cbeb37f077c565fd1,452700000
883ee78c03efdb4bdc57796b,441800000
fafaa5dcf66d22bff322c72e,495100000
eaf0f2b00b6994a9ba8c5ed0,430600000
9b1590945c0c7f7b0704d287,662800000
766d34ea891f3af53f1391ba,6.38e+08
b8680f925773229571014e61,5.59e+08
2fcab31c752b699af5e8ce8b,1097400000
96d14697ed6847ee757d113f,631600000
ded79c11c30167a9d8accf77,477900000
ac50dfe70b599ae93ddee4fe,646800000
3fc7a0f9c30978f24d688fb7,823700000
083f05fe52ab15e8d481ad41,887900000
075be16d8d9ed6831d139b2e,688600000
ffce0b151f293cad0a6f770f,1015600000
5997da918101ff14bddf20eb,602800000
e102f1d841d7cdb596d50624,343300000
a2c3da753f0116aa5842d4ec,924300000
43228eaa1230dc0f7f1473df,383500000
4349d6bfd5a518fcb231cb3f,820700000
c6c978051fdc655d21a370ab,563500000
f4cdf3ff86fe70fae3e59f4c,889500000
ac154aaafe98dae45bf9782e,988300000
01f6c99999c154461765f4c4,1037300000
d7d30819fc6ad6e7e41453c1,739700000
383b3198861942064a63184a,388400000
3a2f110334251e97abe3583f,362800000
9b9db425b698a4931173b5a4,539700000
3b51828a1e891f3a52a4653c,506300000
c94dc49efe0a350bb522a56a,7.05e+08
39e4765ae5c8284e1f3f618b,783400000
04b28e63fbba92daf83865ba,867500000
b9643a26731cf2a9a243ef33,786700000
19e03fc1a7ca4b0761eb9ef3,690200000
c0224f0cee5a388014db4f55,1107600000
c4074029fba935dafd82eba8,431900000
0a8d749a2336d8f66a4f19ef,393300000
e84da6ce78339d50a72cd87d,366200000
e9830411c3092327f4e66a99,457300000
17d51fdfe8fd16185bf5feb4,667200000
f07126d58455b20f547c4380,613100000
8fe7db56d501b9c11461f62b,498500000
1ae2058fbe26f384be45df4d,549900000
e74a31e6edd4459d4e215c5a,567700000
c91945dcab0bf200c3ef321e,462900000
933018604a8d5a9020aac221,846700000
876ebdaa0bc953890e323843,586200000
4fd907c202de4f06cade3b3b,771900000
e40f616637f6187024b34086,874800000
f9038f7e24e0a29bd9f3e24d,690500000
b27fc4e7f6042d70a7651038,700900000
e68b18b57fbc5fd6cbb477e1,6.56e+08
326a82671272d893ce699476,715700000
d2655e69f5dbd09ddb9268e7,702500000
440cd2efd45c019c7151902d,1018200000
e5099db945e4f04aa3f0bfeb,614500000
3477d85a434f66df58fbc094,750900000
56991f74ed430ed942b2d6d6,664700000
7ac1b85bd87929705b7a86ca,608800000
0e1fbbe248919eb71e53ea75,548900000
75c16273d3a593752446c27b,714500000
7e74469fe0b030254756296d,904600000
35fca2d53ed17ea7637c528a,877700000
963cc728f3bc207a7ad74ec4,9.19e+08
fa9dec2129f7218b4c4d4b35,785200000
1d0a6bf40e609fc74a319310,544800000
b9551c416341fb167049d4ce,832200000
89131a0af2db172538723b08,623100000
3e66557e876a876c259c40a0,508300000
078144699729ee0c46f36123,835600000
fd15189b99da46b098a949e6,582600000
d69209d7a26bd306bde5a37d,624100000
89690c80b7adcb8a8afe531a,543800000
0e0d19168609ac1d75253edc,5.31e+08
6cd0aca2bc40d83473a39885,678300000
6ea0d50e822913d0f444d89e,778500000
39579c195f288da8d77f5ce9,686100000
bc54f5dc4e9ce267ea592813,528900000
1d43fd3f7fb4e24a0b7c9ec3,495700000
2566d8588566312ffa4fde42,1061100000
8d27746cd9d2532fe9cfc408,460600000
95b822f76b4d3d6ceb0c5077,712300000
eba86391ca00fb217ed1f774,451800000
b9a0575867a59dc5dcbb9cce,421100000
0845e73ae95dbd4aec3f1f43,597800000
419a2f823e87ab67b1311bee,791300000
552217c633d2562cdcaa81bb,675300000
4fd7984773d2872e51574ffd,800400000
a87ed2154a2351cf26f0027d,787500000
a2522c9d3edb7e7a23a42b74,902300000
357e58ef96c53f39e267b80c,772500000
cf0ca58262feb1f8b0dc7b68,743300000
1cb79aba890b35f9d2a400f6,1418400000
d5c79ef12f43e2bc19e22fdc,597300000
776e1192349cb7cf1579056a,719800000
7de63633c7666484bd098e2b,480800000
ca1b1c17572f776fc1059691,510500000
53e94de217ec45ad576fd83b,701700000
ed5c3d2952d2575b1bb757ee,768400000
bdfa334bc331e3e547f7568f,887900000
9c6a01e3c7ef87d27185e9f3,928900000
05d9818d3f9f2a5c358d3911,929700000
f6c990e406b3756ee39b3b30,401600000
19ace6cdfbd8bed6e99c86d9,465500000
6a04f8684e083eb6319b5272,565200000
179bf83034539c8a391e0310,560800000
a42081eac6834da0560ea4ef,586900000
784fa9e78f7cfeca4133e8ed,537700000
978edd828fc71300e6723e06,767100000
61d6969334fc63611c810e2b,775700000
4d592a67596afbca92d26bcb,618700000
50f8068603edac10c87411ec,6.72e+08
9965f598c5b95b3cfaac50ad,755200000
66cf83769d16a4d659edba6d,670600000
9c2c2b01934d1d519e651786,545200000
2b4913f28d07628bf2d3ed92,986800000
9baf7967c49fa209de8dda95,746900000
7a0f887a9426270ff3c24e36,478500000
c1034173dda31d20c4efbed1,844200000
c4a3d64de5e401a86395a919,451100000
c4cef41167a5e8354a61feb4,827600000
f52226b24ca3d5b04b7cfcde,895300000
36d5003f0b5ec7f80e89262d,1084700000
641600a4cbb13b35dc7913e8,9.33e+08
c31c4bd09d8cfba562ed2b41,977900000
0df96c81adcd6fbc2f7141c3,868200000
4499adb2aa3aee94d1f1a1b3,983700000
4ec06163d39f96baebe11bd3,473300000
692cc1c9949d35ae11412fd6,1059500000
f1da5388b772159ec90c3210,942300000
e7ae63f81f8fad37bb9c1b32,448400000
d39797a12d9a4aaf15ac11e6,567800000
efc5412fb02ba9d8f604e493,555400000
bee2e008ee41f8a711fb8d29,622200000
80279a7533c44bbae477ea4b,704500000
edc43e57b2905405a13f8f3f,354800000
751795587d1396e0daa25783,540200000
6d90801ea8cbc12f9e2131a3,435900000
71fe067a5ae994180f530686,435900000
2e99240e23b0542f1cc75026,466300000
fd6112c82d5808311b08e29f,385900000
0ac639a7c5ec115b3df8111b,385700000
af0cfebd54f32b9b92c5fdf3,435900000
b0015b31facc48a49f1313ef,399500000
2347f69ec1ce4a3fb6989eb7,431200000
209bf65e11bd7053d9658824,704100000
41877a677d1856bf609515fe,679500000
cf60297d9d9bf1268f35ad95,669400000
a33800eaaf178e01558ee926,686800000
69e663ffb4935aecb875854c,6.54e+08
595415e95e075b70c39d5c5d,647800000
719679261d84d6b93035143d,6.65e+08
9f149071cf61295815e3f875,897100000
3d24d985b95a3e200a734bc2,949700000
bbe705b86c6ed4da775b68f0,339600000
e1d875468eea7b2eecbb49c7,707400000
0802b7e10706252dab8db909,584200000
2f412384597554f3dab07985,990600000
da8b5c8a320821ab8ca00a80,8.05e+08
0f10d20cff5664f9564bc88f,1113200000
ab8699d3c685fa834d7ccb3f,740200000
85956152686438c48c52e018,736800000
ed9c4f4e06183b15b877f077,593800000
12e32a758e15fbeefa255207,6.84e+08
22cfdfbff44541dba9091753,751300000
314a1e163d0b77b0f384da29,383500000
23959a0f6e27c8c2b4a7f436,727800000
6ab5a87a537d2ce326c867c1,538700000
d9ebae84cb53d29bbd8a466e,393500000
9511afb73b656135daaceb43,788200000
9231ec89e58a3daf459c5b43,1185100000
8d97cda83fc7353a86c9393a,995400000
3b380c563ed2505b7630feaa,912900000
6e5ca223128fa2de422b4009,442900000
ee30ab004ac5270daf59758e,659700000
d6fee4f680569a54f4267215,688300000
db3b84e5b3a9097392a57319,691800000
cef379fa831f936cad745dbc,601100000
4db8d32011163bc4fe01d02e,608800000
f842221d74340270e757fd41,912900000
f6173e36f95ad05b8e94321b,846600000
5960f14f2a81075fa66568f8,523900000
cdeba97450c735185e486eab,607400000
f9a802cbc802d49a087cf23e,991300000
6a9ef848f22fecb9569098c2,888200000
f3986309e4fc4cde2b5feed9,745500000
6c3435048735371c36dd3892,816600000
f019dfbfa7fbbddec988fb25,1434700000
4526cb4a2b8238dcc4e496e3,1106600000
95561bd325f60967cb6653dc,842300000
9f3e09a3461bce2fee7e1c40,1.229e+09
1034b1af0331daddad70f3a5,505500000
3ee9cfee7b0acd482672ed47,830500000
adb51a572f3198367e3760ef,679400000
5c802e198dc0906016741026,427300000
671603ba1f755be5d7219a01,441600000
001d77bfb387bdf0b53e9e83,797200000
fd9fda1abfcdd1066a177e14,523400000
e1e78f3432ea2dff6b69c6c0,638100000
378e6374da00b72bcd7920df,659700000
54ec4fd8f49c897c644ce83a,684600000
a67ef3a182aa268bc4d9ea14,675900000
8100a4b0288d5d9d9dc86d2f,504700000
699ac8957d9b4eb7fcfbcc40,625300000
7b35a3e9f3e67fa1974f5c25,566600000
6e5383a7f9a68147c2788565,871700000
fca1c40a338288036b1eb25c,880400000
237da4784755f090c89f07be,489200000
21a7c5d6ea818dfb25077e13,737600000
0cf7dd52e117832b4698b310,757700000
677c8056695a5a539dcfa3d0,700200000
e4b85269ca413066323f66e0,1036100000
9019f1dd02ede61479b62406,592700000
958f3e102c6ecf5f6386a004,606500000
b05c741bc5013a7a6abd31d6,606500000
2c58f2cbd00035febac060e1,517700000
89d36acc5f617a6a97e02f23,433100000
2fba6801eb9a7bce7ed2c081,524900000
45ccde79aee811756030903d,554900000
5bdb5174517b8faa23df9587,1009400000
36a11817b32bc24eda6ec8eb,577100000
f1319a9332946bd68db250c2,368700000
39f70d6b68b22668a0631f37,565900000
3958d0cb732f3d623764be54,411100000
f67028acda5ecaa4c8781ba6,783600000
76f50ce5f30cb96d48a69357,575500000
9e5efd4741a57b9af54e9265,840800000
8c45ac143f5cc43e9249c17b,675400000
2a66eb4d2a205bc4474c0afa,785400000
85cf1ee98e1a85ff4619e27c,658700000
84c2ab0573d3cbffa0be90f4,707400000
48976c41de22ddaea3f8c296,4.19e+08
001c03f6103d35389825b62e,698500000
ceab390b6906d5cbe65fc402,489400000
79f989fd66108a2c38a9764e,691400000
cc385eff95aa00310eb22111,814500000
ed764bed1d05cb1e9a4e67f8,1074300000
857c5dae475eadef41c25603,6.93e+08
7148b0d9e2e1e92d41633230,542700000
7f3e02524981fc7e40eccfdc,386700000
ccc625df8f51248e3dc93214,388200000
b38776cf09ec8e90fceeec84,466300000
48ebc3d79e01061c926066ba,338800000
9580bf8358095abb15a10c36,307200000
d26d35e33a0cf88f735a9322,516400000
b4c2a0a1a63d35a9a08a6e15,753200000
1bf1913f806bd4b461233551,398700000
34d1394dbb483e55d1cc2da5,381100000
7bef2da7f3c160e94fe91ead,423100000
528014ff6b7cdbfc174f4fcb,566600000
bf1dae54bab00fcd3e8c9ce2,544900000
f270dfd9ef449a02b6d7ae2e,645700000
31d6f089626c4fd08536fac0,466600000
259f4f7fd5d851be70d63633,417100000
6b74ef5c8ab1df614bfba866,996600000
7ee7fba3a30e0e7c2ed3043c,612500000
b24bd44eefc3ccf053939dfd,429100000
0545fc14aece3f37864ced2d,526200000
e07eb36210e90ef0419fa0d0,774500000
3991b04509fa61b36a8f7d2a,698800000
387af5fb4b4a7f5c3fdcce57,652700000
6852e8bbadc1a9f4fbcd695d,828400000
8c3373f9c0372b87ef021512,804800000
6123a0dd128e45216f832e3d,714200000
0913364c688d7375d0f7af5d,413400000
8831ae77efac99a6c58ce05d,654600000
b6283a5714e0b977110318ea,487800000
d2d8f5356f77507f8839280c,780100000
f36bb15462fb29f80b127458,1096600000
7abf9cd6b26e2e2bb6d91e5c,810700000
1a5f6f7e8b7af9d48644f1e0,660500000
8e2a5f8431996ae0db65d0be,785100000
29535d858fa3a11792697820,1054800000
8e4df02eee6cab9bd1011987,681900000
5a4039f0ca12767138ae585f,455100000
d84248b3ce8ff6f5fa480a83,460200000
5838e86b74020a5bead56161,458600000
02091877f01c926c350b013b,471700000
df298574e35dda90fb568023,379300000
d8b83253855448caa81f7780,471600000
1163ab2c0bc8c998e121b922,371900000
14f9ab54432e5f54a50be4a5,404800000
f4e0fa1172c1d4b70b6c4d73,395200000
4345863fe83682f6091d8a77,413400000
6c5bbbfa3a1515e5cdec9ae1,693200000
742da63af109164c21dd57af,514800000
fdc28a68bf8a5bc86288b4c7,552400000
0f4b077de4ba5f5db6fb0065,630400000
320ff6c0320674fd278f6fc7,537500000
6acf9cef08906fe569c38572,748900000
853febf898a1dba351d6f917,573600000
8ae41ff6a828f175a9f628b2,7.34e+08
56ae6108c1b53c649da2f6ba,635200000
aa990d4e5f1a0fc4f0bb29aa,531400000
cb8b826e929f4f8a8e3687bd,605800000
b85a7389bab2e651f05369da,479100000
1fe929afafa91bee53df4e86,547900000
02e89c055b7692dab024defc,573800000
66bc6e56bcac9bfc4a7341d8,635700000
63cee15dc4a6808616a2c2e6,6.66e+08
9a889078a0225c013570609f,466700000
3548fa5ad26ba2ea999380a0,560200000
d9d8aeafa748f8f1ff2fca22,995900000
9e2c21d635fc25f7790cafa9,352800000
f99adfe85d32b0a66f4d483a,510400000
eb64fd330053a41ce5be4a7e,411200000
ea8d704272b2cd066a7e7867,1.01e+09
e7c92ef9784a92c8b7fca693,9.71e+08
a9b83e18ae78d307d1b39b15,785200000
ab8d6823d905f1f0ccf4a75c,604600000
8447ca83d928dc34c2e7f9fa,490500000
5bd24b842a67601630036d0c,816200000
38d5b9319bc16bae99fe73b9,538400000
e1558509b120809eface5b87,6.37e+08
4b8d7217da1b1f225f254914,972300000
09e0c3a1b90d46c361007323,659600000
d090a9e520ef74848bb060a6,8.13e+08
07284e4caec09fbbb16adf2f,809400000
f8bb20be599b79cbe29f36cb,739600000
07dd30f04c5953f325df9aad,828400000
622872d345b4b0d9c1b9302f,678800000
fc9151dd6f8850502c747bab,588900000
0fdd03a2dfb18e323d96f468,872600000
ad7cfe29b56c915dd016897c,6.47e+08
f40a182d82c489f55c64ab7b,918600000
fb06aae0e711d628b16eb910,665400000
7dabee85f750266dce02399e,780200000
ebcab2f8506c64a461591d1c,565200000
340f96c7de105aec5b7a28b9,737800000
be1c6023731fb633c4f41f96,403500000
d6b051fbaa13e3d92a798521,7.88e+08
bd04c8b6b5e381cd5f881379,450800000
2ca47f5c36ea5d1cf00dbd2f,499800000
3f2c18ea5d8e9a25adca4c42,630300000
5bd59dbebb0d6fa71efa4c66,557900000
bdac2f1c4b306a7742f60ab9,785900000
a0e26a9d56cfb3b7228e5d75,547900000
933740e21e9b61721b2c6053,832200000
a3b9c1a3b81f17e6b22b6152,490300000
445e241d8bfaceb149609d6a,496600000
937f0b37f566f65a1871615d,4.99e+08
9a76a405640f670c6355630a,545800000
7a0f351e8562fb7aafe6e714,405900000
4c5b79f3656501fce2e2178d,752100000
201053b106a0b89a0a47e2cc,648200000
724a5f9542f86cc43334d3e6,372500000
afaadd87a196e04b934e0b1a,380700000
a46cfad2458ac7ca4134818c,459500000
f640eb21bdbb9369acc4e863,380200000
8b3350aaa66b9fa1c682c15d,493100000
1340b0805cb34eb9a982190f,417400000
055d5ab6b22d4d0ac325fe73,681900000
faed63c1287896e97987c4c9,570700000
a094be8af52cf76977fa5083,7.21e+08
feb3384733ed8feeedf9ce8b,7.21e+08
eec4d59429b1d1bb75b4d686,508800000
3e9754a961d2cf348c9ff7af,442700000
8f8a92abd28c8990534e847d,636700000
256491790d0a2d5e1ebdc2e2,4.36e+08
ede7995bc4e7e672fda4fa5a,836200000
9e8a11484838eed1f4673a32,599400000
8aad5795547ade3c804c0ef0,646400000
4ec4683fcf928d9fb33eb7b9,613200000
ee18825bcf4065d29287b54e,1.14e+09
485cd615660dda11586f797c,6.8e+08
8b450ea6c21fe0b5157529a4,663300000
0d45e78397d4bc0d363be47e,701900000
bfa4cb65827c4ebb91478e53,800300000
deb2c93acfaf6994bb3c0608,6.41e+08
571e1a8c252cd67ee0475974,774100000
04e337d3c692f3429d47aef4,816500000
cd2913f013727119158b98c0,1038200000
ba63594585c484bbd20ed3a1,5.01e+08
beb7b99cf12926d8714d1c5d,637300000
0fbc9e52ccf1b7ea8136cbbe,7.59e+08
f36031f3a3f77a3fcad337aa,715400000
7738f18d533d0f0379e3a06d,810100000
20c3cc21b44eb37d0b359c1a,1158200000
78257e76c16db549022fbf2c,1056200000
4baceaad0b0081bdaa37473c,1054800000
6bbf67d88846e94a63014eee,1237400000
edb259013ceb62ad9b23eee3,1096600000
ecfe155a407ad2c2f74522e8,871400000
6906a20be4962df7725dda7c,772500000
5d86b884df3627d93f206952,921600000
cac3eb4606346268cea48e32,1.182e+09
e7439820086f8d1cb13d7c9b,665100000
b940561f2d48444e139eaf71,414600000
4433060d0fa95ae1382f2de1,462700000
27dd503d4fbf4d5f5d850d4d,825700000
42a73bad238f2d3f5e376044,524400000
2b53b13cd912f353cf9c4757,557700000
4cb59b46927df31150830d5e,475700000
2f3d01cbf0ee0b985386418d,447400000
d12e6de49fcca906c3586994,382100000
8f541a839df1ae79d563427f,420200000
ae5ff2b5eb4f9ac44fef666c,446600000
ca77a424800783bb9c5c0450,962500000
c0ec1e7ae2c6c3c2f2ae34b8,549300000
2372f7c0499de8aa2e5ffa06,571600000
46de3fbec5bc6c0e256e7751,487600000
4d8b338266822739bc9c8fc9,997300000
86d46a3fd9d7bbcac3319829,817400000
b13fce1462ed87e57ddec917,890200000
625caf4f4f56f3f6bfd3f786,374400000
2214e2c62cf8d2d14f11d47c,500300000
cee8fedd5685633435d77a06,686700000
061386497cc2dede3ea70b1e,478700000
3ce50f34a7974ec17178a79f,639300000
855ce1721230ba103fc0ae84,388800000
ff3b85eb538fb9a7dd03f459,299900000
111bf82100a6fab0c9ded743,808700000
8877941794810464749ba5d5,728600000
1122a042822658cb504dc147,808700000
d7d924ec35768a3e6bd39b20,563600000
27cf45528b4266162f7c9029,451800000
916f946082d03023ffad6f2a,7.18e+08
68181ef118970fdb1d83f030,1074300000
2f0bbbbb466fae3fe5c4f614,4.53e+08
17c8b228fa2591e3a234d55c,473200000
e5d9afdaf318dbe749bf9950,473200000
ce2cce355f493a75ab59b242,495300000
b6825cfa2fde9b42fcf04c59,484200000
6fb3e33e16eb81331d389ad7,352800000
e29d9a401a246c00f5eb2413,661500000
fdf103976a39cc12f5effaa2,661500000
d1526bc5e5446680841a9cd7,933100000
a96cb9d988f5dc99bf5df4ea,933100000
760125efabf13246774a9f16,608800000
229607e2faf76efeeadcdfce,454400000
f14b11d270282b317d9cbadc,792800000
8a41638edfc5183469b6c43f,3.77e+08
ba249dc7eae0609f20ccf234,706500000
0dfc7d77d3dca86a221fe62b,1123700000
ed7f61ea4c9095bd4aca258a,450200000
d2ce77db7cade7f2c6189002,487800000
9d18c354e8939c9f18598f22,494500000
b95689add02915dab555d9f7,1133600000
1c35d9468cdc55670d48db84,958200000
caa4aecacff2beded2e76beb,585600000
017487de3455d9f642a7fadc,468600000
8ed9c13717d2bb274a81e460,1056200000
c2eeb1cf0549df1359ef4dcb,3.52e+08
3a413637f3108ddf7bd53bcc,418700000
145a241c80430b1e4ddebcfe,456100000
c954618c48b70cb00efb49fe,437800000
fda6cee77fbfbce6ec0eabdd,620300000
b92c9c464e23f8b987290769,406800000
d81b170177769c0121b8935a,863900000
7a832790d068e1e85182b5a5,449200000
462ced9cfb28550c160e5664,769200000
edd9a278b86b1c56e237a0f3,589200000
fe9b6a82fcc3266ddcb3e36b,608500000
fa74fbeb90bdaf8eb26f8329,703600000
a70b6661eda6ef616e19dded,399500000
cbcf4d76223673724b0f9811,431700000
ba16ae6ca55dc3c0d5480944,651800000
3c840c206546c20b3e53d4fa,544400000
c61076b24927a46ef506322c,6.97e+08
2e797c8302fb7ada13ef2d4c,899700000
3c9e3b97db788dcd10acf0e1,568600000
28db5acb7b224d44e3d7ce80,637100000
c7aad87d39537083a5620757,529500000
099721566fdd0a32546fedbd,622800000
bc67f29c8679adf31353bec6,8.28e+08
eb40a304997a6e66c550b704,932600000
3882da646752a82db088c614,4.44e+08
68c319925551b9484778bb65,7.31e+08
711b570ff195fb77229deb35,1152300000
e7a2e8e1c22a52f78ffd1b19,1147400000
814d93fc94b4de6d3a860bcb,385300000
817da44fa842fe304b93c199,388200000
5cb29f5aaad14b6c33813580,380700000
8a1105028a1a1b83c5080abb,382100000
82b69c38d041325a4bb2fbce,350700000
a57d01ed5a9641ad64f7f032,417400000
90186e67d802be6d12eb3696,606700000
f781bb1ed340e08b23258ceb,448600000
db05818b6de8d77c1c3fd053,449600000
f4ed8924f5d1a3e6374715aa,485800000
d792d1eec60822752c8d52f1,625900000
47a3c63f65a9794384c655dc,681900000
ebacf31727972e81d0a0d904,642900000
a759e4c03e49c419c8f0cd2d,808900000
0648a4bd7ca088f4b3834401,698800000
b25734bf3ca94e775f467e85,465900000
65a8795e7a5b88acd7a469c4,649300000
b799aa1dd2de813ccad401e8,660200000
c01440b8ff0d80e7bbad715c,5.6e+08
a20cd5193779526b43612ebe,630200000
0cddda1c211fcdce819d5f8f,644700000
69bcce6b58fc3702580d3234,825300000
ac7c0c806b57e4942d9ead3e,725500000
aa9e131fe4e7982a374bbb84,660500000
290725d6b15062397597b954,706400000
5f0fa37b7c5cf77e0508abd2,559800000
c76f482d2a8f8db5eb79ae89,709300000
f651cc17b051c962e4124795,781500000
250d84aac8add089061d3204,1077400000
d3f9cf66c1c05f55325b894a,1096600000
7198cf5aae5d0d5ba2e43b96,1056200000
766c7906cf0493736436fdea,1414900000
78f670c0d7a26c0323281ffa,636200000
ec0eb8d68807f52b681f138e,1054900000
446138cfd3749c0b6715b0c3,8.69e+08
64b4837e4550ce39f2f85342,827300000
1103c663f6b5ed0309a767b2,538400000
b9a573a3f2cedd87c7dc6477,555700000
de54862f5b7b8ff345c6b297,479800000
16b3311b337c0cb9312ddba1,417400000
a1c2003dfcdce97d21f9cd15,681900000
262688a95a32f10fa070a887,429300000
8e374b19fb87640c56243088,650400000
4032d6a6a13399797a794ab7,675900000
99f1712af0fe96f67d11037b,457300000
bcc584e6a08822158e2a1454,552100000
ad14f4403926de76de2604c6,383400000
01f855427cbe3eb51b38288f,652700000
4673ef4fa28aabb0fe61043b,386700000
f4cf541f02d99ea1851b9f12,528100000
bfe19954cd4680149c682587,575100000
fed8f3bf4a2d7a426901706c,605700000
480aa7fe286f4aa31f56d4b9,691400000
1e9850a50070dd51861a5e63,695800000
e26dcf5836f5bb53553cc413,698600000
c7ac975025713f368bdb0af8,976900000
73fd5bc0aee47d89a160f5d1,615900000
5bb9dac6e0e9409e89aa6cee,708200000
9b15aa6c85804621f5c42566,1056200000
199fe72cad28e4554e359ff1,1054800000
b28ba88f3665a2f26c2f8e47,1096600000
453ef603a66a34f17ae22227,1003400000
d8f4955ed4fc363d6d9ea897,797300000
f2eca7e3226f625807f7d6be,1370100000
361ccd7f37ada9c07ffcf71c,682300000
e7d1ee027da436cbaa122f48,1094400000
554ec896fe4f9d8f2e8eabe0,9.99e+08
ba79c72aa8bbb0517c899b59,820200000
69dd957e78fcdd4d8e874acb,442200000
df91a3c7f364df5e6831f2de,444600000
77866048ba7b69532d0a18cc,610800000
a792bde8819aebc5b2d73a6a,905400000
6293e4a72b5c84782bcdbf78,941600000
bcee01a5d6a36f48d99a5e4b,753800000
c58b56f1202d1cdffdda3021,614200000
ed3275b560f020baeb9ce3c0,507200000
2a872557ba401f4c95e0ad2e,734700000
6b8c1c7c855656b0e56f0bb6,924300000
d6297cc548b16bff11eea51a,887900000
dadce7c7a446a6a177821b73,791600000
f5d9d8082e7652e97973e0e4,788200000
2ef9126614eeef828f797e66,889100000
c70439fc435337f1e8fd2f5e,846600000
79631cac54b1e71c1022da12,1333300000
6fca3b70ba2c68d9e0d2540f,394800000
5b29d453bd368190e0e356c2,585200000
25995099875f0ee622ebc31d,791200000
34bd7be0761ab3d43da7a81c,644700000
b8e15d182ac0c74fba332b8b,562800000
901e3b835718ccae27c8831b,740500000
e1c7a101e5d518583f9a2a7b,680600000
02f6ffcfcdd3dbba94dd7b33,1236200000
2162e09e137eb5f4a1f32b16,437400000
5eb815f9023e6eb97786233f,1195700000
d2ab14487e0ecf640a785277,827200000
437167a9db41b677da7d5a7d,403200000
c3f889c41c1effea85bcc706,450500000
155da5ad9ad19d57a7632cd0,634100000
43d1fb0646562c3f1dd6fefa,788500000
8eb66c4b057dd4b07b5fbca5,522800000
f9718594fa52500c16e3cd71,711100000
d9c46d54ba6df0d21ed4ca49,558700000
d3f688e0deaff6648f2925b6,449600000
093a92c6846c924f88ba8750,929600000
9b1223cd8c9d7b348d6a5c94,943300000
8209afd76e36d8b5c4f7a991,411300000
29fd909e7cef62de53430e1a,464100000
76df3d616d8bc1de789bd83b,440500000
8aa5d44a72b2a6851d14ef86,859500000
eb4e1b72abce1d184dd4d5e4,588500000
2ba24fd47c2ef8520bccf6eb,487900000
1c9e38cd216595b33e283134,722500000
2fc150cf6ea4141106bb8ac4,328700000
8dd46fd8ff592358e4c3e7e5,409800000
d5e001b2f1dad3962cfff9aa,564100000
6e73e42a0d2ef8d6e403112b,385600000
2537dfc786054c61eb3a80b5,517700000
19c77db46d23e0c07a06a8b2,5.39e+08
e6424086fe1cf2a2931f4847,517700000
66526276a7e8da597683e8c9,731400000
cedd20027ebbf47baaa0dbff,731400000
ac7c323295addefb43c62acc,631500000
a8e74eb5eb523143cb291cea,852900000
ad393e9070779969b496fa72,888400000
64d9dff81c79a16579cef2f4,840300000
ea91281d5eaf6b8f436d47f6,840300000
06e59cc783be86bd145a56c6,796400000
7458171e4db497a4cc1365fb,966100000
12d73fb8f4ca87b19ca46231,631500000
5e935d4a03c6abc86ac5adfa,882900000
2754b4e12a7604efe8e03f5b,944700000
9ea7a0d65493cb5487ed2084,464700000
7845cf57552577b059dd13ae,468500000
6e710984bbf2662a9cc7bc4c,386700000
47720fb9e2586dced75db114,432500000
cbd48f3342e63a84173a8dfd,383400000
cb83c138aefeadb184d2c7e0,503200000
397d4e490eb2db8a1b18051b,427300000
4f65732875c007d3c1102140,379900000
1f8ad363a0539a6f2455c3fc,389300000
9535ab027f9f2a9a8fdc21fd,469500000
248993a27da888a6e3ffefe4,403200000
cd07b4553b6d3863a9e444e8,690700000
f53fe605b0a2857cf3facf73,698500000
ae48e30b60ec254bf0dc89ac,785400000
2a0e902f3c07cc9696000177,619700000
d57535248bb34f65ae678a39,634600000
9949cbc958bbc0114404960a,690800000
841c57617a075690ce412083,518200000
9fc4385ea76cabf741d38789,430400000
0367da7dc5374f1957a1b7f6,884700000
7703f868650a8252e954e457,698600000
4cb9319ff5adaa62386b713b,734700000
dbb30f9d010677de2aee1b71,522700000
0b54c51a787fe58bdf677658,909100000
5234aeb6d817b8ad876e50fe,642900000
77359d0d34ba4c9d825e46ed,481500000
b84795015be5077f942f5170,408700000
75f5290d61164d42b39d9d51,449600000
b46d50c84edaa7feba938671,734700000
be8c05b72ee7867fdcb05455,895300000
356712646865d98127b92a57,598700000
ab765acf8b87daf1673b3a97,596300000
3a2cacbd3b4f9a23514b1433,852300000
3c6d485d7b01ddd6147746c2,592600000
054cd21c3b12f165bd520313,679700000
e114160e3ffe6a703eb42440,466800000
a38b2d75349c56ce04f02a94,965300000
71fdd2b1214b9371ef149c1c,1015900000
10970057efd092c98037498d,667700000
7543d0e85e6328ebc8283d75,475800000
db1cfd89dad114c11ab2d409,680600000
760f24a443eb01721c6ffea3,1206700000
a1508f30ba87423e7393b4fd,1123700000
5814dc311aa87b24e26aceb3,8.05e+08
f26c2bb4d5787541e9c36463,1037600000
cf07a5af6ee98d735bde14bd,1306900000
8b716c3dca89b7caa7db1aad,694800000
df89e7dea6c313b0cc262249,385400000
3e2c1d2cba8755ffad9cff27,673200000
6771a8c70428fec0f21d51a1,827200000
d8171d498291341094daaa39,830800000
3d43dd23536f843c2c5bd268,1037600000
785dea91d94ab384bbd6ce3e,698800000
6c316d2bb84fff36bb01f14c,1195700000
08ba99aa6a8ee752209de6ae,493900000
d177236e8c725d4405025916,651400000
9a6b537a7319b3446977919d,1153100000
e2e7b03feffb21bad63eca2d,737700000
f2fa898e1bcccbdb92dd91e9,867500000
2c340ee014e39ad0fd1309d8,709300000
7ee83e5d70855ed21455b6d5,1125100000
fdd4b5fcf9ebadf96545038c,976900000
512b4ad817c387bed877b7d1,1227200000
3ba644c7be754c21e3cc48ee,734300000
cb38dc837baf3e0531c6c115,649700000
5e931fda1e62fe41ff0f2ba2,643100000
0ce9a7d4b0682dbbca68e070,481100000
8d114cef336100a8d8c81ce1,710200000
ebc3a6574ebc530ef715ea7e,907100000
4c2b14bfeacd87b878cbcc92,740500000
577b17cb350bd2a646725b6d,1236200000
0dbe463995c605bcdffb133b,516300000
88f3f39ea06fb882c69bbd10,427800000
e54567ced41a40938b85485b,652700000
cb6d29f005078d4d4efc2d04,794400000
1d0919344e52b315441aeafb,674800000
62c39ad30e9a26d8cf3593b4,914300000
a02bf67aecbac445a12da958,1255600000
06baade01a74972cc4a419ec,526200000
3943b64f9550a575f15d6d29,1040300000
b62d64605362afc574ea5b0b,1210400000
0ef45eb4356e2f0331ad2457,852600000
6700ad4d4d7f70def59a5d59,593800000
19ad2fa7e170c67870ee58f7,1084800000
919c1e281329379c4d130416,1196700000
8a451ef547efb90a8fcfa6c8,1246800000
5c208e5c37aad07602f7cd7f,413900000
164fb89266e40a2530400599,449600000
5fc0f0c4fa019b6f1b2a016d,459100000
3b16ff50ec7fa717efbd62ab,697100000
30e6d4e1c53e9e81ff66df43,667700000
cdae3bf05372c13649a2adc8,475800000
170a69c11cf4f855ed015bed,715600000
e14b31f8a454e47c383cae94,401100000
14a8134a56af1b328321cad4,445500000
ea8cc21bf7d48979bcae1458,628400000
c287dbff188e95f833ab21f0,642600000
2cd0b2d7561919f0223608d5,386700000
1acc5749203f964fa8b2092a,403900000
9543c16bd5eea47111e6b266,408700000
d415dc486936995f8b3704e3,481500000
ab946dfa5b9d7214a3756978,698800000
803711fede531ad1621a6823,652700000
f83f29f28978d7dd76cf5942,740500000
4bf284e6ba81bcaa21a437fd,526200000
d8ed50fbd5ed46d36b3d2dba,467200000
b40128f5e17574a5d3da9a32,778900000
506d4cc6613a07c313a12de4,6.51e+08
558b7d06789a1c8e488c38d2,603400000
38410183814a757520143737,691400000
560a750cb6f8683ccac4563b,788700000
48740edcbe275bed3c82efed,698700000
50b2bb276e598c9cfdb42b0b,584200000
302adfed183564312f9e3087,976900000
063e53d45e5e7945f1f10fc2,867500000
6e2c39fbeb5392e6aee9b644,1138500000
8d6c523d4100ab0c83a31fed,1006300000
6d6aaf30227f16b2be29e79c,1123700000
e73e5e75cb18f52dd7239361,827200000
dd625806063f76dcf53582d5,1236200000
a4b16572b8bb786561baa3c9,1195700000
9446f801f30e8b2997fbd72a,1065800000
941569c4352c3a2e32c908c3,1113200000
8b4c54125d9165554e4123a3,9.09e+08
d50f33fe5acdaf5caf1c6ac5,480300000
46ff039321805b51870c64f2,682400000
1ac6c220eb690db798a3d4d5,539600000
faf872c4bca132b52dec368c,605200000
d92232d77f7a124e7ff13ee9,710200000
f9a136d7944cb7768b598a88,432900000
e03610db09ed7315cfcd64c9,394300000
8c51f1b43f15b70d2a294918,476100000
21d141a84af5f0e2ade9b0b8,443800000
55c7cbf5e572d2342d0d7071,676900000
54c0e5e6d368ec51f6e75c1e,627200000
434ff40bff8fad0962ec07e4,597500000
0a199d5741b5a6213b39b793,585700000
9931470b50580f51e1a4fac7,681100000
89498fdf642e770ea75be7d8,688800000
aba39002de605f9ff34bd542,733100000
0c1c0ba7d75dc4090b7183f5,811500000
2ac425aa592565b44b25cdc3,700900000
c0cdcb5f860e3a974c401861,619700000
4ec741bc6ab20515070cf1ee,649800000
3d4c48167a8de8cb0e4956f6,771500000
f5741fdd9f509d3bb02e35bc,745700000
c1d0c0846ec652774ed5474b,948100000
ed2c02ddcf0e54789d9d2675,1104200000
0e05eba6eed4e55e89dc5f14,1203500000
b29e5a75740c8439aefc9321,836500000
218445f989b2da5eff4029f4,1046300000
0c7da0c2613129bc322b1da5,1.086e+09
a41210034abe19957b317d1b,786500000
0cb4217cde38e09571fa73ba,1099200000
9df0663317db1cf4121a222d,583600000
62be98264dbfd418ba21cfac,902100000
939ce1536f15c0e6bf203dd4,8.1e+08
d9028df78f9b14a720dbaa8c,8.1e+08
b05f4b5fae2f2faaddb377fb,645500000
65ac61968819927b8fd9b990,499900000
1e83b53963792d7445e19d27,866900000
72eb1af691a950fbb7e8d635,385100000
94fecb92077ffe3a72aedec4,610400000
f660a48b0eb17e98dd77c0bc,4.39e+08
27fe3fc3838695ce34c5d287,462600000
9ff4b1fc1970cd5c102cb755,1.09e+09
b54940561992090411749db3,394700000
d4990842f549d8139fa94c87,524800000
f6013cab49ef9188aaf87972,995900000
cc2e8713dd087d3b842d2f11,458700000
fb8aa6b6c5d2499d404f3f73,510700000
6a8b9fd89b745a52703715ab,418600000
4721d06c49413558bda1fb68,404800000
0100b3a412accebf6a3aa4b1,378200000
215e8852679b9cb6c4029ce3,386900000
0afec1b2e7060b99dbe41a10,383500000
4ff17c9b88aeeff105b8301c,473900000
6eee8548b87c9349ce90ac2b,427300000
9b264d26a196a76951308cca,539200000
945fad7539481410e8bb60e5,394300000
f727924f0f35ec9fb58d0c31,448200000
c7876dc81e250503076f43f2,534900000
e4f3e425e9f6e393999d7a08,506500000
cee1833e8964355b9aabbce2,492400000
9a1819c45b01c341647a2410,383400000
ce95aab452311a0cc27e0c7b,478400000
e6eff72b7c5b0fc2677af2ad,589200000
3b368c10d243f6bc9c027061,448200000
510c03bfb80d92d180803887,505500000
664934c8e209352d2c79c971,5.49e+08
689ba3a92dd7c12f1965031c,583800000
93d4c413d2a1ac59f1b46830,461300000
08b09c586530266c14e611f9,630500000
7157dafd306fa99e4c2ad233,568200000
74e15493f395fdd312d50cc8,449400000
c34c94e7129f84267a5e4fd7,617700000
fc0572d7185e132770c3bad7,808700000
5c1bd88edef0a4146c871fcc,627800000
a28a31f7d0e3fc6298606078,6.88e+08
f388112376e68ccb2290074b,825800000
05d1c33ea8c89ded7391ea92,607800000
dfd84193c81ca8430fd27ad0,808700000
8b89813a4ae5f9209f854be1,792900000
d7b9566ffb28c753bea96f0e,683900000
8062b4109c12a95dd62bd43e,551100000
6d305d6f3e3c2a53515d5f6d,734300000
ff143fed55f12a0105f9f88d,551100000
0fd9a2a99c44c9e5565fc17b,701300000
7f85c59323701ee0e75abb92,689100000
19baa03dc4143a83920a7d2a,957200000
bc23ec33573f28442b36f60b,6.77e+08
9957e5492f63fa295772246b,815800000
62e376b22a4cf0d84b7f6bff,6.67e+08
0867853879129bfb46dae700,824400000
92c5129009b7e377fa004a93,897300000
6b9d38e0b9a3e28e3e695be1,1128600000
b6da2728ee41d035da57c822,1251800000
adf5879151c7236f5e055e1f,882300000
bb31607d0bc3ee4a37fc912d,7.82e+08
3ef8fee6a5cf42827d8bf562,869900000
e6016afcc032d20fc9d6f2be,997100000
f3962b552d34eb8bf38b4763,1182700000
bce7369d51094d3a9d3495e6,1027100000
55bfd350162592f2571e3a0d,994100000
3f226452520ee8f04e306bb9,1106300000
b16fda9be5edaf4cbcf07122,1128600000
e6f5ae869a5b7a30e8f0fd0d,1016200000
ab0babf6941ef43c35acb951,1030400000
3bed16373c8ae820187e3d5a,846300000
bc1335d419a1c0f6e6860470,1094400000
98575cb25b358dde32ad042a,1.092e+09
fb50f2f13a30fccc3903577e,1.291e+09
7a608479334951a3afdc655a,1038200000
9cb40496518bb99a7a00a2ea,1257100000
a69ded1c20e05bd6b3a90028,592200000
71d422db0c0c638e448142bc,559600000
fad033a3c81708df7b6ee73d,1054200000
99fae85157be04554b236007,422500000
dcd314dabc7d162cfc29c81d,981700000
1c65d5172e53b4c7f1c4d6a9,844200000
cb6d4db44c789fcfe8236b40,761400000
ee2c509989c7155bb472c5b0,476600000
73b60c9053ff8193c2dd2823,431100000
2a487cfffeb12837a5586a41,435800000
c9d285946ffc4c4b3ee95da8,798400000
6a21be8a7a429eacb1de8c1d,850300000
2a7fc28219bee48a2368e730,587200000
5b169f28ea1dc473ddf11580,338800000
58b3ab31de2f9fdb0da0dc8d,740500000
2054c61f0162a18c6fa2291e,386700000
39940234a26e7264b464450b,533400000
550157aa4dae5fafc5d795b4,716700000
ca87bd8401c0c7bbc4b3f286,788700000
a8fdb6fb681aeae4d5c22f9a,857200000
998c864a446f06d114f42fa2,1088100000
bc57535516748048e38d4a2d,893300000
ddd55d8001b809f304883ce4,380900000
b9fecb3e6a507ba17764c303,432800000
4bd30aa3e2b4aa077ae27490,834500000
d7ee2851bb69088f851970e9,637100000
40eb0c78da8b51b53548d914,949300000
1097d9a61690cc58a4b91e62,415300000
6aebff5b1fb3a438c2c7969f,538300000
af672710affcd7e44eee9ba3,401500000
fbe3b74f9e11c829d4dc69d3,1.291e+09
6b7219005737d8660d134ace,1104100000
042bd2cfb2d33467149ece1e,820800000
d5999beafbdc8acc8a6ad809,610900000
4ba65b1fb8d8ab0a914b0b8c,489900000
230864c9c9c5959f9f0d36ee,427100000
8520fdd4f5fec0ba861ca9ac,378300000
447dd594fdadb1b12ab32e6c,463400000
3d405df6e5dd012419f43ba6,903300000
e120c33346ead011ab7789ce,540200000
505740f7746e0154932dbdc0,469100000
e9a427f23e80fa59d9d517c0,369200000
97388d009acd9e5ad49e7c4f,4.47e+08
a100f050c34e438070ff487a,487800000
96d14a1d29b7abc2cad573cd,582500000
f69e25355ce3887bb1078fef,477300000
86276ef138e0babab9863276,441600000
344f3bcc1acdba48c12f8441,612400000
f3dbdb2b69017cfa026ee18b,770100000
ba32f2964e8b68ff5555fc34,945100000
fb7154b2dfd2a48c13ef70cc,734400000
089dc5de66c6c4132734b9c0,847600000
5c2ba5028fd94a6b9859de70,642900000
e8544410d811163a13c6a326,465900000
74d8df07206df08e8f3dc232,780100000
6fb4126e3ff41b8052fd0657,621600000
ba35cce2e715bda1684c937b,1056200000
d7997b9126bef50985bab347,490700000
da3aafeb2d0105f8e09c051f,478200000
5daf1136686fc538db40afad,420800000
88f632cc304cd769e2d4be27,507700000
c5dc941305b5fb59e66479ba,352400000
ec422df56b811a0aa42d8bbc,352400000
bc8bd1feaa8fca4c52e130f6,403500000
60c116411ab3cca49f7f49f1,441900000
75ae43992df8ef41eaf9d98a,509600000
87ee5c7c49ced4ec99f44d5f,5.36e+08
918f56ffe325f21522cc60d3,466200000
dae09210f48e5bbe0d31c728,576600000
c1ae2af40e1ea9da6380b8ee,509700000
e7b717278f7c95cbfceba80b,650600000
387f18b1f01b1aae536752e5,574400000
c036fb38fbd2d1b59ed5b7f7,7.43e+08
76c510c0ad11fa67f0e9a4de,737900000
ff46d9f7dd86b8bff7cc305c,3.87e+08
23d95cbbc056b4456b94c97d,542800000
fc65a77fbdd07fb490ad870e,772100000
8f0a61533b6a01badf43b6ed,739400000
c26990b034ee83450a4517b1,658500000
53ffa19a09c447f3759f86f3,1071700000
86d80d3757377df6f2b8a0b3,671600000
c757b3960436c23dfaed4f2d,990100000
fd1431e595693fac0406151d,428900000
42b6cf2a5225dc62342d3a20,594200000
6f8a0e8f1bce0243ea50213c,7.44e+08
02277f636716264116015dde,354100000
b72459ea34fa22d1fd012dc5,8.93e+08
cf4ebcab3fe4d12e1a20146a,1143200000
ae2c10850b4a8ffca934cc72,1.248e+09
0e22a41ec27869c8f83f9be9,921800000
22a43024821ad081e654c5be,987900000
2054c223fcd48a48f67d02fd,400800000
9af6ac77a9aa0c6da3cdaeb0,386700000
6601706d2133f96aecfcbfbb,417400000
ce011b7462e9be36184a2984,385100000
f759f71e444c16a59187a067,696300000
84cfb0342a0bf2c6777de39d,458100000
760fd4c893a56a4586030772,473500000
fc174b19baedc11f78b647d2,608500000
aff9e510eba008f3ba5c1847,668600000
a5a4c0f268548993b61d65c6,702300000
6cfb8a07fc1100569413b33a,584200000
94301e20cb91669986c4b34f,562100000
52c1ab7484e412ccbf5d57a5,804900000
2538cfce1c108ebfb1056c8d,552100000
d57541684e5c00bd9354cc35,481100000
123106a60208725514f3a343,681900000
7f2a2959f5ae816761be658c,738700000
fd5758238e7ec91e415779f7,881400000
e3197263bf47b3d37f027e11,625500000
8e5661e79f4fc282abac1f37,818700000
cdfc387f8246a1bb3110d724,798500000
c53f3bdfe8159bae98ab005d,1237400000
200ea08f57fa23013d0e661a,1123700000
603c736378e07570fb985ab0,766900000
cc019e30685c91634d2fd4f4,1056200000
b0d394d6c9b8967250854c66,954300000
f7a79e1211fc72e06a3a82b6,1113200000
8a1ea9d91b3d8a66c6341243,882600000
22903633f8c4d91158f65c58,506700000
bb67d95fc94532b1fbe80ba6,1123400000
a8e696037f8747f562ec98fe,485400000
72e4fa00e8aab44cf210251f,842400000
d70948f87875325380885803,1370500000
a0e53cdd1132bd19b8ba0c54,714600000
882eb7115cd5b8b09fca0e47,406800000
529d6599d8a64c63566a11e9,371900000
e26eafffe4ca3c22b7f4a272,614300000
4e4abc111c07656e5bbdb0ee,483200000
46e7860100b0c09a6a475b9e,732500000
7bfbcfd0fb8f5b6d553c2d0d,865700000
5fedc401fc32ecc4d9ba7e89,500300000
aee8b22ecf19495fc5894a08,865700000
313e17c442fa3040065b7489,5.69e+08
26206185deb023a344eb2e99,984300000
4a9e2358d64df916e2cfa213,532600000
2f6515defc3b21d82e0ca4dc,3.78e+08
a9b18720f68c7002dc71c3af,407200000
af911ba38d5376a8aa53fcef,428900000
025b094e1ea7248f4aba72f0,381400000
f81aa0f575dbbacdbdc681f9,445300000
848067a69d18a171e7fa34f2,410200000
e22ca3f1c8073e246079d57f,573600000
11444a88bb3b230b4feb5b58,699400000
7a9264f3a12de839a42c1783,527100000
6d825b439d8622ab90245049,458100000
d2d317f2990465269ef58c41,649400000
2860e4435c857cc8a661ec97,667900000
39c70622597e64c4821d0731,859800000
2d6f5bc20de99dd0bd4e34bc,734700000
37ac1ae3a7e2a3319eafbb58,618200000
fe6fb32f623a9e3d5586a8d3,924300000
501531d637608f7098ba6242,706300000
69f59487924240bac2e75bd4,887900000
358e1287e24c3c4fb353315b,826300000
55e307c88e2a943acd64a9a5,663200000
19105db21495d546e6792a25,781500000
375419559910484b17782b47,1241600000
c9d254244e315974cdf5d921,788200000
adeb9a6ac3d357bd96c019ea,873700000
b08e0cfc5bdf5bdf5068ebdd,1212900000
8da2439f391c6db92b9260f5,1022400000
d0751cb5e704e28e03514fb7,1009500000
9051c6d14018b4894b560e2f,1095600000
54c3eff286c62f05ebe2ba57,786500000
975ee5aeee84593bbeb331b1,404500000
5102f4786cc032e24781c7ab,625700000
cfcd97bfad6e013aeb57a2a8,577700000
f304bc9e9edfc24eeeb720d5,805400000
bd05a6f6ebf924adf92e5577,940300000
a7b459470ef58ef3bed7437b,457300000
37e009a57645b845b1673b8b,637700000
b70082fdca35092802f8745f,4.03e+08
8a69b9d7461107db6d16d1a9,533400000
adf055978a7a8e9bbd88e741,392400000
6c02bbf7f6b087a1f0c8a47a,536800000
d91017d9c530e058ace2e017,6.84e+08
89016540f8b3fb727d863bec,966100000
506b653545eebba4c8821588,790500000
01fe5add1e7df4b15dd73bc9,681500000
4911d01ea0a4505d5db5bb2d,576700000
68bda8b092d5a53a35dfaf07,1282200000
70bec150e1d8ac537cfd90e2,930500000
0e21abdf04b36e5f6a1fc337,1217700000
f53efb47de2bca5912ad7517,740700000
82d6244acae149ed9ed88e8e,535200000
755a4fb96ff2b2276836f49b,5.93e+08
f15ae83fbc4e4ee3f646b4c9,375100000
eac458ffc1da75fa1a4ab384,4.68e+08
6f7bc7fd41ed908494d8e098,423800000
12d1678bc86ccdcc8ad756be,965700000
6e07d31b81f3fc9b9de8e1a8,990400000
6c618bfe55cac120a4f1e08b,721200000
22958cc4622a0050d1aead77,4.39e+08
c7c3da1f12d872a3726736f5,508300000
ce30c2c7cda56a69005300d4,385100000
7a26e5936765b409b7b73cf2,895300000
8d5a73b1d27a66b3f72fa662,734700000
3b8302dabc47048245acc09f,605200000
909182c92bbc39b00536ce6b,429200000
963da21c3c571d7bbc36f1b6,484500000
a73504d5982fef268f5ff589,594200000
50563038c05963223b459beb,834600000
b9a0058c58cabd619e226178,1012500000
0037d98f6ac46a86e36def45,581700000
38117bca778373247df86e14,520800000
4eeb8b5347526d721092a7be,425400000
0b6cd71df4dde546e665f865,425400000
bd066d5d19d41c06b904d51c,4.1e+08
f10e210fc04e3fb073568323,425400000
9f504cc4e6b170155d38c687,425400000
3e4c1e6435ea1a9c3150aed0,520800000
052c93502aa794e0574db9e9,425400000
343f45e7d178eb780a9a9818,520800000
c0c4fa199f0ad751930cf78d,409400000
5d86154fc1769d4dccac1269,388500000
e1fb88779e55aef2b66f2c10,581700000
c26af6fdd00a85a17b823d92,425400000
be3ee4457a26c6b6ad4237d7,522100000
9bdc79dd02cdf39f92e8c869,581700000
1d4bafec52ec7575161bcbe0,453600000
0f15a78ce3ff90b6894fe3c7,467300000
afa5698724bea14940667231,740200000
4d8e365b35a6b8ebe6d7a15f,458400000
6ff848f65f2507e58cfaa231,3.65e+08
e13947242fe19bc3925919f8,443700000
c02caec41084656408c2696e,539700000
d6fd079beb9f759fa4c6886f,4.47e+08
d14f7f939468e641c43abfe4,485200000
8f6076f8ed13e87862d82255,495700000
8d5e662ba25a71727f1eac77,665600000
bd2f9648ee9ebc1fdbfa53b3,492400000
da8f986b6ee6f594780f4a91,665600000
af7131ea57639ce5aa1e102f,665600000
30e10a03626eeaf8bc2c380e,565700000
6caf180e36fe18078703db02,456400000
a40861d6573e4539ee3c23e5,874700000
d5f905cebe05262cfc44bb11,691400000
809800b56b7b29399986115f,559300000
6b2d7f88f15cbf7d998986da,788700000
a0ede3a514cede68b721d994,710100000
179d467dacdf674a66c7310c,605200000
97f9cfef1e35be84ceea2a46,1059600000
b7e01962fda2102f1402a444,990600000
6665e5bc4774d04321d1ba9f,675100000
6c09a3ccddc797f77d63f1bc,780100000
97986583e1c988373765eab5,769200000
56807890f8587cd75893aec9,703600000
0f2fb3cf22613a339c88f7e4,750800000
a967a4f0b1dd36d7264cb408,716100000
08ead1ac0b9b30c2a72db17f,932700000
1b989360ec91f5da55806bc4,1273500000
b289cd856f9d15493d31ef6f,1072300000
88668347361a227b6dbba15e,8.81e+08
ec3f1679451b9c0037f89386,1028400000
9cd01a5cba1674559752f5c4,1155300000
2bd96c7fe678945fcaf9662f,1168900000
9f118569fb8b084f0615fa22,389700000
033521a46dae036839ad6c90,3.4e+08
bc1ee1f8ffe1ac88f08e2459,385700000
c62886167530efe1f84086ba,459600000
d58f191c74d26bc1fb02cfe2,538900000
981b55d5c38361caaddaddad,485700000
ef26c0f1cd9e3203ad16558f,716800000
74cd885ec200a0c21fa9e03c,508100000
fcfa51e5eec6829b9f4f2c59,434700000
c3bbe8c09f5e58281dddd412,598700000
8f36d25584407d9e3c326e71,710400000
51f4aec91124a9a96f4c5372,603800000
b7becde9261820feb7cd926e,701300000
65070c554133f2b4143fe051,623900000
c2a2ddb94f60de25378aecee,7.91e+08
5ec3abf721e13b0d55829bba,924300000
502aff943d74cd4cbb976dcc,827200000
11e6e5ee92c97e31d34db891,1146400000
b1589aa1f58f6dffa93a3a61,1227200000
783ecf989538582ad008fd95,1125100000
1770bd5b0a07a6aa785e0caa,603800000
53715a484e20d6152c76fdab,978900000
ef73428a38c201019267afb1,491400000
932a93e3ee2093d7f806fef8,628100000
00e9afbd1d27062a7bd40a3c,1226900000
a11a82cec7f8a243e2f90539,539600000
e4a70600296b0bde6c28fb19,605200000
0a1b1a3d68b04cdcb2d757cb,590800000
7c06a2f06cb4226f9043578c,850400000
5e113e1e878da12e312cf875,1002200000
a72f5204153b7c92f52d871a,710200000
fc17f35d300be9680971f95b,393100000
13ab6a062601d40843de37b8,523100000
22abc78ce812c519511f8a4c,1278600000
faee4c33e892029b79b63742,8.83e+08
c8d39eef5a5422e0da4172cd,482700000
b13683c625c97c23333269eb,440500000
00e7c5894c739852052f566a,513600000
2703313a3e5a6fef2157928c,443800000
8dd453e986d05c6c1dd104d2,444300000
22b34331d7ca2ea642d29946,762400000
23187388f9d6e2bffb88b9ed,878400000
6b49a668de0edbe7f8110740,948700000
ef0e5b23069a9fe377b77ccf,7.78e+08
c37348f8247ade33ac513855,862200000
1d19edc1e0d907e5ab0899e5,6.53e+08
c73ee8d419b96c6e7c53f95d,698200000
6251cda3676ecbdb6555c526,706900000
d12d6ea066b67c3db9b2dfb5,902100000
8ba4e8e071e458a13efd179a,747800000
9b8d798a2c455a960ee74503,604700000
d663ca1a0d29b4cbc5cae9ce,626600000
dc3b8d97b11cc2af4cfbcc79,909200000
7d50144c4b2ead9b7b9f594c,844400000
ff9cb7bc0b972d4515ea3837,386700000
267e46cb9eaec6c7009348b6,455900000
1769a8ec5ec94aedc397b4ae,484600000
dadd9ddd29102f529caa3bbe,496100000
251903f4b947b337e0134415,681900000
e1b753c283bb9c6d4e438bec,698800000
16fb51fd3d35db53eebbe5b8,774500000
8f543f9c31af1eb17ef1e353,526200000
20c3cb2d4fa486b23eb81bc2,497800000
6fb9e9ac6d44d3a286f317ae,664200000
15b57b0ad8794d64a2784ce6,698600000
d9ce31250d4ae25c3b850124,996600000
f90efcbfcafe544674c02586,888400000
05a98feedbd3f422bf063112,9e+08
ea359d571ad0c986f826d31e,834700000
b02f1997e6e6f97dc808b8cf,946400000
307acb7b4044cfa5680e4227,915400000
ddce386b0ad3199ca09aac93,828400000
9e28972500d8ca3fb3b76fd9,976900000
687b1dd576eb7d06a08c3439,710400000
23b2b5b9f5bf3e1208f5f80d,1196200000
dddaba511b6a18f49b41c1af,1056200000
874e3e3ec6f67c160807628d,944500000
67ade5109553a9d784886a46,1096600000
6879f05563a9f0748088cc65,1054800000
dce05cf86b42124fc93d41da,1414900000
1ea5db844a6d3a926480351b,539600000
4e9acf6e9f80f65178766740,605200000
a35450284f8dc27e0ed717f0,978100000
069499abc4e393fe540777b4,407300000
cd10d6e28fd7ce92518ea31a,1062200000
3edc0e70e7cf6a21be2f0d53,386700000
2e2ff1e620063f416a387058,740500000
1ffdc10c53bb83d3be84c327,580500000
3c95dcc4bc3788b4cd5602d5,614600000
aa592f388454d575e0006206,453100000
f7e5bf5b0f6157ed1f604d37,338800000
513c6ea5a3c2c560c409eaa8,830400000
7cf15f80838e8edf4f9cdead,9.47e+08
49737c7682eff2513869b3f7,939100000
4e8cdb49a2bdf68ad8d12625,734700000
86af11931b004aad3fd27b88,598700000
90921c9fce21986dd23bc645,567500000
d79d71be963d418a4c9dec68,590800000
c27b2b735106bd5a77a15616,924300000
b6129a71f8e320aee8abd0c4,924300000
26922ebaf11e35a7a320d30b,1002200000
23f859b889afe2639ad55a21,596500000
ddf47d32045769c0596826db,1370100000
1d0c635770f2e51aed4c8664,1227200000
e6144e15d5cafcfe87c07c9a,600900000
a7c7923f9a4d004eab43413b,977500000
42b3b56289972176c20c4990,397100000
b63f49396431089dd646837f,7.46e+08
e0b041a39e732783f98bde56,1.131e+09
409eb9b8f2ba87ca299a7f6d,461700000
1a46c13974f3634ca6dcb51e,748900000
4b068c79664179605b145a15,772900000
afeba13fa3f81249549cd2eb,482100000
3a3ce11d981d0893ec732e22,598700000
ed68664efdb7377c33f4010d,666700000
93de58cb0d8fbe74b0cbb556,720200000
faa204421a94ef95b79eddf6,924300000
acdb13c4c8e2a48b0bdabd91,742900000
5271cd1cb962066407490051,711600000
933251193ded6df07c83128a,1044400000
524e00e537f841c13497cd52,517700000
a9d4f256527be98066c493fa,771500000
2207c1ed62f59d6eacb3c18d,478700000
97ea5dc81ba49ade4f8f580b,445600000
72488318dfb2181843f17c03,993600000
76698030899efea431dbb81f,385300000
e84888d2f22e14a5016ac789,428700000
d9398ef84ae71419cb7cc82c,728600000
6d32649478d9d86d840969f6,384600000
81600c1e6b6e3ae770e40b28,845300000
68075b0ac8e779bf5e66dd3d,463400000
6d7ac64b8b9f27f61fb155ec,438200000
d3bf3146ec856cc26c607d70,1.018e+09
d12298e0d398e9d21d2e2eed,603900000
97b69097fee8d8496a6b8c04,4.43e+08
fa6e53a7107c0e33e3d505d1,902100000
7279c610bda9354e1c840b0e,428700000
6f3070318ab65b867b2702f0,350200000
e08aabb998103a941d24d0a9,3.92e+08
415e1faab81016a460db7a0b,4.6e+08
8b871cc48b99bd4190877bd3,581700000
7240bbe28e950ed75637b504,407500000
831629494c6d15d5ff6a00a1,581700000
1cccddc33bd892b44d7e4b7a,724300000
f9cc6760b1112ce5197bf399,681200000
0901e845b6c56d4761377a09,5.5e+08
2a33fa5b25963f3dc928f668,5.85e+08
83e9507b9ca2987a21d1b195,727600000
9381bdf491d48236e84590fa,633200000
c041a933261204155415c2d4,793500000
a1cd867286d6e82181e5d1bb,665600000
240d2474c81482baaf79b6fd,665600000
ddc1c85af165e47502447242,702700000
58f02c785ee9a506e899b967,793600000
8b353ba6823f4f800635f0cb,9.39e+08
68cda50b602acb4efeb275a7,692700000
96cb3c08c80815907de81e73,550800000
f54dbd8f0aa752f79c581e5c,786200000
52a438d024af0d5c38627ad0,684500000
1b5db6af0a1c0f7787064020,734700000
84a7286c91f1ca3ecacdaaa2,895300000
bc6d6249873222ac7f22b73d,924300000
12501015fb631d7c10ff08fb,4.47e+08
85b633e09a41cf22a10f28c8,839500000
7acb92246dbaaec1cc7b423f,605500000
bfba8fe959dd2e44a4202943,760300000
5325f16558ed6d2689bcbb46,5.78e+08
d4653d505cede3d24e258d4b,760300000
5146ecaa8b7ed507c4f30785,710200000
f5b9cbae30356fb3a1d005c6,935800000
205ffcec56fd884ab24c5600,707300000
ae7ce478fb66882a2c952012,589700000
efc9ae02fd6c3f18db866cac,965600000
2221052e00c236f31e6d5a06,454700000
54673ffd4971d04493a1b1c7,762200000
b0bbdcf0916b246ca95c4721,620200000
1ef15e2b882a0da85858269e,689500000
9881fb167319b34cc23da955,683500000
9d2a195e645a9e8556683b4b,539100000
14acd96163e6b3e17177f35b,527100000
b2c5af8615b8899deb16c896,587900000
4c40683e401dae89f6537ab0,517100000
dd007a202a0a3d56ebc4868c,629200000
6d9c89a406cf2e755d4172c5,471300000
7387e7e385063c180f05a7cb,523900000
9dfd5df5a2efca3fbf2c07c8,6.79e+08
2a9e75d221912230f98485cd,712900000
86ce27f9ca03821d13030f18,918400000
3dbf89c6e97182647bb44e69,846100000
eaa4893a313d85fcf38dbb6b,811500000
c57e1c323ddeaa7475e5189e,6.39e+08
84856812b63dfd9630fa49e7,791900000
945202a450bea48fa7f2a95c,8.49e+08
fd689e54d5c418dc9f2425e7,861700000
eb90d9e9eb53b44b07ef9613,1035300000
79005399fa92d05558fd6f6f,705800000
5cde51bd6de3759821216d5c,934500000
230cb38e035b85a4353220e9,963100000
a22ed42197987a8534abf76f,653500000
43a2ceffa8ed90bc1a43255f,5.9e+08
8f2fbced5d357bcd6b1c7de9,639800000
6e895a15d402ea7fcee98156,770900000
b6a2406025f0e1fa09690c2a,5.9e+08
f46d46ccc7fc415433e471e4,4.43e+08
71710d25975271eb32c0c8f4,467600000
01b7bb1556b5c32df8f618cc,524500000
56e5afaecb2cac6293cde16d,369100000
70209b9024acb3e5baa769ff,698800000
efb0b413b3f661b23d674b3d,977500000
251db9c4b7398902b38b4a4e,481100000
e3e7ffecb903d2daccbf8a53,548900000
a92ed9a378272ff174ce2688,462700000
40a53a3f3d49f7905966295f,825100000
bcf2c303fc03897585831351,803500000
4b0ac2ce45d7ee385ca369a2,824300000
85c7e8ac008493b34e8e0176,651700000
0ff24418ecb6888dd8ec734f,951500000
3164e0ecd246b8ed6cb6d054,1055900000
5f52e316136696cdb56e65a5,362800000
5ba4bb943139d7930cb91650,777200000
ba12ab0869d66e03df12b6d2,430400000
1a111211207627bb4c840442,4.95e+08
9d2ec1ed9eac77d534ed514c,425400000
9030f17b47b3940c2e2c4093,425400000
3b224cf6107d815a2e78996c,739800000
ab0e770ac42dcc82b472c55f,467300000
75fd66abeaf040fa76eae2e7,526200000
c31d98f67673691ece007a65,485500000
60d5f19c16554cc2d8e5940f,698800000
53fd196fd0c0558ed1219329,377600000
27b06d060ecf702fc88c7956,774500000
dc014623ed69c32abce2d0f4,544900000
f1a8f09837660445961375c1,1031500000
b98a462d9782988cb54ced54,772500000
6ae4843a827b36bf189a32ff,965800000
84e4f6c6b5dec0da7f7ca0fa,518200000
b8f2b9c2e63f0091b6038ea6,1104100000
e54c7ea1f012656f7fafa49c,529300000
f25f5df33f25576f805a95b5,8.43e+08
ce9474244dc2d40f357146c0,383500000
54bc553b5b8abad0ceed4d53,386900000
e75d4ce522cf587cd66adae4,534900000
b1f0b12c28c9bd2d16b3545a,461300000
412e7b9e1de3df8c3dbcf198,539200000
f52ce56f20251f018d7864e0,630500000
6641ef09c0bf5f3180952b30,4.51e+08
ada53307260fa34f3a6411f9,542500000
51f0f76e2a8cf50ef3650901,506500000
da482df3d0fc97f9f8582e22,518600000
55d47b5f3d0d2dd7c2bf4034,486600000
1a6714ac2350ad371d8280ae,447300000
0006c9478f4e7edc53d84916,456900000
dfa7461510c6dbe5e119d106,5.49e+08
5df95b44c73b249be0fc69e3,549700000
76bd7a0b87bfb6d2723766ec,398300000
8570a1d8156dbcc267d3b495,815800000
94116b7517a06255bf4320c2,959500000
8ba2d7afde20563e38892304,551100000
f86ab537a2f5d8c2b223574c,808700000
9d0d2774fbcb6fcc66b865b8,627800000
9086e6e757243bdda003878d,657500000
5a3625846567d06dbe4cea0a,734300000
f51a78ac4b03665561552b0a,897300000
561a262410ca91d69a58645f,713400000
08d90f931e7e0a6f43c9d0e0,932500000
f47c64c8ee69e744e654d4b9,994100000
fcc4c878af8bdbda6e1fc86d,1106300000
8d9b143cd8eb71b05d32cd2f,1128600000
ce6a3868227d78852fad9f62,1027100000
d82f743ff414299f8c222db9,869900000
9b2c7e6cfb2d6c66e1ee8a6b,7.82e+08
6e9009ad01cf466e8f8136e5,1128600000
a4bf0c02f139c695845c9507,1016200000
16cf0d7977ed97d6ae8d2cc5,1.092e+09
d96855b0ec427f041e7a36c3,1038200000
63613a9290bcd9e1bcf2786c,805200000
32036c1eb131e6cc4f3bad3e,419100000
ad47e82c9efcfa36ddac0a95,418300000
d5af3041d95f5e89969c9868,447500000
f2387712fa17435f56d7b102,409900000
c1c8024bb6c3635ff655843b,377400000
11e4350271e9cbb37bcb75af,516900000
d012efd4a77c5aa5e8d6e508,679500000
6240b85a47c079cd0efb077b,560500000
85e332a999931ecd0e04475d,480900000
4ec02a406caf200b700f5c62,6.42e+08
f3270f2ccbcccf3046346809,754600000
bfc5aa443994e3f3f78c6105,654600000
aa09cc29ab2f2cfc79e5bc7e,1018500000
6eec5b03718975e5137d5e92,704300000
6974d82e41437d61c627b16e,738300000
ae3f7f428b49e6948ebe6fff,7.51e+08
a9a710b78e776c16eec24be6,578300000
249cf6f96144f769030d1b4d,518900000
645f3c4490ce43ed68c7df10,819900000
3413f37549869d2172b76d6e,716600000
956600c9a4ed31e588f8c593,869200000
00ba709f184e70be13e5bf9b,1003100000
275c8bfdd3fec33752493861,9.42e+08
3206523e850b5b5fbce567a3,1018100000
9c9ffb3401ab6ab90fcb555e,1340500000
4962650cfa3decf487ccbd0c,984300000
a541b35c62878dc2c425235d,921600000
2112e589911b979db6e05a6c,1057300000
c9cfeb97323bd6a0564e1903,5.38e+08
30e1bd4619483b0e896b5229,681900000
48aa146a36aba8a0270a8a1d,1096600000
678a80840673787b3aa64228,689800000
392abbc83cfacfe87c401e27,427900000
51744814dd3a7e60c0791041,784500000
c6faa5d2ac8e74c26fdaad4a,561100000
1f2c22839c470363ff41551f,1056200000
5438c2127072b47e3af428d8,1054800000
32e182242a654ac03a8f3ea8,465800000
0a45eb817938241ca988c2e3,882700000
e74d815ad652f7046ba33295,514600000
2887a0d34994d284759db20e,604100000
621c3051ef29e8da01e6bb2a,489700000
54de2275006e273686ae5fac,1142200000
b0a0cc38f73c9d90bff6ad92,1206100000
f4df4ad4366bd794594c111f,879700000
763206de4c26e3825b69f4c6,784300000
d5ddcb0a54416bdadb4bf57b,512700000
bf17eca5afccd9cd6299b9a4,655400000
02888257efaae858fdc7938e,642600000
1f8ecf6c089ce6168b3be52f,789700000
fd7a48744bf966e417f34a51,876100000
655d6eafd78be856479767e2,765900000
27472c6c6a801eb749b9719d,917400000
18fd9bee381e7a8c29a44c4b,838400000
da5d47596a755078a2261328,541400000
737c83218f0e486ef4feba40,404700000
2390c275fccc98eb4fa33af0,469100000
35616923c84423b44d1d1438,1053900000
22fcf0650753e2b5a2fa3786,857300000
9d8e7178912841c2a1232ad2,574600000
36c2cae6de0add92f32d29f4,805900000
699b68daa574a0f169436ccc,511900000
c3bd0b8277a37832f56be54b,399700000
6b3411cb8c50c1498572e681,447700000
fad4ecc419fb64b3f77971ad,5.74e+08
4034cd9a70d18fe0c883a0fa,407900000
8f9417de118ef8486538955f,984500000
33f4f9988387bfc237d114fa,4.4e+08
40c9f947e826f89c6ff3f898,388200000
351701c5d1b821253e2c8c42,450600000
f6b405af32c398147475dc9b,522900000
45750daec6238508791d0d4c,530700000
eb85bf9ab77f59615960fbe0,438100000
0ab6e52af85ebf23432d7698,555200000
9b13a371ed4724d2e2966447,853800000
081bbc273db70f1d2cc84ed2,558800000
e113c48e4e1b53adaca275f2,645200000
4bb0666c55d174e0280482a0,5.54e+08
ca516516b33dc09d712b3154,700200000
631e6aee6ec1f720f3c78775,5.18e+08
c7746198cb5871bd687c2538,5.66e+08
58a5dacf2f664512c2b00ea2,779900000
6d8998442d831addafbc878f,1008600000
7d4ffe0038b3ebc149d8f4cd,658100000
55ae7bc854658aa5fa49d368,585400000
042ff73057dce4d92d383cf7,383800000
807c04729620ec60ef18598d,401900000
5dead94ad2dd86dd41448994,474100000
bb90c874275456d5fe0de83d,481500000
6ea5fbf037ba7e5c74d7ca39,460200000
86dd7931177df94a649a4d62,5.7e+08
58ac250fa52a1ac7ce39f70f,418400000
2861f1a224b4c879b845779f,428500000
8d06af8e439c45e0e125de91,440500000
bb2dedf6198be0f3ce2c4ffb,752300000
57d8cac189a13c180f08cd2d,452700000
db575f8a4e10a29fe81b335e,788700000
e8c79fd41b001fb1da0d4fe1,584200000
b81679b32ea288e9665dee49,1113200000
841482deb90d19ecb1ec8a06,388300000
214df9371aa59f68e5740212,559200000
bc52abbda9027e10b879ed50,585500000
ce8ce41a36b610be164a25de,652600000
a67412a01feb64ca6e772858,1050900000
d87896f889ddfe1ba210d74d,328700000
556a39ca66e10ba3545f2234,557600000
50cb893af4ad0e21a69f05d5,517700000
3b5a5d6536a9fd24f02e8ba0,4e+08
121cc20fd81d6322f56d5c53,533400000
b9c893f3c3ac4dce40d0ea19,547900000
47bf8d322af3c13e8868ed0a,517700000
a4325969a50a14c948446f9e,648800000
4583a6b01449530079415768,840300000
920e2bd03c9d34e36fc38ad5,840300000
0a59b506798fb96edd7681c7,819500000
e8d2cdda77c1d885e21c7bbc,1217700000
8abe99f2b71b13dfe7d71616,1414900000
c07e98122103d1546d995f9b,1119300000
29fdab43da21ed0d22c9c71d,354100000
f2ba7982bed03cac394ef87a,622900000
eac89e705cfd337a99417320,425900000
40713332e88c6d3a393c8b2a,511800000
a9aad230d22f7dede73acc8c,1074100000
3b7fd4008e14e394dd09a0e9,1227200000
098327587a877bd50df27551,538900000
0379b6a001e4018c34e944da,844200000
45f24dd99d362f49c0adb875,362800000
dce1dd028695bfc5a47aa6a1,367800000
cfeb702df06baadf29f12eda,472400000
9ff5828e084070628ef2ad96,508300000
6920e6d7fff656d66844949a,605200000
31ed69311bfbbe000f4483d4,663600000
d300473e3d2ced1177c9fbd3,612300000
2cb64650b876ccbc7337a0e4,495500000
3ab2ed6d140698cfa41f2e3f,3.54e+08
9f8697b55cb665ebb054f9fd,547200000
7e844f8a24422ec3b833b4a8,356100000
55a615a3b3919798d54e885f,574400000
fd26da8e62b5d1155962f0c5,478400000
ee9171c496fa78b1461acf88,732900000
d5182c47a954c964445f25d1,914200000
e064b4dd7b4e64a3e0016f0b,824400000
36753a5e31b0edb1eecb8bcc,492400000
c2ee475efec76c46efbf1b08,702700000
3baeb28cb33d048bcd6e42cf,331900000
6a6d990b9b1bea0f844d3065,570100000
e93dbc804920c0bf7bcf8cb3,481200000
b9ea1b9fc0e46ba0724cbc0c,416700000
95e98113e39820523e95adf4,405300000
942ed340950f02adf9749a36,452700000
8538a41c0e0fdcb3829364e8,558300000
804289a128775f7d1652cb43,5.58e+08
3dec1da01706b06f5d6a9266,449600000
fe004acdfad6ac6b00911ef0,538400000
6c679d5b6a1c1b74bf483478,934600000
ba54b5ebc5d4f554bc56dec3,676200000
5b9469c3ff6b197bfe3513cd,555400000
2ca6ce8266afc6721d179335,977900000
94160aa4e5c54bb479b1d0db,468400000
eea6a2137473c3ba6708b576,365300000
9969f6f4bfb29e3a97c2fccc,597800000
68006626a3321fb0de032307,475800000
2149d04442f73cfc78f93bab,511900000
01cac7d033166094ab9f87b0,512800000
15515ecdd35e9f175842a738,522700000
86f1d6fc54152004e69027a0,774500000
0bcf7987c4b0ba485c44caf9,652800000
107fffd601a2bb7a3e4a69e8,710900000
5a44636153b1d4a74d58513a,761900000
5ae08e5999ca2ba0a1e2d8a7,7.03e+08
369e9e64898ea16b7ffefb7c,714600000
192b505186d0bcadb46b7032,667200000
6dde6686bfdff12620f198d3,5.72e+08
503a04e079773a04f2abe075,6.88e+08
42b5ebbca90572b9cea79177,492400000
0b6f2534f862a7ef551a116c,673600000
05e06a93e9f01dd3984a85ab,379100000
c6706db3eb4f0bbb0510578a,645900000
2babb357d1d828c49bb89be0,710100000
3951171501fc51e2d830cc82,746800000
fb72b8e0457c0199e158e599,895300000
df865201353bc7b915b56ac6,713800000
8d1b3071f5396359c0b6cc62,954100000
c451b61851c8ae1e6222109e,1042300000
e1c33552eeab60683f2f89d5,852600000
1d8d51cfdf78f1361710708c,6.25e+08
bdc8e1a1e06d387f9c7b026b,6.25e+08
2b36d797d32013a126e15709,425400000
13b3a55d79b79ea89a73d21a,409400000
e57ad52764215c3d54740ac5,425400000
19e11b2d60326895b5e6ba01,425400000
f6e1752b9f4a0a3c8573910a,388500000
062efee92601be294d7346a1,4.1e+08
e2c3acee51cdd03b1f211278,446100000
9390ae5c166e1a976e53e16b,4.62e+08
db3aeb3a96304f3c255e8a22,427800000
d353be29e7ed2c35b920f7c3,598900000
893c1b081e383de73b9f2e16,952900000
8302e2afc48d6eda16784da6,796700000
f1e9676bc91a76740f4e9b0e,716300000
ce86066ad78dea43089d25c1,1023100000
c89ac55660cee4608bff27d5,505400000
b183776d007d85bef0f6671a,569800000
e8872302ba40e4ea413689da,465900000
0afc6cbb60f34f1cf00fdfb0,769500000
a811af7cf12afb1dd9b8eb86,456700000
7947f71467036449efb99972,1036300000
2ead9549bab6f1386b7a2c77,1297600000
b54e8d557263624947f979cf,775400000
fabd2201750747891eb6af77,1118400000
7c3f7b513bb20c918a51dec6,831900000
0dcc222d83e1bf05f2c2c090,1053500000
3ee3ee47bfa21462a1fd455d,5.86e+08
1dc3b6ea53413ece15bea33b,1.185e+09
f44362b932a8b70ad4b99a29,399600000
5372f93d988c3c917629f9f3,465600000
5c25ccfc7ae77f1d85981a79,518500000
4df222356df121a41adadda7,391500000
bf38bb7a2a7ea663cc8f3d57,515600000
ad0025f5b240d00936c82f9b,670600000
2afa66b726ed0b1492b9e01b,713800000
a528312b77b7f84741c2bf29,698800000
1cbeccacfa11843a256b2e2e,602600000
d11eadc78d95c96f50b41a10,696200000
c918e02b3e6d80125a2db1cc,408700000
b2af005e93b0242e0f62f298,4.8e+08
ed9703ed896c6118a3458e78,402300000
8ed11c1d4e7aa1ccf0ea0508,368700000
9717b066e135a82feb422181,548900000
294985765f4d12e51a68a451,698800000
edbeef6a08dd17a941634d49,852600000
26cc292628ce4aa87cd287d6,837900000
47f7065118bcd4c3878e50fc,742500000
e369c63f83c44329ddad488d,723400000
383c0948aac71636973507f4,609100000
6bd1a412c01387af8810ce57,1089100000
4b92ca1cee4739104e620871,1086600000
0123237414f757b9c3809f88,992300000
6e36550a6ff6fdb2711a88c1,1206300000
1b5de74aea685b506a952f4e,379900000
d85fafb4d5ec056e6db9a79b,475100000
cd097f6cd92275ec8ace1f20,685700000
ced1f52def08143f0b2b6849,728800000
89a03e25c43a555b47c53864,708300000
f8d64df401009704c152bcb6,4.61e+08
2a5aedaaad2d908122f28f22,734700000
edd0b57b90629fb00d036e34,844700000
f8731413b0d976c03b7e05ca,1064100000
01abe3cfc94be46c1153c82d,701700000
aa7f5d0d2fd5474cc67cc70e,762500000
4912c91afa6e4aff6ffdc6a8,1000300000
9d805330fb0df9ae73003ceb,924300000
7daa9115f755a6c70411b9cc,887900000
f5896513d1cb044108d23785,1.109e+09
3ff2a2fd905d81f0422c54b2,394900000
02ed31afcba033953c79d95d,480800000
c2164829374d5e880c1a1f31,4.95e+08
3f6eba5c365508ac192f2b82,449200000
3289958459cd87f24089cd14,418400000
ecc3362a649cf08afef96fc0,471800000
264e00a64cecb861d2c05b1d,768300000
d5b5bbf927f763a43190fabd,694300000
2691d7125e9046e597437f2b,1099500000
7cf183ed411cf82df26640e9,705700000
f81107599bc083fec4a13ca3,614700000
3c2a535f1df831771b859a86,402300000
9e871ee8a61b183aa9051b72,679300000
e066ee04cd3a597dac8ced59,440500000
2f4ed160fe2a21722e6299f8,667700000
e0ae53aa3cc9e9ba7ce65f74,9.02e+08
78d727d0e61a7c8b1cf6fb1a,847800000
b42f936db049a74c7d24b0ef,868300000
62e9330888566f1f826e1ee7,858100000
3fcc5ff04edf753621d6cbb6,924100000
d4ae25b207949fbf0df3b404,554800000
14bc234ffb3ff7f974afc8e7,415100000
64fbc9cac3f15c0f1a16f4d7,410200000
5fa1c8237da8fc7683bc10e0,473900000
7bf4beee26ba81ad0b884f9f,403200000
72a47f70aa99d42320e54787,474900000
07641db461323a5cfcda4f98,458900000
3af2a1ec9efa6884a8254d28,603600000
3adca5eeda4939a5ea11444b,7.11e+08
37d39cb7d3849a784497ed0d,521400000
b9baaab70cb83475ac3bbab4,472400000
74e178e2398895d2288e6fcb,740500000
ec15e2a131d9724b012d68ea,584200000
ee042a4b4a0bf9a1dcdf1eab,652900000
35381d7a5b25317d7588ce77,635900000
18ac3368b1f6d8f7171b07b3,788700000
3dbb09358256bae5199e1318,716600000
4662aa1c44351dfe271e3a9d,769600000
034a30994bb2e0e446e35957,691400000
4cdbcefc434b48ba3d51a498,1056500000
3d3317303679a6a5a381d0ea,907500000
68f4e3d4355bb71db0f35a65,599600000
b3c77f4a398b61d9c204f8a1,569200000
3865974fbc1b412f24c47eaf,1.024e+09
84ab3ece52fe00ee50f057aa,848400000
dcdb8d97ae65daf55570c88c,917500000
7ea01fd99b389d08ca50c0a6,827200000
51df325f026f4cc5ed2e9a65,1195700000
1f11cd977996d909ffacadef,1414900000
5ae03c0e33dc7d3e0e0d54a5,960700000
da88bf5bc2a7310ff382be4c,1236200000
035de58d60807ee2c272ce82,1113200000
0cf82b1128ebb8d1087b640d,1022300000
bd8b005383020611b8922147,534900000
f5c79a564600bcad99c74f03,480700000
b11672f22fafd555f940a8dc,451600000
2bc88a5c4bea2bd00fd8f13c,594400000
b2b99019a929584b4904b98d,767800000
678d0e011f710cefa49f6465,446600000
f7de22825945329521642f49,486100000
79b5a037bea858706838a62d,533400000
9f339d547d83b4ef956a3690,459400000
127e197a2f70e7ddb5dc92aa,430400000
65b8c48546af394a924decbc,600800000
cdc0c282ee62c51e3a20459a,734700000
ec824ecd0319e05d1ca6a9c7,577900000
95f27bf0d25bbcd0d1eb9cdb,865900000
ac0ee54bdc08632efc0d771d,429100000
904ad71e7d108930d69a7332,506300000
7f4e6f790de012946197e0df,539600000
473cb30713e88ecf782651fd,554400000
59a309a6af425b2028a2ad69,922200000
8a1b0f59f86e33a7aa7c2c23,674200000
1e884932e57cfcab75ebbacd,831500000
8e273f1dde4801825fb19742,740400000
1f9c0f9c3c6460a323171d72,1067400000
5dba98aa20e371c3947c19b9,789400000
51516e102f8d43a07037ed29,900800000
6eabd14e55ff090e8a93c727,863700000
e224f9ffc7bd70369a5e8b68,1217700000
35cb50346289f0590dd24d83,1327100000
2aecb598de8c74d9d5108d8c,792100000
69c7e97037c747b93c33251b,857200000
b9b95c89c988f68429822e81,610800000
fa2c5c19c86087f207c379ab,557700000
9bcd34e7a974c977f65925f3,1160200000
3611c89dc71078cd0aefd2cd,533400000
9ab273eca8cd5dd4b6339ca4,384800000
4347966ceb1770f758cb6e37,966100000
2a68f627f4dc8060484cdb18,1104800000
55ff644abd72eaff17d533f0,1028200000
db563e5a1cd9eb1be832bf5f,1435500000
a0e9310061ff0084d63dd242,812200000
7ff62b2f8a28d60f6c4237c6,912200000
c42c59e8a08e8657ab4201f1,473900000
de28370454624724128a0688,742500000
514aefd8a44ca048a8088c51,669600000
3d3a318662cbe218db0878e7,734700000
2714bcd5c0c503c3bee0e0b2,924300000
5461aeb15c7f826f0ce157e8,385100000
db352cbc2aa3066ea9b34184,869200000
22b066e6dbd0f2562a0554f1,1114700000
daf8d6d3f4ba21513341eb3e,907500000
523605d1fbb75b0c5acec5f7,418500000
c59c2a19b93ca666b7c389d4,574100000
61e57e5539c40e5ffeb77997,418500000
c1fc25faadb151c73ff254ec,565400000
63e73f1b8b385d89de1329c2,503900000
80ded3bf4f2973a5ceb1ffb7,410600000
e1f5f0e96e5865370423c142,753500000
3bc1d407f7e7c8e67f7dd27c,791200000
d87c489d3572187e3280965b,954500000
110d49e1d79a3534e146b300,1003100000
7baf3723bac87b0b393ba52c,773900000
8e9e35321545774dc1f85776,5.56e+08
e0d6155cb3cdac98f81d44e8,7.36e+08
bcf775187c0f5ae1cc0e8ca6,655500000
a792122a1b292f482caf25d1,627200000
09fe153b0027697e58bd08b5,358900000
a7283f1587ffd80f4723475f,353500000
67a10f161cf7215302b6ca1b,353500000
f403b20cb52d4ad3f9469ee7,600800000
643e13f00dfe7787a19b1254,508300000
0eb7c68fb7ea1e58f3e76345,760300000
cabf47337c2cd619f12fe69f,732900000
55c5eeb4861e8cd71731274d,1152300000
363c96b85cf07dacbb10b92e,399800000
49b59d19432dbeb8921e57b8,736100000
818ee3b0c3862d4aae6e7776,3.4e+08
b15c662c56b19d3843737dd4,450900000
03243195c467c67e67a7823e,4.47e+08
5db50c50b523f3d454e94dc9,546400000
0798af235e9926b1e7e4642d,633600000
83852e78afcc4127481adccc,379100000
7fe25ebd70b89f4602bee6a2,638900000
175590951b6f8c6b8b4af9ff,516400000
d4dd48521efc020762ea141e,525500000
a681d6e9ccc7bc60eeaf7e3c,924300000
e137b5003b8c8f18892ee9d3,701900000
90dfa0d7be06e7a1dc15770e,757500000
7fb856eba0ae98a40eac3efd,771500000
9f52855eab4ca5161f1fb492,965400000
494580f4974c33d7ce0cdb28,684300000
d972dc3dfccf2a48a6384e54,855100000
7cc8772ebde8902f55e14b44,5.79e+08
deda3ad684384ed67711ae71,593600000
b288c52e4d0fab9f579122a0,730800000
0bc16b384acd3f8263e386de,956600000
b40d1d2b7c1db9cc57c65fce,8.81e+08
c2580329ee6d7a03925725aa,5.74e+08
7e73516d57a251061b3916e0,1037600000
7749f3bcfa8339444b0a8b7e,437900000
557e40fdc93c1824b0bed769,437900000
edbb5db63dbd0452c51047a0,496700000
383af3a5794a0ec3efe78b2f,416900000
90ae7af091c23957b88de5e9,514900000
b1d9704dd39c6cef28ae3d17,466600000
44916ca9b874075f55949f87,440700000
0515734883eea12cdacb7aab,594600000
faf9f8aa50d936c1465e880c,711800000
f37c9693e058492ec3715de9,719400000
562c7846b05072561d96698d,4.43e+08
4a629aaf60a113402834c042,1122500000
ccc4e48073c3da10a2e2d08a,674200000
8532c64eaed74b64b4d4707c,466800000
528a96aa31409c32bc9f1f63,9.65e+08
36fd9fc1f1d9b2e10c1c6463,414800000
91561030d87ff5bc0a497f1d,472900000
eb09010915ee68091d6675d4,657400000
56c41a58ed5b9864b68fc910,388600000
bf6005f6f71da582a6fab8c7,473700000
86ee80cbe81724e6919bdb73,471200000
0caa7856aca178f826fe90c4,601300000
9e41f25cf2e77f3fbe903368,863200000
019f4a25794ef01294845b51,773700000
d6fc6059bba177ab56d85ec6,8.14e+08
436089e2bf605d00849691e8,858600000
02a9c37b3d92a6da473c6fbc,427500000
bde81ef5ff9edabfc7e30d10,923800000
379fcab709c66fa146d3491f,432400000
28ac1562ebb5050f1492f576,967300000
e68f5a98070efada9b5538ee,371400000
80aef024b0ecebb01913504d,348300000
f45161bb79292e974dc88b5c,4.47e+08
6de3c3d53d6aee18ccdee958,3.93e+08
5f2f7596a284915ebdb81a35,435400000
291fc50c4ffe7935b01e5d9c,380200000
42ac33321bb1920fe2a78036,446400000
c8e00b4dcfa2d05d6a7fde26,722300000
5c0e328a04f881674ae1046e,785100000
c28cb417dd28fe4d4d41d114,608300000
8e160f094a0425aca23f04ac,743800000
a8944be7383b5689b5039c87,813900000
cb7ed5960f325114bd3489c3,880200000
275d73c7dc0fda7cbecfea89,924900000
85c24df2d836cc8addd9b7b0,624400000
0fa87864632b7bbbd161f879,806500000
c7f422224808e043753683f8,1127400000
c51d1eff1b6d29b4164df520,772500000
b50e8c13de383e64711193f5,367200000
1308dad458274c698b2fec72,367200000
6a1024c5da689de67bdfa274,640600000
6e426f60d25aa8a4c6f8c9e9,647600000
b80f3a46440daae51308d459,533300000
f59ed9b8ef1726f1a55a4dc3,537800000
368eddd8b6d39bcc7124a41e,538900000
391cfff759030283411dfe1a,509400000
4f140229175de685a0999773,538200000
cd365053914fcde97b7ee9a8,506900000
16a05fee8dfbe78d26664c3a,598700000
c462f0736fdefd319cee232e,792900000
b419d977b283e33c0b3da86b,937600000
6eb27e2a66d08a8a60567272,857100000
7486ef139d41d91423317e0e,492900000
e663064dd77e3c63ab9222af,902500000
9a6849637f1b8332ab289e27,1227200000
498de85ba30cb01e9c686081,469200000
3507f260c3c6e195fc444533,467900000
e538d52c9b2dc994491be3db,321900000
f016ba59a64f287099fc4af4,650300000
380ae516dd46442f97acfe14,6.7e+08
c97e4d7e08db3171290e939c,6.69e+08
f7847aaf1491103fd931aa5b,873300000
08f6bf438980d55b35ce7537,873300000
a6a06973b5a4c990d5873b7c,561900000
6e26918c69487a735a639c1c,1083200000
cfbc690c55e5c2bd8dd9d89d,854500000
56fe5c13f11813b82dfb04f8,710100000
296f0158b5cc1541cfc8419e,873300000
6ed2970ed02a3e50ac984aa1,652500000
4c9f3af11fa91e729384580c,812200000
2ce779caef0637db97954912,649300000
d743892816160218a63dcd35,788200000
758efd6f99db309c67cefb12,404400000
a4146ec09d782b08e8198e11,954600000
f415c2bc1bc0fdca091285cf,1027200000
39ef4fb2a43fa3bba15a0b16,803900000
874ee4f1b9c6dfd3d2358834,1109700000
e9d514f90ebff0de1936d09c,7.21e+08
9f15c77d67021f349714806c,626900000
a600ed86cff36e636d204f39,624800000
58f55e9bf743e2e3ad43c274,522300000
af1aeb2ba89d29973f73511c,580500000
bee721e93b8d8e7cb37dc992,624800000
bd52dc8dc5398e5ca2952473,398400000
b71095bf5e80bcefafb12d52,397900000
a7f48fbdf807da68594e9ae0,493500000
50de04936770f874e1eb86c2,383900000
2ea47ef8f02712c32613fbd1,404800000
27eaac0ebf8a5ee99d143218,698900000
ee594b6bb0751dab39055b3e,459300000
eba0410242fa1e8dea90b194,541200000
a619d30d6f2e2aa3b9613c04,4.47e+08
df58a4244134d3493f3c9f30,740200000
32dd96f4f07f67806146ec46,437900000
a77ef77ffa731e8980d36b27,699800000
a2a1665a693852185673f6c1,1059600000
8267eeb41ed1e68144301a3f,649400000
887ba6b287a8b3ccdd5691b5,707400000
1fc94e9dec93d52e0062e07e,672800000
ffd3d51ecc85abff64258e1c,764800000
3eb79541c2ce9413d2c54736,792800000
fcefb2186b13c8bc39b17915,788700000
d4a43654382201db5d318dca,686800000
15fbd295328ad698d3c76aec,910500000
7f5e87fbb4952caa0cb658e2,990600000
9d348aa70957592dbc56ef32,691400000
2ac1105447a71f68a50105d1,904800000
d8ba9eb448ce35ed404e68e3,1030900000
21d42e80f6f818eed990bfc7,1063800000
81c890b0d7cf787a091d4081,9.92e+08
518858c561af5c13c8aef9f9,1046300000
01cda25ee8545b9fe19717ed,895300000
2c34c1e1655e87ada03f411a,842400000
48f9e9a87e7fc0a678460e05,9.85e+08
76ae7be5da1785c37736fdb8,1113200000
3918fa99179953461fe07f2a,1.199e+09
305080502cba05a1c165560b,627700000
5c3aaf3f75d6d3ae9b55cee6,418700000
2ab263b5d1ba72fa562d64e6,846300000
6d13129db564ad15e69fd534,788700000
7de7a2a651273df62aa6a21c,1059600000
59f9cc9b23cdea5bd4cc3ae9,642700000
d4436ad417941fde0aed2818,788700000
80ab8d9f157c25b40f102854,691400000
06ca01d3ff86406e896b6fa6,565700000
88f36882dae9a0487383b769,418700000
da474e23f34cb63de4ef28a4,691400000
04f968f1873a655fde8702f6,480400000
1dc1a51628b8eb1bba214498,376800000
e7cb4cf600b9d931eb295c71,532900000
9052c644813d546987a72305,537100000
1e32a8825a7ea79c28e27a8d,580700000
82f34c2a6644c4cb0649c44b,846500000
95815bf7c79e4bff3f41b233,776400000
f64f642775ed2c9f45aff215,501900000
4cac81eebdeb45eb0e8aa5fe,515500000
c6da2874d2dfbb2ebab542bf,576100000
e7c08555cb8f5c7d0f32fdda,525200000
10b7c99bee9a4a21e1f32d50,468400000
f21625fb82740d6f4cf1c325,418900000
1c3236613cf95c84c5791bdb,1054800000
b11c3a4642f7eee2e443eb32,846100000
cd08976dc2d69110375f8541,431300000
a44c7ace8ab50de7ed8e5a66,400400000
fa8f13da6d8be3bc1f05fcee,370200000
77bd7837b02bd8f2c290c9f8,442500000
11a79681fb0a3f6eedf11d1f,517700000
70c3b086af66b0c9db4b0b96,517700000
64ea18085495f759116f62c9,747900000
ebf4bda17341de806444ba83,695800000
54228579fd8812c3ea160341,824300000
dae0265a0f2f79d3dc010ac8,840300000
7340afa659775cc18d83aa4a,694600000
5ba05f67a77cebe5cda31e74,608300000
33dfb510aae260ccefa4d349,915700000
82af190e32398942775056d5,840300000
a9b9263f6aafe8531f3dadca,807800000
9a38e7293e9ad7d8462eeaf7,1094400000
5852773a80f7f1b929c7dabc,1.405e+09
52fbef3effd854b0ad0f62b1,902100000
0016e35cfd881ee2e37b49b3,443800000
380759598c614cbe10ae4bfc,985600000
fb63e870ceb7ff355299f3da,663900000
285b8cb5e9c887794ed2fd1b,524300000
f003a46a1c8e04da0052d72f,438300000
a731b326a61043070c3c853b,646800000
d2644b46136fd95c0fc2353d,586100000
8248697f70c21fa361840755,1053600000
075b5c16441d9d67cf638386,390100000
6bb2ac0cf2369cd8fd85bc12,494300000
2c0b3d69fca6677ba9e95327,1047900000
c73ffac843c155f24985e6f6,693300000
78b57a58368ab056c11bb0dc,563900000
90b25b6b913c1bf0396c149a,490700000
fa29c89363ac9cb59667a43d,563900000
eba756e88209c420d288c4be,5.72e+08
e7081fb59ffa298320321633,748300000
db1c3ece26da7b342eb7c8a5,563900000
f9ef8fcf24d28ce11e71d758,999900000
2f854c9df6212c39091bcf28,650400000
ccc66d77e5f68779b1c016db,586200000
47d288f8f9227013424d6976,402800000
3e891afdcb568befebd66fe4,491400000
2d1f036c96e92d9c557605cb,441800000
dd9d63c612aaddbd86676c34,447700000
13cf784fb3553f75acf25a4b,441800000
57dd353ac00d0e99abdb3733,952700000
ed0051ae106fd0df60a14586,9.72e+08
0997324f14c5823413463546,1136300000
e2cdca1756b1635dd1ac2b2c,770700000
7700df9486a1684157527739,430200000
e790b21630ab963a65c53df0,610500000
2bbbd9878a1e7c55bdacb330,493400000
decb25b7fdc0eb259831cc71,8.73e+08
fdbc74fb5882051327b3caf8,503700000
39dee9b1661292cdda6c4823,731800000
354e2de1e3a81a63e7fae4bf,741700000
f80b9e8c51cd71c5be281652,341500000
a96b19e82d9811d5de1ed0e6,399300000
5e5ca2753a908aa1b7fe80a2,517800000
495b6e61d1b887f8b4c1bcbf,432200000
ad8ac9edabcf2d4b06ba9fc1,780400000
359f6a66a407e30b40979d2c,577300000
ad351bb6437583ec871b1739,888400000
262b1c8ce7db2b4aca2400a1,1095200000
6808b10f5876ca36f569a4b8,888900000
54c74b36962edcc922573792,541700000
e7fc4e6b1fdb38ffe68fb680,648600000
1c9325df5599379a73e18053,834300000
8c9bf9031bd378c1105e3f3e,666700000
be70989d473cd731f6d8e580,695600000
46136f5f078dd31170c58e64,1053300000
7055f85f7749c4646577a51a,399500000
861aa922b483f9bf7884dac5,387500000
45f18e0bb676d2495a227dfb,440300000
9cca7c1e9ff65766c8dd2e29,360100000
b2b7020e66872c8d83468cec,459400000
7634d7acd4197594271c84d5,403700000
11ffdf367d817b582d590db7,581400000
103687e73b0528ec29725f1e,453300000
8b5369b126b75c497b1a7b73,641900000
b33c9b03cc12a253e4936cc3,515300000
ab177c5d60492f2ff087708a,515200000
05bbd028f30492fc0a9f35d0,641900000
2b9fd26383758104d567d474,641900000
4addcabbe23020d3d0d46ac6,641900000
d93ba0c32244c455e0f7baf4,641900000
92b772a38d5e38bb51a3f621,606600000
135ca1dc80ae4d9993ec46f5,641900000
ed5192bd8038c77ed2e46f0c,565300000
3a878d44356885ea61bd882b,641900000
c29c69bc6758d5976024e455,473500000
dc486a3d7e9e2e608ab2a7b0,641900000
1a34acf8e509659534a56b63,565600000
5716ed7d678cc2575397174d,4.4e+08
444c68a7a6cd0b794768d5af,553100000
8a724286cf661794084aa87a,780700000
ff9c4796bc3ef18ae7bb724e,771500000
35984f749eeb84eaf938bb08,892600000
0998999f12dfdd50c597c6c1,598500000
58bc65fd2e0e4430fb353d83,874500000
fe483817d899e0044abc3787,668800000
183a8459fa248605b8b5bc1c,715500000
a1f0d61cef676fbf798b5473,479100000
d7d3cd587d291f389ba2e8d1,620300000
ff8e7294270343a00978dbc2,6.48e+08
0996cb112fc3919564e87c37,975100000
f183e3651c485e0001e64880,873300000
e28474959994ea9c0c2eeac6,652800000
682c0a5f5f3130a61b5214d8,730800000
245663c600727f7c214063c9,784100000
dea79d1b25bb9c78d331e3e6,532300000
ba212b5f12959e34b4887315,769500000
dd4eb14b56cb00130955d021,1253500000
4c94103d4366bcaaee4b550f,1072500000
7bd9cefba3f5dab498ef926c,1402800000
1d7a2572b466070f08c6e564,653700000
a38e7af984a471331b2d758c,595200000
b6775aefafa4dcc161eaf6d5,421700000
8654295684292e74d0245238,474400000
f0ae62ce6eebc4d07415c48d,958200000
969219d7b193ac92e7a008ec,444600000
651d6af0968fc05584cb3d25,583500000
4f992c2a0526c0074bbcd875,407800000
9536c686b6ec514d92493f9b,4.87e+08
5384587ecbf956275d86e60a,365900000
bab5690da7c42909464cb9a2,462900000
bc91072d808fe7b43e972f42,447700000
37cf2c5c1c6fb6e601d2f76e,3.86e+08
4cdaece5d1dd4e089a99f47b,412900000
b37af80bba5adc197cb51649,538200000
552152b60bdc1ca16d2dbb71,705600000
32354bff9df0267a5e139156,623700000
fe4a6d7d7ed28b85c5816fa2,934300000
afbc7773755043a40a7f9d6f,4.09e+08
daf2efda70c6f3cd9257d0dc,451300000
66fa7c9e82a2876216b14b1e,478100000
e34517b1563d829104e230b4,348400000
222a35842b0bc09f48e1d0cf,523200000
c5a64fe5ed5901734d98a22b,467600000
05db9fc492801eac98f69c7e,315700000
6e4ce81e713a571601d861a2,473900000
79fe5105ed7a7861d3c0187c,337100000
70ea911907d320da1f7f9c41,455500000
e60024d6e0b5aa52e27a3b5a,349800000
bb63f086543cde77832bd4ed,349800000
b3c2187fa96006fecc6b8ba0,369200000
9499edd83df77bd6a90560c8,369200000
a947158782fe2832cea53040,478100000
2e1608b8c646a102e27df16b,491500000
77fbf1f0c35c1025ea4803e3,423100000
f9e6a759b069e04b0cbf0182,580900000
1e158f436f2a4caedd1563a2,546400000
67af004f80b08fae38f472eb,606500000
386ee01c3f7bd8bdb91181ad,793400000
36ffb5566bc35fbce9e42679,577100000
b58533a6850620b0960db713,382800000
41353584f956b9e316c6c67d,534900000
b1d1bc7ea83d5c584988b95c,485200000
6b1c0866e6f12f7fa8de94b2,451500000
fa4fd8380dd2620c672facc5,588600000
44394e66504a4d77587ee105,6.76e+08
d841d6a82425710e36460f64,421700000
33501f96ba3b02da073d586d,494700000
831693b6fb81df1359e45db7,583400000
7192b9d32e4ad55f6af9e241,567400000
4f99b97100d003ba3a2ecd46,575800000
83d969bfc020aea27d2b829b,752900000
39be6f994f2cd3d68b51126c,594300000
712f16cf2506710d7f2a2e8d,627100000
7ba618fdb1fe8694eaecb64f,752300000
d8735967c942d1a7b0cff7c6,816200000
b4ef40e00d089a35d750888a,924300000
7d73a548c2a29ef2d9655e1d,5e+08
63131b8d125073c7dfec72f2,898800000
a65655a4f42564ac48bdffa4,735200000
033d3f8ff56907db4c453700,701900000
05e8878bcb68d03e3b656eb3,597100000
2ff0775d2c131d19804f2a2e,618200000
9957ccd807718945178bb847,1006600000
7bcfd82ced5d6f1ae390d388,452700000
adcc03f332b427be46f118a5,793200000
b5dd038cf35169bfd0e62eb7,833400000
35b789e1d63f8f25980d21a1,1063800000
c9a215f284e095850c809425,8.99e+08
d26efb0e1213e19c378edfbd,676600000
9990217fa4eae1d1c4ed051a,945900000
2e9390c4423db604e1c7c4ec,595400000
6faf9b6c30b176e36f2f1d32,716900000
5b83d91f4d6364d3e4be1428,745600000
0d9616f0ac8b0c2e9e0a97a3,516500000
9c9fd309cfb505b628f84fab,701200000
98b77fc0888335702d082f8b,900500000
051d68945b95562009d4029c,900500000
eb8021804e63016fd934c9b2,689200000
ed6c8c45bc8c1d160cf0d0eb,848400000
9fc8c3523883947769b2fe6c,855400000
3e9cdf767389ee551b5349a3,379100000
512effa47a1c7a5420bdcd6e,361500000
0768e70fbda0e09b88c1548a,510800000
acfa7a1cb136e4474b7efe32,763100000
a343e6ec6eadb287711d3834,784900000
a698d80ede6cf6243fd9ed99,1027900000
fa5c81237a94f2f78f05977d,1207600000
999c8da7dbed7412dcbafb70,1.242e+09
c33613eff66948d1bb8ea3bc,806400000
a642351076b7706a733dc52f,873300000
c69e08214cb1fbc09ced0971,357500000
48a20e676a060954308c9ecf,406600000
304ce5835e685778b1c2b6a1,489800000
c859144477dcaacbc1654a8c,581600000
98865eb2f40b8a30893cd351,551400000
68dd15c8e9b71171348ea24b,1186400000
3c660885ddd7e98ba5ea26a1,1294900000
c670315562766401f92913d0,491800000
777a8d05edda0a335d89e90d,6.51e+08
81f5c32a2c2d3b32329a645b,627800000
40525fc425906c9485f1ddfc,355300000
8b6efcdb553f6e936bd90f3e,443100000
94dc108f1d146641b221cb81,448800000
1034ee7a5160fecdb5e8c27c,631400000
48b34600046c903f0ae4e6d1,870700000
edca31377b4f7299f8b45187,1097200000
b1586cdf68f36926c3bf72a2,379300000
70b15c2a38c404e62ad05171,350300000
ce18358366157fa869bf3833,457900000
6883fb90099426e6f3922909,468500000
1b7151cf29b565b2f1caa559,486100000
f2ec3a3598c99bb8c38cd680,410500000
38026eb43ff9876cd5767ac3,434200000
9f68ff98e302ab06df4fc672,447700000
2d2ee255ed2144b9fa1fcc39,514800000
029224b78e8f358aa9c38e94,509800000
88da5851280dbe750968c565,586300000
1c67456195075a051513b28c,483900000
9741ff1b895a038c32205784,531400000
75fdbee42ec89d428143066c,4.7e+08
9f27627b9e439fce085cb01c,694800000
a4a4a57cf20ad739291aafcb,654200000
84a074517742e09a7eb6f320,447400000
28fd0437736c1b17c7ea1f33,836600000
beadf1de0732143f0699895d,830100000
b027f75411dce9c742c5d0f1,916100000
182077fd9c5142d503309490,577800000
b1df92683a593edc3f2b45ad,669300000
38cbcd7f88c1520fa083af9a,864500000
8ab5eda5b66a6c2becffad29,814400000
e68ceeb098f60054c19fda0e,8.02e+08
e6ac4d158437142c15bbd4d9,836500000
a448d8246781ae78dae61619,809100000
4e878e99ad2fc34400381c3d,1039800000
beaa09cb49a98e8025fd7e8a,6.66e+08
3df855d8893dbc62eabd95c6,533700000
cbfc3ca911ca23517da8c2d0,795100000
a020e479dc5db78794a5fa77,834900000
6247fb0e5261d4225f6c9f1e,755300000
93822a34ec8dcf104e7f49c4,846700000
17d311554f40ae8b40234c31,6.37e+08
762e044ce9371d7b8c7acb6f,908600000
2fad468e1c248f40ee3586ad,758400000
fc25df25f4151a16cf0c90f8,1073100000
39c1613acc0ba4fe622c1f31,994900000
2c15a0733cdb932ba8f2225f,926400000
1db68ed64501f35c51d74c5c,820600000
1d968cecf268a7f14def1af7,1066400000
77c886207faa6965238b152c,383400000
86242b25bcb2dd775d25191a,471900000
a8b457cf82926e25cd862af1,734700000
fec1212eae4e6369d5555d8c,685700000
8f59ec48e38092ab01c23e33,909100000
490b89e972abd7e64b5ba6c2,6.76e+08
f8f217756d32f31faa784c2f,924300000
1c2ec62e8ebba12c6146a04c,828300000
2afa1699af46ad8124f76e4e,649300000
8c1695c9a31de0f956e4ccdc,6.33e+08
d88bba495701ae7a44eecc64,937700000
00571815d5a7f208eb3e7737,788200000
d626a635ee75c23aee2fb327,1067400000
7e3937cfe43dc906983fd321,684700000
ddd8906ea4a22b782c7888bd,696400000
258abe0fc321f6b24d37ad86,399500000
f637a4885488bbd499199148,695500000
97f5e6ee143998e0b3fc97c0,443800000
be4b96920e3aa5c57baa13b3,354800000
6e7f3a0cb6246f13656fc95c,1.107e+09
0cdcd8cd52bd1967dab88a5f,472100000
83da19e7fbbca11083090574,494500000
f0cb484eb3f6e04b5b1806ab,497700000
fbf8b0f1159e89428778c847,506800000
7c316b981173919b6cae5516,515100000
d6496a3215daad9089fcd5c6,902100000
e104567c1cc70000692f502c,624800000
c4476befe0002dcd0c315993,517500000
3008e821640b33a8d70beec9,455800000
9eaaf577807d86ab64fb14ae,409900000
9db120a76af04028d2f0ce68,319100000
81e1f8b1c0e3b15f2ebfd84a,428900000
9943a2530009f62cab6b466f,485800000
a8052c48a500926214eb2e1e,509800000
3335313b9060ff29782906b6,559900000
cb93bf58a01eb262cb003061,814400000
0e04f84529d92f2832ef986f,6.4e+08
807d7f5155bd299afbb6491f,533700000
76558d67def95bc708039f05,907100000
bb19983466b1a1184ee7ea1c,816200000
34067d9b2b4e45be1e5cfa32,9.11e+08
1c4fab7d9cf798617fa90a19,472900000
b4d610e0ecfe007c133a5ea4,416700000
ffbedc0873b99654d10188a3,379700000
ac413fd87de33153899a1d04,435900000
83349bba5fbddbfa2db5078a,548600000
0a759932f763df64a463ac18,495300000
fd9ebf37acdbb0e4bffd2fb3,549700000
f725f6ebcc3fdeed22bee385,531400000
ceee9fd6e692196b960443d8,535400000
bc10eea54e4a1767881a2391,698300000
4ed5718470ffa3e5b5f40bae,565200000
debd031585e9527fe00f116d,6.52e+08
23b5f2af5d39edd25db6a522,616600000
f51000446ab65417942e535d,565300000
e6ed64435c659f236cf213a8,680400000
b160d30961ddd3dac16184b8,706300000
0cad79296edb4b18582dd77c,913200000
7bbf8e16cc32dec423afa6b3,836600000
acf98212eb702c79f16bb058,663200000
1747dd033c2c2769974a06af,808900000
d54e80ee72354c70cb84323a,808900000
de901d3433ade456e9edcd79,808900000
3fea10126c0c651f02de7167,808900000
f823f6d95b4340e8e4dd0d57,808900000
ff6fa86afbf9da2aa8eb7991,808900000
a966f298e8d4d3d580a72d99,808900000
5b0918cab84af6fa6c464037,703600000
bb1ece5366ebb2ef9d52708d,355600000
fa926bec03068764c8545d41,476100000
3bb987adb4ff573ef09b8c12,514600000
d7fb188814d4c118ccd83989,457300000
ba511b37b4bda08d191c68da,469500000
3c2f62f464aa5c48c470bff2,1101200000
3256c6c6f30aea9cc79b7283,782500000
9844c3773f7a50c71f218e99,767500000
23229e392dbd8fd9d80637da,772700000
e0f47a028df2dbe9129cde7d,1130600000
a12f0f00148e564ef78838c5,1177200000
d3ace27450b980262ba9bf76,1039800000
0668a4a4521c783a2d817413,673200000
768f69f0241fe339b6f52fa2,599300000
e78ef4d2b165a8e8781c258d,440800000
631ecfa47fe167bfaaa967e5,410200000
954e3065b1e8b31a68f6d4be,4.98e+08
e81c5c1b820636f691e5c5cc,630500000
b4c779732e827ab2fec8e8eb,1.067e+09
b58208759ce1402501f68906,683100000
59805e5f4080246ac1d92b34,615700000
a3fd38336516b98117e328b7,900700000
c0bf06891690188e17ceeb8a,674200000
efc8ccaeb09a5e1bb0bfe011,926100000
8e604d41e0cfe9c93ad536d8,983800000
f770b66579bf2b55a714c43a,7.24e+08
4e01f07ee4b1241360de460e,9.09e+08
dba1be42bef913f35a95735b,5.96e+08
d839ca90c5df85e5cab54ea1,657700000
ffaca67ff9f0d7cbd5bbd295,1292800000
6f17875bd3ecf00566dd5c1b,695400000
10d01825744060a7b777ee4e,482200000
185b333862e7420f25622efa,654300000
7f7141f5e1a7964ac6dc688e,767600000
adae78b82caeb073d84f02ee,7.42e+08
4c0f9275581b5572635613a1,422100000
9d6810aa1035e91b72de6a26,461700000
069798704327652a899a189d,476800000
2f34de2546f13e8a9dee1edf,810300000
8147da5e5f53a163443e8506,574700000
6834b61ee23cf04daf4fb83e,1046300000
59cbc0e7dc6e6922feffab8f,576500000
7cfe5c3f5cb1bf095eb2c503,502100000
d916219daa90cd2d99edc609,699400000
e78ad3483c5aa5a7a4310720,597300000
d048fdc255a5a7f474d48c0a,895300000
b76a3fe6a49dcae6e6bf5815,6.81e+08
75fa60dfb737ad50073848f2,742600000
83c1d0e2b8826844416abd9b,623300000
8c02948b66db263420c20d3d,682400000
33ab442cf58cfaa33eefb6dd,338800000
d379dc03d78685ad14c647c0,383900000
5e36efb290bb265d81706bd4,4.76e+08
db534a5f57e92d29b9e150cf,760400000
5354a816a7da90e205448832,390500000
f0862f57dd6be5e7659c65ba,462900000
7d58eba13f418d890ef563da,844200000
c2fc3f04c3870e14b89d5fbb,657700000
15537000b6806ee84d4615bf,895300000
e82508e88e3f62fc8e67dc16,816900000
86ee57ce617b2be312a9efd6,905400000
6bcc29a0afc735bcf3621595,980200000
d79e2addf7c11180be222103,953900000
adeadac88e573824f08efa21,654600000
922c37e46fe9e75e73fc1f35,505700000
5d09f2d1cc5fec761ac4372d,760300000
8c5aa3c826f325a9a6c6f524,760300000
fd0c010fa0c4b84dc75ede86,774500000
c23150d0aaaf932579561998,698800000
163405cd6248bc3e832dc93a,652700000
eed12d0c3e65e9989fc4f4bd,5.88e+08
e6fd53315e92a55c6b67405f,399800000
7a3ec914a15b47726567af96,606400000
7f02f056d5eb4aff92b44659,436500000
2d5d9119602c228b333402a4,544700000
43fefda5a3b0781578d9f2d3,694600000
513211d9f07fd6645711ae31,376800000
c3e1e0d2618556de7df13403,404100000
b4a4d705930d9afe896dff17,458800000
e44b023e39910ed29f4dde2d,466900000
4e78d095988a92642a1bd18c,420800000
92507b623f039b4ef5be8870,807500000
e216fba4bffe753a527ecd4c,603200000
24a4199c17f9c56f0b3ed12f,684600000
6bbf09c3bbc3e3a000cd2afb,614800000
b3d45812baa819caa1400255,550300000
2688e4cd1fd441d1da455504,536900000
5dc1fd6ec7ec8c8af71e3b6b,761600000
f7b7e298ca8fb75e11e92999,605600000
05b71daf88eff5ae8cf5789d,525600000
e8a7ddb4e5d43d156692326c,906500000
632820af2a0477aea5ccfa1e,928700000
43a3fbb8218e73b956ca50fe,959700000
398c195aa41ace34a16b0d7b,9.74e+08
ef3887783a12f591198d6c27,528700000
e6653cc1c94306d4e56ba216,595500000
166c21ff83e97c6e74169d92,916500000
d0fccd2708fc7def00c72317,998300000
d66bd7e4bc7b51d23af57de2,1121400000
8b47b76193159a21c3580a3f,624200000
448d159391c38e4ffcc405b4,392300000
9ce7fb3190866e6a02e01e26,465400000
c25f892c01420855f61c3dd9,478400000
2d5ccb12ebb6fc7d4ba462b0,492400000
9eb4041ed9e159ec0d890de6,413900000
c342f6492f90ccf623e8e8cf,659400000
c3a78d9bb10165d9be188394,605800000
1978d8fc2031af21e98a4e9e,707900000
d6d581e852a025b61cffd6cc,824400000
ea28f68a1d1d81d29b88531d,656800000
a3cc0422a37512ae124013d8,654600000
073a3ae443f3333f0f526f7e,639900000
57238dca767ebf3a842c5f10,1025900000
113887ac25fbff9d30fe8d35,621400000
fed1a50c562ffd7f30451adf,424300000
b1e9075645f4b374c7301346,8.05e+08
6517c1efabdea4c1f93078b7,475300000
b966fa606a3b50d3ac7249f6,9.12e+08
e0ad3e9588636f454e9e484d,736100000
d7ad46cde8eca723de6510d7,608500000
447f51e37fda773ab748814b,663300000
a6b992c9bf4eb32ab3d1df4e,432500000
3a9c7ec02f3e7e419669fee2,386700000
c908280d0461c3585af94d53,680600000
b3616a055e722e3720cca48c,806900000
45a8f6d942533794501d775d,697100000
b6da1db3aa02debd11e26edc,634600000
6d12669907d7d80d0b458a93,7.59e+08
5122b2e9638d3438434fc56b,1255600000
6367a127b452cfa27043f74f,710200000
fb3d29813052141c015669c2,415500000
5fb76f2095eb1a5cacc2524d,4.04e+08
95632ec6578a204881694dc2,494200000
846b75324c0f3cbb027387c3,602500000
940dd8311f2b49d4ec212fde,762100000
bd0261ab68cf56950ccdced9,573200000
f79f0c23b5cb96b5d022582c,6.5e+08
795cd68f9a5ef45902712524,563700000
d908973d90db91f772890c9e,4.47e+08
d670be6c848b1e92abbf415d,4.47e+08
87b940bd3dae37b9fdac5d4f,400800000
8a7ddcd0c452e7993bc5087b,430400000
8925e22f8511be30d50545cd,808700000
1342c307971094041c9c240b,6.76e+08
385488342bff3d3587250c84,879700000
f8e25b7d7e93c45df1b3a4c5,772500000
fa4f331f05b1488990a69ec8,1094400000
a71d187784b309d65cea0b14,1035300000
0f44b84024412099f27439a7,622400000
0ea1a5d32324d270cde1993a,527300000
b13cdf9314a34852e8db4221,549300000
75e0815e2ba7269a10d9786f,449100000
f42b6680baf774d27fdf1e48,560200000
5cde1a59393643d7ed4e909b,571300000
8736dfe0f1c6e2181b0ee31e,841800000
5859ec20de4a5036292ee947,8.27e+08
1eee0ff52c53f04307cc3216,591900000
b455979bc938acd34a580eac,802400000
6921133528bd6fa3675ce8de,705700000
3d266736d0307404a5804073,461100000
f4f6e48b618064ced466c302,408400000
dcf606270a4612aafc5f9f29,483500000
5e455623c380290e0a8e4e48,403200000
ac3c9d9357fbe72959817602,740500000
f48fb9d9c42b0ebee72cfcaa,449600000
dc99f2871bc05ea7e8a97d72,802400000
b5cfd5eba0b6297cefd6d3d5,590800000
0dd30227247f145bae82f96c,1002200000
9f347bf53e4ca4d264a45241,598700000
81406ce289219cdab015549d,680600000
a085fab6d9b9d8c24472cfb0,1255600000
1fce0e993a57a3e3873b8d7c,1414900000
af67d51867f382dcd9cf34b0,789500000
432f082ac51bb0d39ce45b0c,1236200000
b6281efabdbff697d70925e6,889300000
9215d29512b14aab6178da01,1227200000
6218a5d7267f02c576e5bf16,561600000
d66cca2c8e08c89af26e7622,788700000
ad3b4ae81c322a9f91381bea,558700000
3a40bebb521445fcd32cf033,7.45e+08
c1ca38f941200a9d666aaedc,516300000
a1da74ec074df16a1e8690b9,1185100000
502154647e351af240615b98,566800000
b57cd3eb0290984f061e1053,642900000
4db632fdebc000c9e64a589b,627100000
e380184391898aaa2d3dc540,792300000
dca45f1c1a79ea5ebe639920,1098700000
961de1cc8601447b03682e1d,560200000
60a4f09c268e61fbbe423ff1,369200000
c3191b6b40191009ae9f4b7f,1152300000
478ac408d2a5c603aa23cbd5,799300000
ecdb747ee4a3ebf958252309,554800000
6c36e346957e336a33a7708d,5.79e+08
09b18e3f3cabb7d5469a8d51,801800000
f1a5856ba56e7b12cbb9459b,385300000
c378ef33f40f8be9263e517b,5.92e+08
b45911f1875da543199e97b6,893300000
678c70903bcb6c90e3578d6f,1104400000
be22ce55ba31cbf7cd285e5b,558500000
2dc58e6aab9399e9677265a6,957300000
dae55582e86b1f514a4ec3bc,1044100000
c119f62348e418d9ada13362,868700000
33510511ff07dc7354cca7e8,552400000
16b79a8af9d6376c73c2478e,7.18e+08
714f90489426e80933ef31b3,569500000
6c8e1cda487c9841c8d297d4,502400000
6d9c4bf994147d8892d27f27,780200000
1b300634b71b898299c54671,950500000
181caecd269e115cb5cfd75e,467400000
059516a91f938d2e8fbcca0b,879600000
c42ce8f9f62f7a315e028e3b,597400000
bc23e25cc246ced4731ce5f5,9.39e+08
de44f54fd6b1b62f30956f5c,7.87e+08
2ef897a38b95d7b769856e78,471100000
2280b5f7c47c3b36924b84a9,601400000
16ef7eaf29eab571e229e537,1378700000
48b1f800656bcae6a9e70802,739700000
b4aa025f8813a3f0b132b7e0,503300000
3c6092e8458ee81aed0db0a3,6.59e+08
d919dc64995903c9120eb61a,738900000
ef53741b01120666a08db213,8.56e+08
c3dc5ad23dc8cfce0671adde,643100000
a270fe47ba30ef0056ec6c4c,398700000
f550bc7ab5992a6fb48eb60a,1.081e+09
28f980b3c741866e0db5b761,535700000
c2ebd39857dbbacb99e6cc96,856100000
bb9fa21902daecf876c0467f,749500000
fea142787b18327108ee8929,626100000
a1647603f732f97a99f5ec6e,794400000
775f25d8144580541bf2746b,509900000
527a8fb085995119f846a5d1,822400000
8b69bb9fd7f0f19a248f5cf3,509800000
3b14b48188fdbb0917414039,476100000
02259637b8ef1311c69d3d90,870800000
50eeed30ba674cb079689afb,4.39e+08
5fc3634e1fcc96b9215a6cd9,834300000
23cc24e23a1d74159ff78464,920200000
44551251fe345b31ed71aa5b,568600000
82ad984f02ccda30bd60da8c,767900000
5734cd4805f5c055d36ec645,859700000
fc7ecefb27bbb5c3e25e899f,424700000
5ecbd5b92092264f4e9101bd,647400000
83a8d9df3a535fd273b27c15,1038600000
d76fadda8063e44483aa024e,873200000
a15bf12a6b8749ac8f9de19c,412900000
a3f32d81f4cd99dc85a16bcb,559700000
4029115038a899d98dc93d3a,1027500000
2326bb628b4a571921eb7345,763600000
471d6fb8037049e1e4d120a7,1028500000
b73945103f07da807f7a30dc,1177200000
d6f4479f9226e52c93d70eca,464500000
420b03095062d9571144a276,565300000
ac0185c8f724ddd40bc0d235,5.97e+08
228280554ba149e60f81d639,825500000
8a44e15417d8e520a99454b2,481900000
8978ec4c5b2f02fbc1f57820,1077400000
2ab88dcecdb565b6412f5bfa,555400000
1dd6f560c804c4548561cae6,1029300000
90e94b7e392f84e01a5f1551,845700000
84aa7d1c2590f37f0fd6dca1,424500000
0821fde7debf7cc445434024,477900000
b9973b07c84b99dd1018050d,467900000
169013bdcc2ef214e0163ccb,577300000
3c8eaefb3f5dd8d4c9f5386c,649400000
42d91ed3f3615247f57ebecc,701100000
a7f1397df30d6521c216e331,1110100000
f6c6ee12e338b1f9730b6e2c,3.97e+08
8f4687b666256e136148c3d0,1110100000
925f83e20a153a1e094bc606,984500000
cd270a11dd8257648d1f0444,756800000
ab11db71265771ed4d9de64b,375200000
ec199e33b7557dd669fe1aa4,353100000
b47fe4670c6b065a9e1db429,436900000
918947d51e52e0caf692f22f,421800000
070543b03770991d65cc337f,978300000
f45dfcffe189327cb0d303f2,644100000
d2e7484c81358d4c79f040b7,752400000
73ff3a6b0cf4f7ffb244507b,813900000
b0cdf05097df437354564bc8,375100000
33ea5de5e8f5c639a213414d,914900000
c94056bc09a4bea0e853cc41,581500000
6d5a91ae44cad7849dc4e969,893100000
b52e0738dec9d2f119c75a9c,567900000
0e35349077490a01f25e2ddb,1080300000
9a5fdeb5f389590eb46e7aac,1272200000
337c81be4cb14d494ca69db4,811600000
ff28f1a1ea72e21acb157f08,1286500000
e83ef75473fefbf8d7e52302,464800000
6d3e508ff42615eb78862723,706400000
3b7ddf527979726fb8aa1683,471300000
7b08cade91e2be20656ee856,493200000
59cb7abb39785d5263a156c3,746800000
bc48ec7245297b4cb85dca1c,644700000
0f366a36001c0766521b9dce,563100000
6ea022e53741adac484c1798,944700000
aebd6304298f84e7d440c379,1147800000
c5b333e454ed6e93ad32d96d,652200000
bcd31d201096351079cf7ce4,641800000
46cf5b18fd7bac0d3332d70a,684700000
1dcff645d389e7b687a498f2,856500000
cadbfbea1d03e6538af648e5,512900000
9dc0c6ef8389978be58daa59,912800000
fdc00f6ebd155e84a387878c,467900000
99c1b39476ee8e2ebfff6ffc,648800000
8930f231a5b9d8db14e9c656,683300000
2dee15f1b082bb986f8d9513,524700000
346c734ce163296a07526a35,6.33e+08
6079fb3769f843e99b47988a,606300000
f5802200af1d28eb48466c1d,482400000
1f8068ab65469ba56a1f0c4a,482400000
1ee45a731b6f0242b6d2936d,606300000
56b7a6da82134b135fb7de2d,716300000
340c4d762f830197fdaf0977,914600000
1bdc0d441e63089737ac4c27,608800000
b3d82ceeac64b64142286375,446800000
947421747f33db213e6b1326,594500000
bfdbb7aef98d4855d459ac94,459400000
80e88d50c151d5534a57f61c,779500000
d0f6e19e92c03b40a5aae3fa,1116100000
6e2a3e49dd6434ed01eb5e71,627700000
89e2d612654b3c792311faf7,762100000
29425249fed4a74ada083dc5,505600000
fe0182e1795e2b87eef4bf41,604700000
dc9cd30b760a1280e0318512,850600000
d22313a06e43b8ab8f6672fa,4.48e+08
f91cc2e5edcbb704c293084a,1323700000
dae776f643e809387148900f,1230100000
e55634fce84f78466095e730,603500000
a507a938532411f06c57ed8f,706100000
30f3b383f2d5e4709c9304b1,819300000
aaa43db51d1ddea564d1bd2e,536300000
b3e76a0a1fcacd0218c17908,442200000
e548ef7a5650696c0e968cf3,807300000
939afc1f6250d528b0be8e3a,677500000
405baee61afa4b08dc25e586,864600000
0c4781c598c06d538c5fcdf7,548300000
fc321e2d9b4e954e80805be2,461500000
dce18d258c352b7edc60c304,429100000
7b0a2bd964c04d01387d78de,559600000
43fd6b5cb01d05c9b1db0e65,761400000
cf0152b0a5e886e8291ef4a8,6.49e+08
d05030b0eb8931161855450b,638300000
281ea3a3fab48c028721ee1d,633800000
4fcba82455866a6931590dec,922200000
ecc5e3781d5e004ceef8cf76,443700000
409cb370961c60bacbdf7416,353100000
54445913b2dc2d6ba35abc66,443700000
51a8c190ffb673d4fc27f4e1,584400000
80e7c6b194b3229e3e2b9aae,616800000
bbfc9b05caa647bd95b3c88f,520800000
128cb9247755abf5f2801431,605800000
ac180e846fda5cd7f1123f6d,970200000
1e7173670334937dc61243a1,1.112e+09
c2555955d5175b31e5f783ac,663100000
d87bbd60fdb8b84a9fe23ba7,434900000
825012911321d636425cd0bb,1151200000
54561e6ed5570577ea97eeeb,926700000
3a2a2df4f07902b04b809125,822300000
ea7e3ba584cc5ee45ff8ba7b,977900000
25093735f186b70beb018317,599400000
7fe1adc0a5873cbba4b021d1,855400000
461749398bbd48d69b444d7b,484500000
eb8f668912b70fd554c8c723,5.77e+08
e2f00293305c464b361b6178,587600000
02a0a38b45e1b196165b0098,4.86e+08
0e6dc789744b678028e74d56,478200000
58954e79191c62ceb1ead100,1072600000
23aa0804aabdc61650b8562a,910700000
ef64565957b5278185b2429e,516600000
253725ec3d7939088faf71b7,516400000
a9683df184aa8b4ad5d0cc5a,8.53e+08
3c38153bc36b364b92548965,571100000
286cdf6dfcd95ee9edf73a93,347600000
df93a6e36d9f19e252fa9de3,562400000
586fde402c82c1eb5a74d634,382500000
5fd3b0299c0d52e48195fbdc,394600000
06d33fff99a62c330ef2d585,530200000
df98fd10dd8ae59956994521,440800000
361715cb422c5fcd9125d5e6,547600000
af68665ae8711d009e8810ff,578600000
63f3295df28c02953241e2a0,684300000
62d338c26b44153bb075b234,869300000
41a269c661f20e443a7a25f6,736300000
c5a8695b7aeba06e46266959,6.62e+08
17e5796a30da5eaf310d02b4,587800000
69acab4a6f82ae943850b9ae,671300000
5fc3ffb33090bf75a81aad8b,615500000
02d89daa77bb313328fe0c4e,507500000
6ad1fb94accb91bbc30449c4,451400000
a1cd215fa99b8776818d0b0b,5.11e+08
0553a3aa7d961ada6dfcd52d,616200000
c6ecbe7b57db2db74b0d788f,8.38e+08
a4b23fbdbc7bbd45c5ebf80e,9.44e+08
3bb15c6313ee70bf4d88f4e0,481500000
e05c52c9c8fcb792ace06b61,474500000
5fc77edb0e5bec0ed8e72a60,833100000
85e15a0a63ffe482c68ec474,1290300000
859025f2f41efa521a74a00c,547600000
1672a21e6b2d8d0525df1759,426200000
7d4097722aad95158c51d24a,582200000
174fa597347f2b1d3e9016e3,696200000
3f081fb77ad08f8370569bf9,563100000
74cea4c9dc0e00dbbcff8b1d,1132400000
4f5de1bc90694fedd216ef40,1084500000
8fa4be9ac1ef719dda1f96bf,421700000
3db3b80a902c10004cd3a3d5,1061100000
bf02fad806fde4e3575e75c7,634200000
edd2afd07fa1305fc3126078,481400000
bd5d2030639ef16370cca032,677700000
87e74ed42a2c8c97f7bdd239,847400000
d1c6037d0750bcfe47d425a5,555600000
763c9a528d0f99f34e5b0031,521600000
8b674605311d296990ec72e7,388400000
d7cc3d199e538258fcc83f75,395500000
ec6ffe86e9ece6fc03556ea5,477800000
9762ecd72557ad6728274e1d,585200000
49a2d111903c77053d44573f,493700000
d06ab7503c6deaf9cd405f66,9.45e+08
23e7dd821ec2601ee2c6e353,978100000
81519727c7ad9f60d2c5f224,906900000
a4a5b6a844c14b4eca92dc49,1044500000
7e647c5e0a7d95ce87cfc8fd,993100000
7a1bca1ed03e7cd0e277fb95,394600000
03eb8da7205428e61bfb2845,443700000
82780776619be0eade3d72ef,390700000
4c03afca943c3f2484b8db6f,394600000
85d731901b48348f57932240,874600000
739de8928aab4ec77a1ecb0b,504300000
7f45d3809b08bb32a45139f8,5.28e+08
cd14f8aa1613d754221c4735,589200000
537a9a2dd0ace0d0131722a1,950100000
2d4a781f969a4fa2a4f04a7a,7.29e+08
e3676f99542f27c9037fca29,865600000
bb33aa4f1a7732fc8ef19039,389100000
9f11661702873852a3d65ed6,383500000
d7f22a4e6daa572583e02640,394300000
f6ce37c42fad91fce47758aa,421600000
f57cab248d2d832725d78135,459600000
9d73758bf7569cab4837e49c,613600000
322bad590ae06fb48f80c533,511200000
5a7b67d4c79ecd83b7ab66e9,968300000
8dfd846e6df9a040ae1188b7,4.7e+08
44a587fc89d6b6489157ff49,957300000
f9ce5b7edb104d4e8407a344,546500000
73786d11f1fa714aaa9f1f90,844800000
cc72295ef156cb2d60d6b10f,937200000
c9851396352bfeb05fbd7580,1.23e+09
b3561144c745ae3d329dfe1e,576200000
7ccaf332cf87e07b38b340d9,1055900000
d63fe229354bef8b02b4a934,673100000
2e0a8235637e98dfea862909,770300000
0a1b14f320e330b405b27a6b,1026100000
db41266d7b500a6daead96cc,3.94e+08
364b8b8759e3c408c4005021,456700000
73bcd7efb7a25587bb1c31ff,4.66e+08
17060f24d81fe2661c7628c9,6.16e+08
98318f22c00ab335d8aa23c0,624300000
c926feb307c493aea729001d,387500000
58d92e8a26589e37b7123716,593100000
54d11dce9374378326f7ac62,394700000
8e79eebcff019c3362a76a26,647400000
02cb957c3db9ded3691a9004,457900000
561689dc0f267cc5011ede3a,710900000
1533da89d388196f19e2c5a3,755400000
069ddc5d1f3c855e6498ac50,452600000
d3aee2a35856634eb710efa9,495600000
4bad966abb5e8c4121ec69fc,664700000
f059e39d22124eb9e7e8e20c,899700000
3360f48c1ec30dd1c3175101,522400000
2218c6bddc994984cdc6e567,431700000
c2a9b4b389ae6f20140e21eb,732100000
d135cfa351ed6abe4ec2033b,577300000
668e5bdda1f4011578534f54,855200000
d2aa3386ae240d7387424e07,417500000
e4f2ec7e2f4389c1efa52c0f,5.43e+08
d4f90a6b73b1e179d3f8eb70,382400000
5738bc8873b341bf92ece0db,458600000
2906d21b1d96a1ec43bab50b,648200000
4e1bfbbd8689a95fc97fabdd,5.01e+08
78410b0193dc989de2d24da3,672700000
fd7f194d9929a6f28ea57cf4,5.11e+08
5e7ac1ffc0886c27471d1a54,542900000
879d9e3b4ef9063de41ddaed,523600000
4bf620c6c6d4c916bea70e81,841900000
573bf87f57db6e037aeb94b1,964500000
3ff7b739ce65f0b3066806ba,944200000
a456f85bbae3f189ff424e8f,501600000
6683685692e955a8ff172c89,731400000
82e1ae440b386c7da3a580be,800700000
efd178c4aaf3fc9d05b8dbdb,521800000
55ea155410b001104518e992,508200000
32a10e550bf7095627d17da3,546300000
823124264778e5ed64d8664d,680300000
fb01d990afd25ef96ed048da,991700000
df22426db407f4c660681c7f,749400000
44fab96fa2ea501e0b94548d,1064500000
871204bd1b3505acfa632954,899900000
3d63320260d150d134fe8648,844100000
b8b9b90d5721a9ed5e72b328,405500000
926d12cfe05643554837664c,371700000
cfba6db03f0e38d1aa0802a7,595100000
97b12012ece8a740944aa547,525800000
8de317591cefdbc375a41483,455800000
46d34fc9a8edcc199a537b30,847700000
262e3b4091dfa6b71af020ea,662800000
396761edaa353e0828949bbb,429500000
8c18d3417886c150136a03ba,426900000
f053d3918234bad409410755,625100000
8f5444b81998e52ad76b3ddc,600600000
0daf89cf494e0f40a94d3e5c,996600000
dd8c289ec872be3fe3352313,699600000
f02f6c5b97b8e3cc5d5a74dd,8.9e+08
5f39cf56c4e1bd43f61ecde4,714400000
5e187b07578d582ff3d8e189,622800000
bd018b302f732baecd085ff0,667300000
674cccf4c7772d6091166aae,1133700000
38e84c560b0455548ce186e4,803700000
d14173913bf5ed21e3ab50fb,465100000
cb8844cf2070d8697bcccf27,4.16e+08
6b44648a905e7f4c0de6c855,608300000
148aedc984c7f6831c7f9601,468400000
ff9d1cf7bd90c5e47a0bba3f,432900000
9353136b0c791bec58f93ad2,496800000
de2137c70bacfd5087bc5c68,648500000
12bf6b9badebc2902cc11c62,395200000
c0706c78d5d98202dc24e46b,7.63e+08
4394a27b21889bf78927ddf8,418200000
0ebbe9d3831727f90d677ed0,887300000
caec584b5b6998684bbc6a70,776600000
0c302f1c924f8efe0b6bb58e,585800000
e056ada7a37336bbe878f38b,6.63e+08
905cea21c0ce1cae97fe86ab,716900000
e286b12e5aa7929334322842,708300000
6cd4e68300a8bafb9d22700d,846700000
39124b1ec419566a371af8d4,834800000
6110b5bf07cf38c437c7ca8a,9.75e+08
6f8a22e4dd21f44bc6d383af,1025600000
71eebcb108c4828b8bd5b84a,983700000
5d61946d53efdd9bd0af140b,888700000
c0620585c12f3d9f1298696f,451700000
d27283e3c941f8fc256c3f4f,526700000
2acc857ede19953734600dcd,4.22e+08
32474481a0f8af34a4edfec9,4.86e+08
6720db016112cd2a4a5e0358,640200000
959d0cba47f650933b9a5168,823300000
32d2c5f1707b00c93407a19a,4.67e+08
0ffdec8eb5272d9fe4775251,423900000
c77d7a08d5b9abd4d3082fb5,539300000
a3021c7c465dfdd38cda9f9c,8.65e+08
aa24974831a0c608635bbcea,493300000
eeca3f5c399785a1cf15b1c6,540400000
0b51fb3a65a86d7799f27264,4.2e+08
1af16b7f14dc04f05edf71ea,424500000
e0d7e4dffa0f3dbc40c7da53,639700000
cfeb42023e2737491b3e4283,918700000
dd4e23681e00fa1cb9a679a1,425100000
153c89081fd85dcc66a02421,690500000
f25b2ce0d988bf5490fd780a,430500000
8700c9b62ff5a5c3394b0bd8,5.27e+08
a53b105919c7b46c0cc1b003,705600000
1c835128915211131bc561ab,646400000
a0c6e0c6fe41e32b3bcb2b26,745800000
4eff2f2297ce85a0a3964d2c,898300000
57062f248424c47282d3da30,648300000
99e860bbf3033ee4654d393b,788200000
db8912c5c5e5e49431b2c85c,787400000
3151daf55106dd159f27a8b6,500200000
3e8a4318d93b1fed4c48f48d,797600000
4c8ca73cb51a58933de61f0b,740500000
925754da6fea9c9cdc06e18e,568800000
05119815bd72ced29391ba87,858900000
aae7cca10bd7f041c8e02d23,561900000
4890edc33a555cbbac71795c,680300000
902fbbf9f5037be8759775a7,749400000
d013a0e910b1fe2e3913af7a,639700000
9c38b9798313a3091d13b340,1105200000
f04d3ee8b175c8f2f30f4f39,1015700000
f0f883c45e8470e74280e8ca,884100000
af820361d5f20198bacf839c,877200000
01636da0aa2bc223af023a13,512100000
cdef6e87c007bcd9b4efa9fa,1079200000
1d45332e2f04df18cdac590c,426700000
db3dae76fed5fdbed29862fe,5.73e+08
f36a379e0149d4800e793001,675400000
30d2ac3ecb8150e4d4339d1a,802400000
7f78955c480d050f2c8ae3c9,724700000
cb1dcee1f4ede0877be1ad15,794400000
a32d2c51f2bd5f23bb519d12,898900000
bcac2a4cacf13a91805557c1,4.4e+08
a21afcc258e50a538dfd43ed,415400000
7202b83b651382e2630359c3,403200000
77d6855eb6a30d268e49eb1a,452600000
204ddf6ba4822d55ba80f713,445200000
e0587d29cb717f725e991ef3,844400000
c606665f3a3f70ef61fa5cf0,881700000
44412a9e16b2824c4a520a72,5.44e+08
313abf19d78b719cce4b3188,7.75e+08
99ad7b36c3c916393e951507,555900000
c34c2aabac06323fa180b24b,4.83e+08
37f39916813a58b844e17833,788700000
6ab7f97fb9880e48fab16a1a,480600000
0e6c74a0056ee94b10bfa86a,698600000
7fdbc3fed9c9607e6d01e958,622700000
01018b9796a105be650ec802,937600000
16ede6f8833a93677d05a131,411800000
0a53b0b7c365879a6d2cce39,8.93e+08
a293de027279019418c070b5,393300000
973ab56a202e039f5ef37353,431600000
3e18c851788fa8724ca8b7cb,517300000
0a4b0a004c894654663bdcdb,992300000
55d4b530b881abfce2d03e56,811500000
405bc08707001684d19f6edd,864700000
dffa1057472b06bfc0fa7a66,1.295e+09
d061615fcc6355d79665f9a6,606600000
6cd96d73fc58b1502bc6ead8,939100000
db78a3ce9c6f6a7f4ecc6853,740500000
1498ce1c1bbe2e89b84a4a45,665200000
3035d7ea4b71d204b588dccf,6.58e+08
2b8e9560dd58d880dbe77c61,756700000
e8948741a987cbb3759b7a44,976900000
20718780218eac9668776956,589500000
c0a9e3f5c57cfbb4aa9b2357,859400000
5e9e9339fe1c3a06470cf7c6,654700000
f852e0f3fb8563ea6918164f,957900000
e38b4072ff8b856487864f31,1030200000
8cfa1121fc87d9483ec63611,957200000
1a805101f78cbb783e6f919d,618600000
98502628de3c4fd3905000a7,461700000
ff7ebaf86962fd0ab6ff41f3,5.31e+08
69442123283ab024a911506e,855200000
ce6e91b53465250effacca98,871100000
5d42f42059617a5ca7ff3a32,463900000
01edceb6c5afc2af1e129e86,371200000
fdad0c86eb89fe93633c8571,362900000
831725656d9df81b63c0ae38,643900000
d1f8eacef9bb4d300d086837,1151800000
3b6d88f864f6c1759f957c73,980100000
5a38f908d8d75c5810280e12,518700000
c7c835349181bd3f0d964eca,1.087e+09
edd4d560363f7575aee42d39,1029400000
8f3924eb214f5194d21499b2,711500000
466c542d7825d36d18a86486,435700000
0b71d334a6db66cf6f1a8eb1,637200000
7a91cfb02df63e4396b15aeb,548400000
6140125d2a94efe499a6941d,418100000
080df3efe1fe81f97e74c4c9,369500000
e148c2b109eecef0175b3c5d,428500000
40aaf6665b489033ba0e55b5,1272200000
05498e49d0b875ae6aaddd83,516400000
397d0f6319465fd7fea6f710,995600000
7e6d8c4742b38854d819696b,758800000
9a8d13d56d677379ebf9a347,990300000
06bbc353bf62fda3b3786fd0,511600000
09fd7896d5445f422892b196,672500000
57c63e412f3fceedd3a7e698,4.59e+08
32cb6246cd94f962f780a1fa,374600000
b0f9bfd521802b0d2586300b,758900000
2a99204f0a53c4a4d0a2393f,749200000
7651626df0e2e3119b801466,779600000
59e48259a076518d929f5db8,4.43e+08
e7b721ed96269bb195906bae,373200000
61c3c304eb8a06b5a483efd9,947400000
3c26b2954be250bfe239db68,369300000
0df87025a6351b435958ce95,716800000
df82719238ea0e102c282c09,621700000
57c74f7b9bc5e33cc823439f,780500000
4195a9d13c0a526d7cc959f8,729800000
0d00fdc440d7612434a6b91f,642900000
0c91369119a06c40623afbb4,528800000
5a6b30b4d33e068d421bc2a1,577500000
f4beded3c5ed9fd6cd5177c0,597900000
95e561c7292d64305a2cf4f9,977900000
67138978493b84ff42daad45,457900000
7da10de45c866c7d066d2586,555400000
3c3cc027fb179e91a46f11f4,478300000
df3ada98307fc85428022d00,464500000
e029c89d59f2caf4af4bd908,616500000
105d05ab3d5334b976e448e5,6.68e+08
253fe7aef58ea97fefef922a,725900000
43e11f10650837933261fa7e,624200000
b111b17ae1fc17e3491b7a5b,613300000
63e1ff737ea11ec607ecee08,692600000
ae703276c49b6a6a9c39770f,1031200000
799bc0f95ef9a23fc16bb1d4,895500000
bb9fe73a8742dec9b2e79135,1477600000
a9b3d963a14c2c7435f30fbf,1286500000
7a48bc2c3f4aad08dc7fd5a8,349700000
7621f476bc8040270958de6e,480700000
c49644baf8dc51d3f76d7e7c,787600000
8c107da7487ed0cd409f4daa,526300000
1bc8874a13914055c2759a35,441100000
fcfd6f08490be39064aae41c,531800000
23178c72b063ecbaaa04b37a,483100000
10bf1c2d1124f6d8f8b9497b,670100000
c29b30cc5db2ffc273e4cb14,5.24e+08
f7d11c2601959921f536f804,850600000
acbb07a2c7a0e39c0102b3a1,528900000
844e127aa7802cdf75db074c,598200000
e2d88f49873bbcc5476f4ff5,814800000
42aa1e6f6b8220a63fe165b2,907800000
ab1c43d6fc4f08e315e322d7,1.016e+09
9299c976b1afe4d2c0bf351e,1063600000
cd62ad28163c8df131a8f2fb,561500000
e5e06913ec3c851340d7c91a,646800000
d9b46a34e48e04b5a3e026cc,503100000
782a6028457ec55d4fd5189e,555900000
11a905e4e01e7d15d35cbb82,5.28e+08
3b3e423e248b23090a2897ee,424800000
5915093d458d4b6589e86f59,572900000
3d162a854aa05447e2cae0c0,811600000
662a3e343a7e207ecc09d6b7,740500000
289db1292d4ee40a1ed6e518,711500000
d43d2bda7b6e4d5177c0d032,743400000
b57ebf09cc691bcf009ef115,1054600000
21f5bac85d5eec57acf501ef,958800000
2fa288389b3031d595973793,774600000
c900d19cade1443983274ac4,932900000
67bd5b20df7f2a9cf4e04358,399800000
e111bda6d24089dac82907ad,398400000
7910ac9782a1a315f68799c4,553200000
ee786b818284cb382c755e9d,824200000
f9b0a27bd3619ae88ffe5455,539400000
ad1c32cf75ffbcfc842e3959,386900000
5648633b1f92de1ddaa7e7ab,564900000
1ba481abe0d3890c42884d97,399800000
ce60e2ce2a420052e67564d2,526300000
87e1b1170c163689d60bcd09,781400000
bb4c7900162be66534d17541,858100000
68340674853f0ea101e32b46,628100000
d10f89691119d4a4a2c1e650,1183100000
d414907e75a1c105ad2b74d1,424700000
c9b6d3bce20b7f528fff8123,406300000
be1695a7b8d3dc68c9887abc,620900000
debd60afab03fd1552719270,701100000
de060e07dfb0a5494c5550a3,459200000
3d6815fb68ce959cb95e225e,564800000
d93f6d8fe212ee3c0f7cca95,543300000
1ac702e7c265717b34419fe7,483600000
a157596804522e03efabce48,594700000
069c529aaef7d7e0774c4a66,464200000
0669fb98aed75d79f8decb7f,510100000
7057326ac489bcc17d580883,705600000
e3d6fe5d97bf4fe851aee9d3,5.51e+08
f80b20e0649dcf1c16003255,575800000
364256d0881131148655e006,923600000
0f9c26956bfe983c8c7fc227,1370100000
9756b47e9dd47f99dbb23115,620700000
27d413eab7b562b984c5a682,755600000
ad17072ff24e0fc0e61963b4,530300000
473a59415b6214218a15e363,720200000
ef72df5586ad0cbe59e36e07,6.6e+08
9129b78a741bf5e24df5379d,671300000
964734d3430de94d22c927cc,544800000
530b25326f39c347a35a8caa,543700000
482f57e65a3f4c6792775a05,433600000
738e86beb569a7bf51fbe199,346900000
c5788cd5507c577b7b585ffa,342200000
be164f9025f346390b986668,418700000
ea2efa1a857332559120b823,619500000
f3dd24a17ea51b7a2b0f037e,762200000
7aa8d04246d3e84e5ac470bc,986500000
6361330195fa7cdc6d5c603b,733300000
6820ee22d6fafc9c030cb286,764700000
472601b5b5719855ae3528af,893700000
3ce2c7f1ee7569e1b916cddc,502100000
afb03f7cea99023ecea7610a,8.25e+08
404364fe956884368e2f8300,773200000
c658639b590415bc6ea44119,577300000
42f1a529f5ff3a6371dccea5,541200000
e2e4641b20d81a90033a536a,460700000
253b34c2c5ce15cbd8b5826d,673100000
86ff8f274b698e7757ced1af,6e+08
c4aef1d92cf264c548ef1f2f,444800000
e8603da6012c2116a70176b7,9.77e+08
52b52aced4853a3e3d7fa058,5.05e+08
7d9a9c3b4442efdb53c24448,444500000
a7bacd6f783756c9e7cdc068,451700000
68a00651ead62911f850cacd,3.97e+08
1e7e26077db3bca2821a9b45,516600000
8aa21f48a83be25f924f85c7,686700000
48107a1dd2a3b027637f250a,571100000
6bbb24fd1b9df3df4e939fc3,549900000
aa45f8fda8801c3b4923f4b6,910700000
ce164af02f76ab3a68b0f980,602900000
c32249c7c0819b1a29fd611b,616200000
f8d4ec209ad5fa5ba4a68e56,598900000
cc03087e0f18d59c521b6ce2,8.53e+08
fa631a714774fc22ca15ec10,7.59e+08
c310efec13e312442f7e1a01,7.12e+08
534466a857d28dcc598e3a49,7.56e+08
4a81bdc14b5bcc4c84f5ce4b,437300000
79ac12d8436c07b620190b9c,581400000
f69962045e9aea6b8200888c,472700000
9752758072e096fce6f7f4cf,3.79e+08
56fc1855dc6375dee0506133,646800000
2fc19f73fb877ed8b88a5250,443500000
63a25d279fc5a9e8fc1dfae3,347900000
71978c139faf2a251db6ff5e,353100000
f4dc67569fd340be3dc592d5,491800000
0b829c23806ff01a0c84e9a9,575800000
a23ff4d1b2e24f537a75242e,571200000
3a103803cf9cf0451582d89f,4.49e+08
eff8b3fe996b6d7db10b0263,559700000
9d53330b44c300e396cdb402,600600000
301b5da33d32c0632b16e8a8,830300000
357e653c4bea02df1b08c62a,915400000
9af17837ac2bbe7c8ba16e0f,395700000
246576e24f66d495fe0d509b,514700000
cb70f4993947b640317a07b9,610900000
949292b23ece12b655122038,353600000
4bdff22689954e5b1e575d30,797300000
7c69d43fe2488db51e6c8da3,473200000
6f543782174a964402b64de4,849400000
a59e7f0e0596ea6633781335,860800000
767ae7de1818d645a33749e2,826800000
e667133c29f90c8fbf30ede7,422700000
3fcacd1cf9770a2724a5fb01,610700000
601193433c99337fe806b158,605100000
42c282041583e6e2090b50f2,735200000
3bc80c56871193dd782696d3,698200000
bee9de3e2817bdd591c02897,551100000
0f761aab549e7f6bc025ab0f,977900000
3b9971f91bbe4b8dcc704ba0,709700000
8f428b58a5189effe993ca4b,385800000
0af466463f2cf50d61315da4,537800000
1a486877c62f2aced41a2ca0,1086400000
c9fdc3f80534b32f1a75f530,838100000
97419310c7e696dc8ca61f7e,983800000
49d9cb2bcc98d69222b03165,985600000
99fa9611d644cf325e20e603,1055700000
976d317efade1dd77ef3687c,506200000
b9bd63208716e4e0f2dedceb,488800000
834263730047f308d71d4d8c,481700000
d6bf8bfc752bf4580e99794f,844800000
58bc2b0acdb0702732894fa9,477800000
c3b8b774037044a2524913a6,4.9e+08
eb339d562b72b3bf51073cc1,440800000
c8244d916b0110b1acbd38ac,654400000
65bb6acd9be0f8d95fbc722f,853800000
5644b84ee2edcf7267b2189c,643600000
22eb737351bd0958d3e60efe,773300000
0e2a5d040f6361adb9927388,556900000
be9f5ade682aa1fced79b068,581200000
8445e5cf42307960535a3b11,574500000
1b002164d34a71bd06e0445b,9.35e+08
c80f897787541816ad63bc17,662200000
673c72783eb4f9a02c511b83,887900000
3b29177e99201cf4eaae612a,1061200000
91c5967cc1acb3f108d6e0f1,472500000
334b5b9fc68a18387ae59ebf,437600000
c9d096d4353b8eb843e793d1,722800000
92cade7b5347d1c00a48a1fc,918100000
1d4bbb5b756033b4be28643a,918300000
e1eb183eb261b6de96e20a56,7.31e+08
7ea8da3b1481993b14bed9d4,447300000
78bb43910ad6ed105610d9dd,626700000
32c1f617f2b1f537ef703712,941100000
a7e6d3c76bb5507e00ccb501,540400000
6c75d7867807d942c975079f,967300000
e9182661e36239f091259232,381100000
c926ee21c2bd9da7da193514,454800000
27bcae7ffb9f79b8f59fe1c3,406700000
6cda1a7622d5577c0056ba40,782300000
67c945ee31cf1fa0a874e4a6,421500000
5a8638c17d14ec4f6d447b8c,474600000
82bef17c2a4db1f6dc6eaf01,771100000
09dcdf0b8b37c1d537b9fcf8,671200000
2cc9f2411f98d0fd41511211,471400000
aa1eaa63043c5c29ab6a1323,562100000
35b03ab66c19ba2049ddb9a4,661100000
90470cdcdd2b813b39f28ab3,393400000
ba187eee3858263fa664812a,376600000
c06a1d212fed896b6ee4e1c5,680200000
8a8c8f5aa68c4e530d62776d,7.2e+08
662a221bbbd961c285069c49,794200000
ee796b35e39c7beb6aee2b49,872400000
53de17a986d62a44d7897200,774600000
68925fb9f8f0c84fa0ffa9fb,1020500000
6a6d4f8251ff961609019ddf,396100000
3477646f548971044f8f0494,417700000
c82434222f4129168fa82e5b,473600000
4c00508300f40d74c79f2596,461400000
27bebaf73dff207d7f6829e2,646700000
d0ba7b90f6ba3392a165b46a,1153900000
61974f593c799e5d5090c067,372400000
c08b016afc6a07105d7703a2,6.68e+08
011c2017b63235bf0ed3f241,508200000
7f73a8e83d41ea252ad61197,451600000
0c25a552c34e114a1780739a,386200000
21e96ca8dbe2f12b55723335,550700000
30f6404e8034dbd513aa8a30,469400000
f2fce80439462bb9231d7fba,563200000
40d5384e2e8f8fef2032928a,471800000
95f17e64d2222c904a7d42cc,569600000
59374f70d5e7da97e3b8b35f,836100000
ba30cf03fbfb0e36e5d415bf,1187200000
c2424b4861f2ef50f8876c0c,524700000
e7def7d0999433ad6d3ea412,1079200000
7f1a4e79fa92196101baa7eb,1120800000
37e0fe114a3c7406daa57443,554900000
897c0578bdc8d59843bcbe38,368500000
7e554b821e6955ab259a25f3,4.22e+08
23b0d67dc2a0ae6e5ebc9eee,451700000
d43f045d046fbc8f5ecf465e,548700000
498d632cf0868a8e641cecb2,347900000
6b9bba3c6afa1f999a9429bd,353700000
12db154d9d29cafa574ad387,376300000
61779f1bec05260cf10a0d2b,548700000
986defbe9082519824ebc882,711800000
f72992cff50931d2e19b3ccd,620600000
0e2d6e5882fd3b4eeb9ef286,591500000
9702737c9e4ecb12d0f9ea5c,575800000
c36cf907ee28017eb1b40674,476500000
a7ad9c8b5bae531abf68f8d0,620600000
6f3dd53b0935c9593a301bdc,647300000
11f8f836e5626605ee4b41c6,685600000
16fe92ffdb7e1aeefcde80f4,723100000
c1eace64bd2c9f6bea289c4b,888700000
fc2ac43013ba8ab17da28041,798700000
5e6b54654c98c2517c2e31d7,939800000
f0e8b39d2e4644dade9d8954,736400000
22796587bee45b8f64ee6e44,715100000
dc8c76f5b3977f90839918b0,878200000
27663c0e271e26dfdbf4d289,545800000
2fc96ec5fb2c8dec0a5b09ab,939800000
49d42ab711abd95fb5947c0d,830300000
b8984fe54819f5fcc43860fd,592700000
8d3f4ec0c37443eb3f953584,678500000
001dbdd202e9908ee42713a8,807100000
fc5f41aad1b4bdcbd8298037,747800000
34926bd7f9880e277e75a447,732500000
00eb120ba4410ed8efa24a8e,545500000
eb0c6a8231b38b2a1e1f789a,533200000
0f059b39ca45bbbcb996fa45,543200000
06a5364639452a9d663a2dbc,450400000
cd19dcd4aff76caaa1cffe54,495100000
7272c3521b7083038ff0a690,621700000
a480b654e1b8b7134091e613,1037600000
ba24834c9fb0e87c4ea7d1a0,856500000
ac46e3eb688cb1cb17da2545,1075400000
3053732169b2260529f90133,486800000
ab0c047373b5d1810fe42bd9,560700000
698383c101fb784f8e1b1ee6,511300000
1b09c89b546d0058cb09c1a9,794300000
64edef308b6a9805f0846cbc,8.01e+08
995a5799d9a1a7e4dfe4fe34,1052400000
d4f1fcd4c20dec55e977720a,805700000
21264b5a73fd27b85a4e2654,486200000
d464858ed94a1a74948f479a,610400000
dc420bf2dd1759b7f281cfa6,1172200000
0a268e25a5f3a0bfd8898a40,362900000
a3460f00d48816ef66e3acc3,533300000
9559637fc2bdf96defd2438d,735500000
421db6a58670e53f563eb9ad,537400000
7b6322fd5810990820167a23,481200000
17fbebdfe6bc0618ecdd247c,895300000
00f2621035b1969d53f03fca,715800000
e97c998a6a0709605432ccb1,409700000
39e306be57a992bcc75e089a,370200000
55d0225b44a81e82eea3efcf,485800000
c7c5ee499c712082931032a4,1070500000
f15f48d4cf4f85a3cd68dfa3,449700000
01db5867a69f8ea7849d69e8,884600000
7c29fc3861c9f074e3a89449,816600000
5ae2fec22f535ec2490174c5,358900000
a6731fb85da65ce14468341e,414700000
4e327acca2e033c3fb305c5d,498900000
37b8e8a194e4f2fed7ddcd96,398100000
a8dc954142c54e570bccdca5,588800000
b427d767b071c3e5ac2a078c,413300000
a9407f510e67bdb27ad59b46,467600000
ba7120c89c8de0e57e30646d,532800000
4f5bc448658287ffb3d49b75,736900000
758d9f47824eb74d1b486024,764700000
84fb7e582456d7409f27cd2a,767600000
0a6ade3bea1768aab76680ed,1.08e+09
f6e74a4b1e026352e5759b2e,585800000
639b98d0798b5670e7bb2569,1e+09
32ecec7d5c47d02969368779,502300000
cac82fdc4d960947bbc590c8,449600000
c2b880a6bc90cdef9dac52ca,628900000
dd8eff6162c32ecbc6972509,4.72e+08
6e2f79cf68ac0ba2b1a6b0c4,984100000
a904fab9fa4f41a11f673fd9,1029500000
bf11c5dfcb321e020601e9ba,834800000
488cdcddd0938ad0205ab8f0,990900000
b92929668e884453d3a0d633,366400000
09eeb116cb0944a28742d282,562200000
c16e9d9444f85bdfade710a0,584300000
c15cecbbe717e72f09a84271,632800000
0bbd23df46a4ea4e4734b680,497100000
de28e62bd01870dfceb5d78b,555300000
92c4faf0ba1fbac44db6d1c8,859900000
91892eac5e9565b12b2a99f7,366400000
ba72421716765ef6aad9b4cd,1.276e+09
a99df3a2cd4f2346c6e903dc,353500000
59a3b1a44c35ed4936cf7843,551200000
cd74b689350ef612ddf1b96a,464400000
5664cfe452394ff9376bcc8b,453900000
d4c6dda51fa949743a46e835,476500000
b7f47484bbd8113c62cc8c1f,423200000
d4dfddb6564c9f46b26e7aab,472700000
aab240140aa4b6602234d88e,631100000
29671ce02e285f69afeb3fc2,1.067e+09
5cd742ea274b4a8832114080,779500000
c876ed979c9127674000b740,782600000
45269f56121b796d0392e2da,1146700000
e981d4fb3a33f372ac26901d,1261200000
2f13a428281ffc425f2c2e38,452900000
407e4196114b64578beac143,707300000
342027b17940a0cc5cdbf8d9,711200000
dad2bbb0fe138e426000a33e,591300000
e77da26aa7ecdab5505fab60,752700000
8fddeb4ca696706f6cbe573b,748500000
fe368a7d2e09fe88b1b972e4,382800000
6fcea2c6b9e39576e10581ea,577400000
91d35b9421c4982b54dd520a,684200000
eecc82010ce9803ebea6dc75,473100000
b957548768ef014088a61b5a,360900000
5790e4cf8102dba35e184ca1,665600000
cbab68c32d78424452249d9d,945700000
4e0b293ec3d5eda7d9fcf8b6,556400000
1f8742e662666147955c9872,548400000
aad38b9f22ccf36b0fba4e7c,603500000
44e9224b9735235fc7271672,486400000
b61e9e4f3a2e894932b58ed6,735400000
2b36d2ed79caaccd687f2ab0,382400000
7bdd64032a4f011bd4fe7df6,418100000
0890a0d20f33b9af2bfe488b,428700000
ea7c9e327eab66ca286f6726,503200000
98510008e150296ca9d27d0f,745500000
41abd8a2cbca609cf868f227,825500000
83196bef0e5dc6c981bc57a9,836700000
20289e986c1959f0c83a6a4b,634700000
fb39ca089d05381b3a7ba847,452800000
d2da963bf6c2f6fe724be23c,938600000
670f7dfbe2eba87e55176257,864500000
469b33a6f153ec334b6123d7,429800000
c38ce4f3763795c61efee6f3,575300000
8553a05c2b30be81c64a6295,726600000
d8b3a1d0cffc913ebd05b931,790800000
f0fb8232343d235741a20586,779500000
887d749eeaaae288b2818b86,728800000
126f4d890004b8035a7de091,1052200000
7d157359b413e107f5f9cfd6,6.41e+08
65010e340fa495d060e32f7d,559500000
8164023f628f550f322aad61,547100000
8c2423c14aefa13d255fa77b,533400000
e9772a54bc6638c723dcebdc,622400000
171149ef76fe0a2074c5bf69,555500000
96448fa0eb077563a2d168ca,448300000
3bf1bea2a835d7fd11e47ce8,4.91e+08
2f4b0b1b81c792f43f4ccd5c,4.91e+08
086540702ba0876c0c05c5d5,780200000
57d17db2cc5ce1aa889f1f50,1135700000
3b6cedd9966332f0722208cf,5.03e+08
351a3e1b62cd51d46913a8eb,909100000
33b702ced6de5f7ab8b29e7a,531600000
e0e6852c6d6393d6d3719131,1051600000
bf5e687721e030639ec81416,578600000
314479aa7b73ef6ef44e1c89,668200000
822896f609e7761b58e7f6e7,5.28e+08
5b6f21752f3744ec6e529d74,950100000
5d91dd63b6aef851e0c78389,504300000
0a369278a1ef6f5e9d79e2e3,640600000
7523e95fc2afaf31bcf30979,1067300000
cb9de5719b978a78c71db699,7.29e+08
af8c90983a23ee15c72b8e22,1.198e+09
e35d8f589e6b1909f5e4132b,821800000
ecaa5e38ff6cddc14942eb7a,857100000
d2eeec3fb1ee4d686758534e,8.69e+08
e97d03ef9638c8e1d270ed2a,433300000
cbd78f55af1db4d89b53b496,398600000
1b2fa2ee5927660313569617,631900000
f7f00e13da4910d724aba4f6,462100000
9a6b77dc2c414f0baa11effc,462300000
bd4d0b8799fa5999c5d2ee3c,993100000
bd6b68abb113370c35786557,790500000
4da8ef54252a92d9cc62c174,796100000
38d6c2a9beac610279bc110f,435400000
32e6518755191bef743b28f6,9.65e+08
4fd8d01a5c3abb90ad70cbe6,644500000
5d9f8f380a6434096a0cd906,436500000
724c854b1a991f060701d005,426200000
1bd78ecec17b584e827dd0f9,389100000
7e6f68184d84e09cc9ebc09f,463300000
c0174ef555bfdd648acf4346,495500000
6463505a740324c7aa869d79,764500000
f239b7fe0de40d208c01c45d,611400000
bd98add659faedc1820f96a0,543700000
ad662354d28a9b2d65f537f7,948800000
8e8852450fd5556f748c98cf,6.63e+08
8fd5b95f5808b4676043de35,605500000
73a23c9d154fec88d396d2a8,795400000
374ca1a16b8eba42b35374ac,620800000
ff058f978e97c389e7a31f6b,512100000
9d7f2c004fd359136a662c9c,7.82e+08
2cc0129b386acf9cdfa4eeb3,534400000
c139bf6b72a93a73155e1f5b,3.53e+08
0c017cf9740cb67d530267d0,557600000
44ff213b9cfb3604b7e4b66f,656200000
a09c957598e6cde56cdba03c,509300000
c846d5698bb295697186555d,525400000
a84cafc064a35cc0ad698009,878100000
ecda0d714f52da919223a520,993600000
b9398d6bec5cc44fa39b8bdc,636500000
79d230806fbfe96368b83dbf,1021500000
a28b1d82d3f7dbf8746d5742,1148800000
a6555836840c7dd496ba9094,733500000
83ce7c2d2823f888f2e06ea8,1046200000
631f4c509de8dd64f1c400db,871500000
2afd31619c21dc537e4797ca,768700000
0be57099d9c3ad8a16984861,764700000
ff29f12bbd7ac4b860909966,990700000
d955edf16ddb9d3f59501a9f,1151600000
96298da2f44ca873f345867b,651600000
e6396355c1249c6290906b78,748500000
39f9f736d802b166ed688224,829800000
38a0fcb41f0dbe8b0ef7af8f,793700000
79b955adf84fb2c52381921a,623300000
e335b8464a61ea0781f7928d,908100000
71a929d79a6cccbce6ac5d79,729500000
41454361857cf70c44e1f5ac,665900000
a16ca6293e2ee2969f3334c5,943200000
4083248d3d2f2bbf9589b971,955600000
de630da5e1c9e27bfd94efcb,1.131e+09
f2a4f5010f3da37e27505ece,541300000
53647abd1d1b10c9226eac73,435700000
e51873d6421addab3b539dd4,394700000
be8fbefb8e06fe169237d4bd,6.14e+08
257c889187ad5de900a430c9,553600000
3198c4acc62c1a2276bf15de,659100000
b22350d505b87dffaae3a5e2,678300000
49ad389014995f0187edf726,598500000
025d96090a8e5bd6f786e9b6,500600000
4a7156189e1f06b0fe87a7fc,416400000
e91425bd357561183b935d27,417200000
c9d996f458794961d9957c1d,425400000
084de965e32a2a65bd3aff5f,425400000
880bd21afee7038459b5847e,639400000
2dba091723891d8907905a74,597500000
a39f9fd2f143b8ce1f7e1277,469900000
37050aba3553f3869d59f809,740100000
35a39cf33d16f8f5ff75fd6c,475500000
7c463a59e7d2f2b4bbd07e12,401500000
035d955df5a765531d1d0d07,626600000
be706475abdfd64aabfe45fb,427600000
bf41b26c090dbf0a19252e43,1021200000
21aa860fd839233ed8b82653,559200000
b870c8bd8f95426a7e1f9c88,414900000
c5a5676bdb1698f8c38cdcd5,485600000
3487768de3a13b7ee3df0254,884100000
dda7a886135a1fd8106d04b8,987900000
ee102e9d0791ee82ee4da2e8,8.13e+08
1d4891dc27e0050efcc6c403,547400000
dc1fa8fcd0ffb8872d434dbf,716700000
2a5f727304ad67d1cd269361,521400000
2b10af4fcbef695b327b7d0b,880100000
516881e914708f6ea6062ad1,7.11e+08
5a428139d5ce6bbd9505945c,907600000
38dbf1b9c5963e9c3d008340,816200000
02c6e8c7f36a2c68851600c6,634600000
d2684e676cae87d75dea5ea0,552900000
027947dd01dc991ffefc5082,472700000
0af13e27cfe9b8f237a9949c,626100000
32421841f7eeda76160d7959,380200000
96ad0e75433cc18f20ed83f5,799200000
b387b5eebf501a620f352504,618600000
8ed95f9bf057114664ea441c,474300000
114318a8e5822ece53ad897c,430500000
3bdd7be0b5e18d266189d991,557700000
0d2c4bbd8a4dbeb6337b5c14,588500000
a98637742a212e332cb5d1f0,5.66e+08
acbec9114912932b9cbaf0a3,742300000
fd81506b0a00fab1ff680b64,516600000
49e531941384af389b0aff59,462100000
8f221efe392ba42b519e5f57,8.53e+08
1f33395df1e4f6a185c507cb,516400000
fa823373d2e7fc9443ebb6ff,792300000
0a6966f19bc2c303886ca82c,571100000
15d9a0353ad54798ef95e0d3,929300000
0d95d756b838d3a319277424,527700000
d644b23e4bce0e6e50ab9356,900500000
6dbc77ad8c5c1e39f72cd2f6,725500000
2fb5206d246ee7ab22fb8143,910700000
f1582fc47e7b8c0eb0cc9949,741100000
8d7dd9de4e919fec5916862e,766900000
0b67da6d74bb3998c80893f4,4.59e+08
736d25efc9e570379d32c089,907900000
4615a8a7af9d7cefc7fe4c4a,820200000
8b753628bd37b9759dad06ea,477200000
5c7c83526b72ced12a08e573,501300000
9baa578a930a94f761119fdb,479900000
8fe1a07cbe9b8f3498cf74b0,438700000
67a7cfe6e95aa5200c064717,844200000
b7e3b0c90c0d3bfe5befec54,550900000
e6a547b2c0d126c9b6800515,801600000
b08f88ef973c9d1c3a86695d,705900000
5933c18b8cb17cc6e4ae91cf,810800000
64a24372d58a2cf535c3aac0,889800000
e6f9288cdadc5851d29fabff,1189900000
71ba2f992908a5f91f832406,7.9e+08
3af4b54bb5ee5fcff80f1e53,422200000
40d3f1f00de86e74e0304bd1,503700000
3b758c26283c2f11251bfb89,961500000
70cb6337c8c3f5225fa80026,908400000
0dd510aaba8036e8fd9d667a,8.65e+08
ef6ac2a5102d7be910a3e4c8,445200000
24c32572ca6161a603a7d0d0,401700000
c7be09a810b9e54d2dfba4b2,481200000
01a5a230e8a808d844e64397,9.86e+08
5ade8e9c79288d511ce1fd79,6.78e+08
7cf50019422bc9569a985736,857500000
d4716e228067a7bb0f30aa30,714400000
cb79e02041eddcfa9225346a,800500000
b059afb753452ba358fb432e,924900000
fd9f78fb2d2f4d01e462bcea,699500000
6337f924f515625e7fa638a4,5.88e+08
3adcc2c662c8c7c9db5f0982,831900000
6b7aff233052b9bcb6b9448a,1.011e+09
cc51811e23409f4d77995768,497300000
e3cd7b6dc0495d5109086407,753200000
e63f468e1d9f86530d47ba4c,438300000
8bad8a7faae115ac9007b13a,772300000
d563312854016e9115d034aa,862500000
57c7684f8cd8d78909711b53,539400000
76b8190137ba3daa55db33a6,497300000
2bcc6a15181273b2fad05e3b,809900000
b998aeafe2cc93bbd96dd9fd,4.14e+08
eb77734d12df7528af57c674,4.14e+08
e8df85384a1f51c31015ba08,5.46e+08
b0a03d567e287bf4cbd7bec3,395100000
dc8bc7cb687a3a42b7e7d5fb,1014900000
147de03212e554abbf3fc3b7,397800000
c09b8c236316b87a92a620b2,688800000
f5006b435fc92111d55c0603,441500000
ed70b749e030cc8715c0eba5,587100000
2a9bbd878f3f45745d76f059,560800000
503f33d11f75b6b5102ba4ad,388300000
41479709513815cf5fc1eac9,591500000
0181972aeb6bf451012a47c6,1279600000
0b35c4a3f20cc0eb751acbac,453100000
e5de98822287c2caf8b209da,681600000
f3d82ce1c6fac06e4997f7ba,421800000
8e17d7d78e7acffdcb04d982,454600000
f1e7a0c7804083963b5b6de6,425900000
918dbe66979d16b147bd3322,517600000
35dedbaace193598c9c438a7,410200000
e67fa931031bed13c711ad00,449900000
eb2bbf82cb615e3227305b55,448100000
e8d83f7dcb876d5d05ae3e98,521500000
2be93bf5132bb788bf045c28,512900000
ac2b1b560e8bc4fa1deb6f87,533300000
674ea6932fa9e6b7581479dc,592400000
4893b21db2d6aa4417e1cd1d,1082700000
2dbef742d0c59d21ad7392e3,885100000
fc16776abc877decb82a5954,1310500000
6f84d405f419590075610c5e,464600000
52cec2691ff635031fce9507,431100000
830b1a2d33f7754b9acfdd82,441400000
fa908c8dd43fcbe9f721c0d5,885200000
90c3b93badfe7231410e95bf,831100000
60a495b86d6eff1e345ecb06,521500000
0468cf58f40372acb9d5fefa,930800000
c523380518164e1e317cf1b8,1.321e+09
142cf530f13cbccc3cc9d0a6,8.4e+08
e0432ecc0c1fb2b00b5435af,463100000
3af3a702988bfa0599727982,575700000
99fad8a7877c57c0af05b318,572900000
b57250de388b7172a39dae8f,667900000
42fa0158217c9cb820f2a06b,667900000
8fd452d3f5f1dbb3b65f5274,932900000
27881ecd655786b093349ab0,763900000
38029a1aa22c0a5beb065edb,650200000
6750be41e08a725705256b0c,1120500000
90bf218565cd67ed83240033,884300000
c6a089a9bb326c22e3f3aaa7,697500000
ede08c77d6090e0900654eff,996400000
2f7784465c1c69c8f786a0a9,1249200000
5943151d9a76010179f6c297,451800000
82a3742862a06803242b703d,521500000
b815204eed4398e600b366ad,880200000
11c4dba68fb47eb9c49df169,435600000
4ae7dd50c6b743bd47340f20,616900000
d81a040e22d541a74122f3c3,338800000
34c84d0a410920c303ba69f8,491700000
6b0828221f9cdf5cf39e7c15,410700000
c50d5b4e75f165eeeb2eba97,498100000
572488a9a75f64434dca5dc5,617500000
0e67ae9abf1e2b2f66a91a28,668100000
cb00154afcad81df60ee58f6,538400000
75801c34fb510d824a7d8366,387800000
98f2d7810641693c44096ada,586100000
1fb4c88bbf995f77f2f29b7e,695700000
0abc98f7ea1e477c6fe3425c,758500000
b3401023d3097815687d1160,924500000
f1ef14babbc4123c5157eb9e,740500000
ecf47573fe1ff641f6914d0a,1.246e+09
0ddd21dcfe89f72e2246ed79,448100000
402f18888d480f5af146daab,471700000
61b3bd442f6fc8838e2f45af,596900000
c4eccc400db2dc9627c9879f,448600000
ab38b4fae64ab90a55b5a403,630800000
7f4cdc01f9086bcee46d1d6c,801700000
1be9d865ac8d01f0378bc148,895600000
f2f43244cda8e2f5219f3db8,647300000
89ca905d858c7731313c82e1,545800000
5bbd0476c27c53e2bcaf9462,715100000
7e177acdec9c0fe684d8fe44,482400000
b764bb8ae8ba0d736bf54f5a,369900000
75f6d6beb64d846d965fa9ef,736400000
b5293710d0cd75f95de001f6,352400000
8b8ec04a78d3826b2c8a5754,645300000
e35579e8b9b24dcccf93abba,442500000
db5e320f51680100f1ec06f9,411800000
59be3c447844f31267366cbe,547600000
0f3b424c398a8e8b53162c37,769500000
57f4a3f6fe2e41ad97116002,552800000
1c6038b67a40f0749a72e6cd,607900000
e5da0e3919341762d5beed25,498800000
40efc0dc313284d3b57492f9,764500000
601da8fc375ba0b3df3b38bc,1134800000
61a12496ac1e6f39c5ac5d3b,962100000
8635edb61b1dda6f4742cac7,940700000
ce12b48120daa5704a4c81e2,394200000
acf4d60dad7953065b59ced3,971200000
56e3e7d822e13838ab9f85b0,536900000
7ea2c18341f69f21b523906c,826300000
dd2396a42097b2e8bce52a72,924300000
41f99600339a7afc8e386e6e,603600000
b2d160f54ce5f98f46818e4d,817100000
00dd36caffef00fcde85b235,1092200000
471bd64a0576aa67f494eb98,604200000
79e307acac5f42f2696b0436,1120300000
e65a4eec62e2a5bbfaad5565,4.52e+08
4845ca0d30483b36bfa55061,714800000
6784e116d96e03911e2a07f7,447100000
4184fd9a546823ff1fea0b74,589300000
616a5485bc7721ecfcc21c70,389900000
6ff3186df9d15b65dae5bd17,408900000
886706f32695891af743f986,671800000
daeb02020f23715e663b4a38,494600000
93fa1c8ebb75b77dea76ab99,950100000
ab25a6737b3ee0c4e9cf4ae6,545400000
c5641447732d3d1269965ffb,1133400000
86b290218a62d0c51b099a08,715800000
d7b82133acf54bd3eac338c1,1015200000
10fbecd8de540f1fe4c57b7d,380600000
137baf1609138c6ca2715c7c,426400000
f5534949a53bef05de31b07e,525700000
466d4240af2cfd09a31cf3ff,523600000
7478693f3e7e8963e95be8bb,451700000
6e537e91af0de67558bc1ee2,624900000
f5b0b51ed49be034c290efd2,508200000
a4885ce6808ffdb878c41f97,521800000
a14506a4800c27223fc34728,465500000
e8e97b7919856f9cbb9ad02f,901700000
e16685dae2bd3b0a4803ec9a,659100000
044b8431b186eb022cf6fc24,606100000
60de8c37c9eb96efc432451e,735200000
59b88e154c07bb7c0ddb4e8f,803900000
71590ac868415f3a185dc15c,658600000
6388b4cfd09e2b1219268cb2,5.53e+08
f865cd15368fefd8c9d6aabf,878500000
ffd916080b1019827491de0b,7.29e+08
6b8ce573bc2ee68ace26a67f,504300000
7ce704ef5752dd496a61d857,950100000
6b1a1afa055c15908a855e9e,614800000
2a9338f62c99dbad25aec5d3,648700000
c2282da3ece2dca6e8a3bca5,976500000
5e6324cfe41c3676c7d0a5da,758500000
f1a4afc2e543ce4260f1d781,1123600000
5d17daf3e98cf433267d978f,1251200000
d5f41dd3258aa346367d7725,450400000
da35c757f211ecaab20aeb3d,554800000
8d9cd237c737f6e62092a08e,9.52e+08
9dd98816533e4ca8516a5474,1169900000
27d14f352b2983177e836e3c,776500000
3dd4fa53bc59e5852f9fee98,1169200000
3ca74495aa9adbd533ccfb96,708300000
dc93d8ca60d60a118f61390b,575800000
dd7b4c374bbbcc60bb090fe8,504600000
f925a05397ca6163230f7ad1,593600000
66a59937c54eff29ab14b474,487600000
077db8e0877b924d1b57ab1e,613700000
aebc3c6079c1a80f8b2f1c7d,5.42e+08
ae41a566826a10d5a6768d36,862600000
489fca3e6dc044412d00cca1,709300000
fc2f58cc289d29fffe8a5fe0,889600000
59519bb6d5d299ee0b767224,757400000
19921a97a52bed6c6b8f4135,813800000
ae08b7f31e69fd930ef4c832,796900000
1b67fbd144a4a3ef40bd9824,424800000
9e142165bbde850d4379a49d,697700000
d3e971e2e224a20530ee295c,862500000
a672cd6c8c284e14913222d8,7.19e+08
93086ab3e32aa9599708382a,905100000
63773145b1a896df26504b0d,445300000
17707d66753c1eb0aca28926,417800000
6a2d4d9a257fdfb2ead837a1,4.27e+08
f9158cf51f5e9f644349a774,468400000
c09c39339b5bbd48f349a430,565500000
d470d84f5d8299c52fa24499,478200000
9d028997ff036c154c3fda0b,1053500000
40ce7321869b706210eda9da,575300000
3fc826461ec4648e4f7877da,7.29e+08
0e7dbec40eab1b3e5c6bc665,874700000
81b3256980dd7d7f49030c78,675900000
fed2e1459e9ccc06943a05d1,975400000
c535169307e21e5df7ec88e6,530400000
d78d84e4e42f145e02e423c9,420200000
3e523ee3a6c2d89436539792,420200000
5f2df52db15d2e0ebd327a36,447200000
1c1ff56435675288e78c4735,4.66e+08
ec4226205a38a45d97f35828,657700000
3214488a8fa9cf8b3dae877a,584900000
4a4fe76c58f5735ce6b018aa,943700000
ff3696c808d4835d6c7cc9e3,711400000
1aee9081ac4a04490eb3f0e9,4.74e+08
8dd954e7312e6e6a07d6d4db,512700000
daa52a91f1fee77f75550246,550600000
a4ad34eb244e48afe23a780d,3.58e+08
0b4b741487c001323f508d5d,420200000
cb383b7a746ed55b21a8b245,489600000
4b092d4d5885cc224f6775e9,420400000
ba12305002d24055c159ed34,338800000
bd74d43d99a240ef4190ecfd,457600000
4957e0b129c5caf47b026c58,552900000
eb270972f0f69f1671a0a740,783400000
d51d3ef396efd4760c979de4,4.51e+08
ac65d147ee69785195ef7da1,767900000
53ab42a93b6deb152951f82f,773900000
5826567e12ee3192785e36f3,906800000
ab64918f2b2b4646e87297c2,1039700000
88b0d688281db2ef0a782921,976900000
dcceb6a2073faf9f89f3431d,834700000
73bf75d5762e3dd30fca7b3a,778300000
a45ba5d63cd1971de19c25db,866900000
8467eedcf9a48fee0d72d95f,889300000
6184f12f3a903658f3319290,481200000
92ab018394a5398b832d0b97,598600000
e8e215437d023387c4a55515,516900000
7b8a6949d55b5bb27c3c6839,710600000
33f1a7739cb556a78af083de,751100000
39c6bd862f908b7e8088f0dd,590400000
ae556ff5f318b73d3b29142d,420400000
e2fed68e0b614e65c05200b7,499200000
c62a4288a4a0336b1436132e,716500000
f23b32fa4894b6d59f73c151,528700000
4ac4fbcacef08524ccbf3623,357900000
5b5bb8156b98eb51a58e73bd,456500000
53fbed4f9680917f0615ae7e,483900000
730b528617c2841eea5addaf,616500000
13d08f7e14471fcf517c204a,427500000
da273cee807e254fc9aabb9d,633900000
b8f7bd85b61951ce83d7f57b,1244300000
4954ce465ba712543bdf34fb,394800000
b7483c951d2c19de665f07b6,3.71e+08
913cdfdd62e35472522d0a6a,630300000
be28b90a71e2922437f25110,583200000
b71857f1cc385219f114035c,4.24e+08
a72041a40ca87928c695b2f8,630300000
65a626faaed9d9e3b172415d,630300000
229bcf400e309619268dda31,630300000
367bc4fef78a9800f8616d02,630300000
dc0ac888f1e87924e3994b4e,630300000
6996e88c10a94d9ee7d05357,417500000
cb8fbae1b4141461127c97da,999800000
d2de34876a7a6914c2dc479e,992900000
c666974c4303d43b87714c62,856400000
e8491a7994738d098a7aede1,777900000
9a6440e5318b2de28b180a2a,720500000
9ebe11eba1a88fcb24fcd141,493400000
78b0f0bd0494fba0293eb0c3,600900000
047b0ded64dcae203a3015eb,712500000
7b95396ef4d0e97de8fb4986,826700000
08f1c136d5a456c0215ebea4,769200000
0880b703bf2064f59f2bf20f,954600000
cfc069bd55e152e40b3a1391,730900000
0a00771ee714a2f3f96c31a3,593300000
06acca3d0ef4685dc055ffa5,374700000
f802b026db4bf9d68cf00b16,375800000
4aebacb9ecd0a117307c7841,1272300000
81ccb7e0255eee6274f5d930,1282900000
cd17bb739ac79f80d6f651a8,1104900000
917829a0aba571cbe794838d,483500000
5b83b73ec31031582aabc527,392100000
5e18ac352e3f3119f5f9197a,943300000
b7eb15346797508f47ae094f,833100000
5ac98c971b9293bc6a8a6aae,902200000
e196b7cdeab1468d5d4e07c5,1293400000
0ea201bfd515584bbf72f902,8.29e+08
d2e6ab3b3106f36f2c3fc119,3.89e+08
59db28ba77489750903261d5,835300000
b348c76e55613f53c8bbc94b,1.001e+09
a1e38854d6725e9c48c128b1,398100000
b86c526fed01211fdbb62815,899700000
1d2b83d973547da8c168f743,512200000
0fe3dbfdf25d4b013b842b51,513200000
71a20a4daea6d31de942b2ce,1.183e+09
35352b370a31d01748616b01,1083200000
27942219389ecffbce2e1d9e,783500000
62fbacd4e172983a2a998daf,510400000
00c1165df93a4cfe679f54e2,670400000
207f669778ed0db0e619ed40,488700000
5ca0586ab7d20dce5e9ca8a0,681200000
cc27435df779f16e6a62b0c2,798400000
7a94d3d31471ae313659aeae,758900000
efebd19fc5a2ab30f2ccedcf,431100000
8037e40c0c8b20ab6e0d4b78,405200000
5ae3359bfe2a704de00e8801,461800000
a5587c93c012375dee920f71,5.47e+08
ee7f7d547af56773a4b0afaa,726900000
9ed988dd6739eb7ad7aa5a06,1.03e+09
26c08d7331ae19e1934a22da,767900000
767024c66d3a88bb18407b6d,839300000
6afa85ee6594d1c8296f04b2,531700000
551ca6ad1ecfc7ac21f8ef0d,740900000
1f79204a8f62c29b0a1b29d5,414700000
3dc0fa238745fbc31ba88853,404500000
4bc3f597867c6844e9b47fc9,415400000
53973c17ea7e89fbee5e6cf4,359600000
05397b2087e5cf381809f169,498500000
584990ea9718bb5598495061,386300000
2e7c6a89d2cf2d835839f5f1,602900000
5c02d79c59fb636ca4cbe86e,422300000
114436e00c03b44096823522,905700000
60caee98c3cc8526d16d7f44,618600000
8207612808b5947f2802d2a6,769900000
31a73382ae20331521bf2e6f,864700000
c58947cd4f238cfdc0007bf7,1030800000
a7ee02ad2a4fa122799a2dfa,793600000
c77a63e92b9f727034913d8f,559600000
56c6bf831d3c6737e3844969,510100000
73ec6f4da3c277958cd2c228,1.295e+09
7dcd1916c0485e0b80f9eeb4,938100000
cafa94c4a56c23ec73ee9071,927700000
d5ccfaaaa739b2bb2b3d46f7,565300000
e6d2e862f58445084b2980bb,1179300000
62f96ed5c1e5f28117949a23,469600000
20d8980a4fa8e094b7a5f00c,469600000
0172678cb0737e21a317eda4,369200000
6254ee88812e303bdedb8767,893200000
a812ed43db71868625b351bb,998400000
2bd1c70db60a44d4400847ca,928400000
b057dd8a9c2082d1a78cba88,386700000
2fb149a70fa14ac05582ae69,516500000
47e282cb12ae01243d713178,477800000
ae47cf27964393fd56a52d7e,635900000
21642991a20d6b0d17dea2bb,733900000
43b10ad2660d7552ab6c3b10,668800000
64e5093d6bae57e8b4298123,828400000
9d8d3e6fb432174770c74e71,718800000
9f2498c12d7b41c213bec0ff,413300000
6461c0a03ad3ecf2f8112759,589600000
09b15382686c42fd89b24285,1070300000
da846b08fe2205d2e2a3dc71,395500000
2a89ac6511416d0920f1b9a2,937100000
3e9083411c44213130b2ece8,458200000
0f0df5694eb388d843e1f17c,459200000
ee6a288e644183bb191a6526,398400000
8f570610ef199a3ecc49a0a5,720600000
3115e2391cc3a078b5e6066f,8.58e+08
c7e45098251c687efe670815,524700000
8a3b7f5a8da339fe19e8f138,553700000
2f801cf48edb712627196b2c,544700000
a147a8c29757c5d0c592d347,581600000
86b0aa633bb16582bab5640f,615800000
c9620e3e2dce92bf95c57c6d,723500000
b746e4a5c9d04cf4dbf887da,552900000
915842a8a03914c08a6607c3,506400000
e9e6e054c1d09a22b7efa20a,640200000
4b6fb9b705d80ff350bd620e,614500000
9a51784f33b0cdfce8312163,596400000
176c9a90fcbceb91569fa3e2,800300000
c97e70a767a3661c4869bf86,463900000
a6bdb6221b88a24c9f8381b0,508400000
0a1e6a95a0f9598150c121ce,941500000
37d12acc69d0e3e92420e62d,605800000
d433ad6c3cdbd707e6839082,868100000
36bec92975612d091a3c78b1,5.28e+08
3eb97ecf8069775b9104af85,772500000
9aeed339b2d916cc89f38bc3,6.31e+08
f404deec9ec16a8460397815,455200000
8a0114372706f30bf6867a2e,6.57e+08
681e772045fbee930fcc9ff3,925200000
0816f29a68aa35abd5978e7c,735700000
670fe8f7b8ebe006885b2777,897100000
d36dd340e5875df6cba999ad,753200000
8ae869c5033c248f881ac313,1050600000
294b04da3eaabadd55da9c20,1157900000
17b360d57782208f5afdfe4b,755500000
88ed5ebb575d026f8d440c60,464200000
e611a37562f88ebe07bb28d3,472900000
e685650979374c571dea2ec1,495400000
10d47d2c73f0ccbc97979bcd,552800000
fe96a7d758a874b1f0c42145,487400000
a7634531887e969c9c5469d8,393300000
42f38b1b2dc077c88a746c1e,618600000
25e832098d9e6e7c2f9afe2c,751900000
b7dc47c641b46ca99fb83a0e,679500000
0391d158ab104c5cdba31872,723300000
a3c4d0ba7b85b9a6370e131a,808600000
27721beb237824844adbc289,938700000
6e807e25b64bf0de81f51c12,826200000
d2637d64e4022075c8f539e1,1074800000
faedbe92e3296977872a4aeb,1169700000
5bbc190cdc5ff3296801ac0a,537500000
9b0abbbbfe0bc85686304ad6,381900000
f8263893418eb0752dae48f3,435900000
1e73d6064abab2cccdb6610c,428600000
c0155096575af5fc8db843cf,317900000
9c7f7b0ebe440f60d3bd478e,435900000
25187d9f4cfe89a525ef2493,387500000
85815a09bde2a30e296f65bf,443100000
fd45b984efcdb0b434033fd9,407800000
5dac2d2027b6c81c1b7ee3a4,428600000
7df538c0c831520e6d36e39f,451700000
14b81320fc31c7a513242171,408900000
8026e480ba395cfe1e09cec6,435900000
80bbc51dd90d131d091521a0,441300000
ae6ac510d3e46a50ef24896e,435900000
06b90d41ad3ce1d0d389fea9,638700000
8d911c1a195567dae3cad99e,624700000
2876aa9ef0b44e43084393fa,543700000
76556774906f9e12b319c232,458600000
9662cce3c4b92d1c99849899,1019200000
de3d078e5d524d8a7b65841c,532200000
547c8638128424b89d602f50,1212800000
c8a3dc3654c53cf66953de0e,659400000
21c8b93e50ac884e63514f10,9.6e+08
49a0715897795017ee0de843,503800000
5d646ababb10f51c141e0d8a,569400000
da598f8a82b1ad1b02961cd1,924300000
84d8f7109615519f2ab0a48c,594500000
0d027b81f8391d73fe0046aa,1.224e+09
079bc331430e94ee76f8097e,625600000
61055e6eb1910507640ce6b4,580500000
3f6effb8881ea683838437be,795600000
92c8d6ee8496b91821d7ba3e,829700000
78a08f21f7d7c51ff4d5b8ac,7.67e+08
f7ee7282cb9edc77740f392b,839300000
694b0a500f1619c4ac4c85fb,837300000
13d43933e04c3c7a9e5071cd,983800000
5abb555cb9d65db8e6c28201,449900000
ee8103b958673c589b9cb27b,590800000
5b3a467a3b0feb8ed81be1b7,1251600000
e570a5157e02d440a78ca008,6.53e+08
70298b5e8fbd66aee975ff14,555400000
2b552d7b1a1488dfd618b120,400500000
f4ea9c80fe71a1bd0b692475,835900000
e6a9d5c9a82ba73e76817a81,578400000
9b58b5c993540ec3ab1e4a0c,4.06e+08
00858277a3cf4f31b8e3f738,669500000
d937ac866f671e4a0c090879,727600000
7d02b3479cb2d89d55bd4fe7,573900000
bf79649b531e876c5f03883b,526100000
66a2ec5aac8969b2be538c1c,573900000
7637c251618135e082a9e2b8,922800000
e8c9070ca596f88bc2e0868a,609100000
64adcb2941e9553ee394caee,516300000
0bc8475715e42b752649b4e6,435900000
956ad3b1dcbe8f236efe2d2b,5.3e+08
dc81900a751b64dedcb4ac39,601400000
02e52d3895522d9be85c4544,470500000
49d6752dd196e7dd583baf44,356300000
8364aa431b2e267e41efabc2,537500000
1b59d33f9000d2e1aad46239,417900000
74a791baebeffcb7e7b917d0,608500000
0a3911a1a9284f2ff81689e6,460700000
6276bb8ceb13d174b8e405f0,438400000
d573d2caf8c67aa32bbe592b,441900000
57cafce17dc4de3bf8a9ba90,854700000
1dc9e5c684c831b204d21585,816200000
48df432642971a97d3d4bd45,684300000
4902ccbe8456d3f0a29e5059,573600000
3a810dc80d3a63f8cf106717,7.73e+08
c9859204696f3440cdb541c3,8.23e+08
349fa9cfa15d8f8bdcbe863a,1084500000
d0bdb51c8020a37fe8344650,914900000
7b037e6e5d110999e51b79c9,874800000
f677c51266f5ada9e23f20eb,353300000
1b85d69a0f8ce1d6ac4d4475,457300000
4570a3ca0571c70657b4a1c6,703400000
de32ca7785b71dbcc76a50a1,611400000
4e3cce6b581e74879c2dbc4f,430300000
09c4d4b5d1c0118d877d5734,708300000
b9809baae395914981a9296f,620200000
fa56058283c975be76d7c990,800700000
7b32938ebf0b1b167a3d2d20,782100000
bb38c1c17612ce593e5ae7bd,488400000
bf0485c2e267d06b9b1d90c6,703800000
0357d0ee6e0646113ea543cf,501900000
ddf5182c482fca7d881fcba4,8.46e+08
47e6a61fd652a3dd37556ddf,858500000
a9054883a22542257c7e778f,338800000
d7c70d831e88d552da09ff29,675400000
d4d138bbc80a0b29ed28a4d6,452800000
dc9119767bf4f21fcccdcc69,635400000
e8caed8cd754b0e3d43e6954,810100000
033307467830cb865a785e3e,558800000
5498b3e3ca091bb81be87166,595500000
bcaded180edb36336c2f5b96,964100000
ee4377ff95580b93e80ae08c,832100000
c25e1e289cac1bbbee489122,872200000
7e41d90a838048eda035fb27,668400000
f418efb887a15127cf2563b1,703900000
93b27fa67eae8cdfcb846772,862200000
6a42271a0b03bf9a856d1acf,702800000
2af9e271765438a47fa7e7a9,379500000
11429e0923f804d7dc5d27b6,966800000
c218434cb0b05ebcef935e5b,495600000
a98e4f4db7afb8a6c9f69400,6.17e+08
3c35c8993bb937164ae4a880,844900000
c23a1372c81ba03e6dabb0df,541600000
cb332695a296899d1c798426,763100000
2ace3da2fc4e0c022f7a8755,932300000
14f1bf9aa68aee1ac094097c,904100000
649a2784beb9b821d36179af,527700000
6bbb8f89bae38eff88c89c46,456700000
1905b860a8d463c3048b4e46,421500000
3ec50faceb434f716d73613c,1003900000
99543a17b33ab955d03adfef,640100000
edbafba81b92efa9b1400987,689800000
9b3846c7abf642e0a6220e7a,438800000
691c35e98d0d5780aa82aa06,717600000
395fbdeb9f0c0586a2b20edc,383900000
4803a3aedb6c20eb194469c1,444200000
bf95acc88b60a3d531fbd42e,5.27e+08
b936e36ecacd7cbc3498cee4,458300000
293c8a0a4a358fe7554a4ae1,526300000
5a72e2a62121158efe59069d,469300000
605276b332b5e5984b83ea8d,545600000
d3de7e975a9215d04567e467,483100000
44b623f7fca1a306560172ac,585200000
9a6a8802cbf3549870c55031,381200000
f43c684b789900c58c8b5fd4,483100000
dd7ec9d7dfad5364dd303f49,520500000
506f2b1ff3e4e7e43a5596f2,571600000
090d371309090bf83b6fe0f1,714600000
886be9a1881866ab1f300533,732500000
ef34f331871e8ca6573981e1,698100000
53bbf1d3345eabc2a8b7f5ff,748700000
5bb87c8d49ba8ae67a659b52,793900000
21dd47ac3c4e1d6bd0ed2485,429100000
f59686ef2740247394547078,918100000
8fac177c5a8b4faa21b33138,367200000
b2bc172a3ab25b8caef50189,822700000
a10055de743532d7b7bd29a0,6.85e+08
c344e3be381326a1b6cb5989,842800000
3fa4ef366575bc72ca5a0582,929900000
e9205b722e624eba0fd36145,1192300000
e75699a7693c678786ced75c,657100000
23208132621583ce4a46de77,845700000
558d9e4b57fbe6c7e0a09a95,9.55e+08
1a6ecf722b2eed8cdc19ba20,658500000
11734add51785f1ddb999c5e,643100000
82c9ce0d018c1d620b7a6689,526800000
80d95b058cb11ec829b5ec96,4.92e+08
cd89201cfe3fa19a4eb14bf1,429100000
d0a5f33f0689445e22db6626,564300000
c7c99ae9259b34bf9b8ba799,439900000
73806685dec82cf637f19384,454400000
83007c444fa52b34482ed55e,514900000
e08561df5747246d74136dc4,508200000
5b0219cdbb8ed527aec91659,758800000
119805b72aeb50f05d3a5bd9,912800000
fd20cc372715855081e24eae,8.73e+08
e4a021b625f4ffbed391c6e7,1018100000
902d4fc2c44ae5ca2703426e,630100000
71aacbd62d72d3eb29a744dc,580800000
7290697f96d8e2101089984a,663100000
314153750510e92ddcecf33c,706100000
9d576cf721ad30ab1a4fd554,416100000
50160783a9a0503df5a38dee,549900000
0f4abd70b68453d3500eebb5,432100000
42cde300d741cb134a529031,439100000
1e9cb258a0b7e08244d7fcb1,579200000
febc9a1b054671445d756cec,789900000
39351adf139f820864dfe8f4,945500000
b4fac45659e67d4e91fe65ff,338800000
fbe555f6bd0edc1bc950d9ea,748500000
67308f6bb80d2a203e306104,388100000
799cb909791d43a1eb305eaf,391300000
4354c1b6b27a87c451ddaf36,474500000
0b937a3ea4864896b744108e,4.05e+08
b96d8b77fb5ba71ebce2fb26,593100000
f4b1645da3f4286e39f2fe4a,750700000
a2d1de4211aff373009809ec,5.44e+08
50b619ba3e0b2a4c6512bc97,555900000
3d57abd322b0077efa1091df,601600000
652793275729ff3b69e86072,499900000
1e2270f9f49aaf3be01dab49,871700000
99970db787f55a4d1963942e,402400000
801d821fd6ab7ee01b62a800,551100000
2abd46909a251b8ebbd37133,669100000
20a783884d6bcf1aa5697772,3.84e+08
2fc38ab2689eb24f63e32efc,957300000
1f592cc4ed728909040f953d,380700000
d1dca15e36fcc5ec14dfd870,380700000
54f7aab6b91b48272a81fb47,457600000
b6d84e7d569d8d0f0d0c9066,597100000
54d10cb2a44179fd4d726f1b,440800000
341c307eedfce3f735f4a63f,866700000
1e057cf20757627d1b006141,397500000
798bf22408ef6814759da1f5,656500000
9ef3691cdc2bcece41b47e78,884500000
fd5793113661540ee34b8cb8,578100000
9c4ce4e9f12764544cc8bded,7.91e+08
542b5322e59a3273e10dcda9,753600000
af578bfec5d84cc2f4ffb8bd,699300000
a310528e34207b5dd813df8f,750700000
ecf5c9bd618e3976ceb5697f,640700000
d342a1ae299065045a957767,1.135e+09
f5dcdfdcc8f414cb7a38309f,701800000
4090c1b86074c8e769cc72fd,608400000
7ef2d4777310765d0c8121af,706400000
39222ab30001b3cf45b7de65,5.77e+08
91a73bedc30e0c2acd95d6eb,478400000
d1e6d6900eebd9ace65d6c36,574600000
592c9c45c07388359f663219,463400000
738111512f5e5052927468d9,946400000
0db51d4771623f5fc1026d74,564400000
82c9556e19072558cbe3a7ff,458600000
c1e51ab95336a51885b4c672,548600000
0eda675541a035b1f620ccc8,7.97e+08
cf379b41b70374ac4cf82dc4,799300000
d90c961aa01e51d63e50a2de,7.56e+08
990379c9f9f210206c6f1916,1116600000
f8189811dc639d760937df95,728300000
3d1deb639d94b292552a123c,418800000
43041a793a13a4171f22e492,5.95e+08
052d00805b2602cac76fed4d,593400000
c76207e622cf8a208910707a,435500000
ebe33bde2abbecd6d1fb0cfc,630300000
2e23ee2beaf5293f57a5c504,445300000
abbd422c412c2d57f5df62ba,449300000
648217f4d8b5e0e65dea066c,638600000
52e7657a539be5f36f48bed8,913300000
3a276f0df8c12422e14107c5,826300000
dc537b5973d2b94acf6f23df,710800000
0a41279a5ea9b92bf8cb79c0,949800000
80ed77aff62d4c57ede6ba94,541900000
1fbc660f780245bd72015f07,6.91e+08
df1f513009808ebd46ec0847,603600000
58708fd9e83147daf1a80c48,441800000
52b699f9900d81ae85ddc7d6,503100000
98c5b154ec80083bf6f51835,7.29e+08
588400f7829874f9de919e39,5.28e+08
46a2a88ef09b2aab932ea02a,666400000
31474c62a8f39e250fb2882b,1147200000
b40873d316de1c295f2a97ec,4.09e+08
bf4b8b23cd87377169684e98,470400000
a34b3b037805f2ec489a95fc,536900000
963985c57392ed0423d74caf,557700000
a93a37e4cc75c069e14ffa00,436400000
071f284d07719a3517c55567,782700000
5d030db414b00948ec10d18f,383400000
6e57de8c4ec2e42832cd4b09,7.23e+08
d9ee40ccf461ce3e9ebb815c,649400000
ee13d186a24af238d06e0c2b,656900000
f27397321c007765244e56e3,7.87e+08
959397711c3f452486ae591c,1191300000
a41222195e5c7d7987dc3c7e,387700000
ad14cc63c36789bfc1bac0ef,348800000
79ea72e7b03cfd4fdb5219b3,604200000
cf68e05962a41395844e9c80,473300000
4a20d03d09fb9d0ee5565ec9,477700000
734c9446d0674b8d6545bfef,788700000
d9706de7190ae64c83e65769,578900000
b778282fc4b9c43055629e44,976900000
a4d4d6480b56d6198c0120d4,723500000
7557a9bc12cf0f2901c00264,929400000
41376f69b086937257387f1d,738500000
2910f3631d1db77e4b61f8b5,456500000
3a8a506c99ede47ae2257e87,623500000
25d89911e830697217d460f5,5.17e+08
365a227184022e99f1d2a816,796200000
c6e34cb4e79a729a5df4183a,823600000
c5c3f06bbf812593d1b95a40,732900000
acd6ad0081960c0f17b144dc,966900000
344a104d2210954497a5a388,867900000
c0109086d0f49aac6c3f3f18,5.87e+08
c42c99f5da3248e7bcc73fa7,870200000
8e1e9ae57400052cbbaed9dc,1054500000
8cdd55d191f206b0841e56eb,475300000
c1e0b47866cf4a0120e4b3d6,571300000
45a033d121ca5afef24161ba,625800000
bc834280fb45fb308d957640,575300000
9ddc14c8e7fe7ffb078e0019,749500000
7d66238672def6f73c25247a,6.49e+08
2c12cbaa1f14553c1d41b958,400100000
196969a98960a68088266261,503100000
a5a3cab55661982b7d30bc78,617500000
6464d5cc161ac659dd963897,4.74e+08
e9f44786cf982100af0984e4,721100000
6302e608d8f37e63f4e5cc27,508800000
ab614a5008d68aebe34aa201,816200000
06bfbccfb3ec0b1f65f4b351,1014700000
f7f46ac9158f0a1edd01709e,753500000
6e233ae6294318baaeebb59b,869800000
bf6e713a689f574b532edd4c,709600000
a7e97bdf2d4f2f62f9889c3b,618900000
784822ba0060eac9358cce22,6.52e+08
13c51ea93d19df6c273a1502,535700000
176e00102fb65cba56279287,579400000
52e5904902e4d75ad87afde7,709800000
728ce22c8db9bd0abe3f20a8,788900000
e8bf121ec117e383c843bc51,1402800000
878ff8ef3c862929bbb19ebc,701500000
ed80ba018de35d5d76d50db4,1029300000
9267fcc93ae3b6df8c12d9fb,575300000
babe27dc477f5e1b7e438422,659100000
a4173461aa676e09227559fc,462600000
f0b2a0602bb5a83f0827ac75,717600000
2da346c00d6fc39268f12b82,713600000
9ec5fbf8767dd0d2744a79b4,538400000
c85e9bd6e20ee2a883d0a7d9,380100000
191cb509fd44e580ee32486f,548900000
053d37bf1d988505b5e91809,655300000
4d3a66e028dc8f3e9ad9e9cf,614300000
c75b265c0eb946ce77e32ce7,698100000
d233eb8af3ef7e325f6c8f9f,417700000
7f7f5313341b3ca499968716,583800000
4fa51848638f4437a3e31682,937200000
9090236db3ef719edf72a330,1356600000
4dacc190eae91b059dacbb00,992300000
ccd2f6ec8e9841f1068b7c76,757900000
a354cdbaff42acd1a0b5d82d,420500000
da8d3092ed0e085a83a7d67a,814700000
1181e18553eafcf5edf6fa05,674900000
5b146f1914acf2ae78360fec,851200000
a0fa0aca2f6c2ae65a98ccbc,555400000
038bb35043651579f443c481,755600000
430c46358b85ad4a741c7187,408900000
4becfb041b0439429f2cffb4,435700000
feb87029d5a2e8125e165bef,370100000
61ffbbc24b30698ab8f735c0,492800000
0e3067f71dfb9dc2e03bba59,378800000
b8ec643c66478da376153333,502400000
c8bccdccc9186136a332e995,902600000
0f4765c8929a87746217e957,913400000
68c145df0ef91fb4d14d001b,390900000
e5b92a0c67c506ca6e92315a,440800000
a482103965890c922a66eedf,704800000
1d917f9f5a3cd44cc4dc8d2e,457100000
4cc968db25c2cf03991c0041,477500000
91ba0c5b21b52734d1e244f0,537100000
d6a8f4abcb02142c6dd15b30,414200000
0587e7e1f03af8ea6c46290e,581300000
61e1e0c49f3aafee6ec9179d,647600000
797da4e993a993ef80277108,773300000
b8acc8e72f2c498fede3fefb,9.35e+08
ef2ae24039bf2cff1caa4340,616800000
cfb8d15c6b0c0e6ee4b92109,827900000
05aecff6fd8d866c6c157a9a,8.69e+08
b2e37eb7cde5cf4290649ad3,804700000
b7ecbd35179a7658f3c11b41,861800000
699095150a7f3f32c40454fe,1100500000
989a4fc1590097414d7c3fa3,401800000
b6853999c45e21646a0d1b20,338800000
6ddb6863958ded0d72fcc6a9,495100000
f6fc3807b54d8c69459c4f64,572900000
6528ca87df8bb477f4b6b8c7,472200000
7bba885503ea7716ffea503c,431600000
846e6f1ba1c94966314345d8,776200000
04e6a79dd3e4d8d17c8b5387,961500000
4d60db10157fd0b5eab9a23f,815400000
0d7d434afcc5e93050e0b86d,794400000
bb9ffa04d913d06846d082a7,699200000
80abc4c356813c1e4ead1e1e,435800000
df8979b26c9971dd7c3500d8,899700000
6ea18874ea84b5b4840f9b85,581900000
aa75ed5781e6e8584143daa4,843900000
c8c8d083c9b9600059a8b8d1,502500000
5c8f3b7ccb4340263c255d00,458100000
79b943894c4dd68bfd8cde7f,667800000
64f36d32a3a64853227fa69b,1403800000
d7080c3742cd9d72e9d0ae48,471600000
8333d32b98625a2742cfabd6,8.74e+08
bddcc7fb72bb973f84b864dd,767500000
5a80dd0f68dc2cf9fb1b0c03,420700000
5d82060575bdb7be33e63ecb,743800000
de416f239b27327e0f78b862,5.84e+08
816f93a2e035e4fcf61ee4c9,776700000
aca1776ef24acabe172d573f,773600000
af32aa018cdfd081a81bbc80,404700000
7d133cde943d189c9abbb6e4,417900000
80035ad5b3b4a948469800bb,760200000
95bdebef7fdc2ac0e9541c51,793200000
d038e5695b32bdc6fff1f72d,727300000
2979f2d91d649a8c14f5453c,625300000
a0be286778d94153d3b22ccb,1004600000
57e8ea351ecd1ff0825b1324,711400000
c84f96cf4570158c3832c3f3,785300000
93ab279de0b7b414ce758153,631400000
2018131ad3f6e5aa8f4be704,986800000
eb055771816b45213df3ff3b,452800000
8e3700ec731701361d7bb7c9,440400000
422e994aaca85628ff759004,524500000
569e2cad5c18a5f393f80a8d,689100000
7b4ca3a8d09968e48c185260,1024500000
12785f791e04b3a49547fbc6,957100000
02ea72128a99862e9537718e,697400000
fd77ee8ca0551b5b614b40e1,900500000
ffbf6a54fb00029ba24dd3ad,534800000
a295b12b773127f15e83e174,591800000
90f0cf22cf9c8fcc290e495d,382200000
220d466e3737f1f2a8ed06ae,386700000
235c56f4afd6d87f1b3e199b,4.26e+08
eb0f3b14782c9a484408c606,893500000
4188712d431ba996cd59fbe5,482600000
3dfd7e954d6f7f40af60bc9d,418800000
00e80be4feb1e8593b7713fe,509800000
eabdd1bad2bc4351ba4a2635,957200000
850342685ececa472945f7ed,563200000
ecc4d05489c5ffc8164d5469,404500000
2406d47133763272a965ef51,343100000
b9430e8c145c2a0d7efab2a4,735200000
4f8dfb8de411b8a05c55dbbb,729900000
574b6bef16abb21fd67db401,653100000
e7ef0d61e27de15f10b0d643,957200000
647ec3f486cedf045cdd3b68,534800000
69d83d8492db7ade6c37c3de,555100000
6c07175274fba6a0dc467cbe,666200000
a5a71962df1b8bc45bf5547e,916900000
ff61abc1e7843e20b1bf8656,398800000
540c4d7a79864885d73cca95,497700000
17d0f69ae2c4f1aaa1aca9c7,698500000
80de6a9303eedbfd1c69601f,1049100000
7cf573f273b14a6cfafa3ec8,593800000
eb9ab213defc2de5d878653f,502200000
69f7ab8608b5328f106b42e5,696400000
9daaca90887e5144c35daeff,528700000
2bd08c0964ef4a95295db843,529300000
34f0542a538cee9f3624d897,445200000
847a7fbd4425fd2fbc4b3edf,1260600000
22428154baf95870f1d83fdc,8.19e+08
18e89f083fdbce3da0a82a4a,1290500000
63674e7ddf6f2b4d7c6d5c1b,4e+08
0e97f66cf4208c1a57d1fb17,405300000
a90f7cd68b662c87d9fc2d5e,633100000
2086639384041f3a9b519140,867900000
d38353aaffa4af168518c6c5,637900000
d994f3919c3c8fe0ebd538ad,755700000
ea9d6dc517c77ff8bffd596b,841900000
ff83788b9f8db0297f6c0148,1114200000
9d9564415e52518c2817f66f,580300000
9362189c5d784741c9b0f8e7,873300000
ffb510bd3f847f4ede255fbb,389800000
7d3e4ead63a869bae978027e,862900000
5dc404d1c214abd2d45b2a0a,1080800000
64335f6d4c1a7514377be77d,659700000
b81801f02a73feb1db7f5e83,1051300000
b5d6fe84ee7c6a703891112d,782900000
af0502ae1fe341c2ce1b5325,521300000
ec43b2789c9cc266a8e0d1f6,480600000
7ff8b0b5ab4fd12f3be399ce,730800000
d5c8073e3ceefbfbb547eee3,956600000
66379c5752189c150954b4f0,412900000
6a3f9046cfdbf4eefca3ca69,593600000
b549a72c938d767ed504bd83,576300000
f48e503ebd3908838c1f2ae6,615500000
e58ba64bfa5280630bfcfa97,595300000
07edd16680605925192efcf1,7.46e+08
70b821bc1c7dd846a8be343c,4.48e+08
d84d7edc4a4896c4a8722328,5.12e+08
6d592a69209ef3356e656c44,434500000
ca9b2ef10b512905af6be620,837700000
bbf16146922556095f53b5ea,902900000
86e80098f5a3e7dbd635838d,469100000
dad46c20f9f7d834e522fdd1,1110100000
e2dcb036931bf4b2aa030036,708400000
aa7a25411bc0f9f93dcc40df,396900000
e192181121fe58a8bf94aecf,477200000
5aa715bbe2b178ad0c9e4b08,754700000
43b5b5a9a1615eba48ab8b66,415400000
dc91e3fe1b190fd8cf2584c9,622700000
1014341bbcd2fd5775631f78,483200000
7f2e9d302a6ed1770db9f7cf,864700000
73f4074e5e09e52e0e03598f,666700000
0460eacc73398bb95f0518e2,921500000
5a44be6fad8878eb2c394ca9,775100000
936cdcce007bce08a72112b7,766400000
8334a4cc7db8ed5c0071fe95,594900000
e3e9d1d073b129c697c1e9e9,778900000
dd9a60c3d502ca3cc98d9b73,1130600000
949184accb5878f82fd5c10f,534700000
bbc675f7edfa0425c78c15ea,527200000
7436750d73f2e56b4f29e98f,759200000
cf81103f31f74edfe0453de8,594100000
620e467297aed5c47e22735a,401600000
41037a3f8625082544979179,523200000
6a2db40e5f210a31b2f7119e,4.25e+08
0083ef74db679d22463a1afe,550600000
b19be1ad7f60717a943ff0f7,508900000
0906b6a88fb1eb0d7bfb6bb5,468400000
f82adf71d17c261b41a5231a,581500000
bdda694c42c52ba4803d482f,547800000
80f633154b6f94b8fa24f213,612600000
f69aa18a64d8b8494fd9fe3f,412100000
3146f3ec9b237fa0944cec7b,637400000
5db3d671b5aa03dc33f258dc,411700000
d5239537894ce7f2a9cb5a49,443300000
bc28e66374356a4fcf9b62d7,483200000
3697e556be961a16a621f3e5,377500000
bb6f66493fbafa76d70b0a34,535700000
e78a4111d943044a9a32ed80,7.59e+08
044e2daf937c0d8373f2e914,1.024e+09
77668d4325802de9d63609a9,988300000
a85ba83751915d8d5d1a0e09,780100000
429460d5f5c5381e945cf449,975100000
a53dc5c58f7384729ba37a21,639600000
a4dba76865fbd14aa19c0286,848400000
7573c18a79e5e3ee0610d7cc,871400000
f13f72c1cb469db92b25c2fb,1094900000
45dd7eee4488e88d71d46783,1170600000
dd4fd04b9fd80818bd543f9d,511100000
500a3c5953f89b431184fead,596400000
d2e737461b916ba78030c76f,930900000
e1e69b5a90431b8a44265487,6.17e+08
49cc8164d94a2afe8b750af4,527700000
e9b054016b281140d2566d88,565700000
32161228e9c502d2c21beaa3,448300000
9017accdd4fe3229fc45280b,372400000
17fed4a312a9b773f64861d3,381600000
8632f5681d04d9c934675409,1000600000
8356123e4d10a479a12e98bb,499700000
70463649ffbda5fdf3c10ec8,6.67e+08
1414ec3cdd3f6ab772fc7584,555900000
937708417ef2642b7d05abad,914500000
afbe90d764c1821cdb26e38a,6.18e+08
14331a3db021936067b15890,649900000
793efc460dd25b67c644e92f,634400000
0a9e4dd0eec86037a36fe769,757800000
e5168779de76d99010e37c7c,774700000
016dd08801ad1a1e7f6e695b,740600000
ce509ce153f452ff8a997538,877400000
66d8ce8e6aad18a4963275fc,598900000
8398e3b96d1311c7264f6603,830400000
e9081115ab418ef1031326c3,485800000
5c8240a1ebf6138f81dac715,6.36e+08
18cb1adb2078fef29a613a96,732100000
4167fdc804227ed43224a32c,1141300000
b5d0ae257748ea92c47d8fc2,524800000
1d17f0ff708e6f0b93a990ec,1015900000
764f506bb2aa1ac4de918a71,7.07e+08
7a861f1e3af4dbbf55b2c301,523500000
1562a23a312478d7a05a33dd,516600000
0a040fd24e23a77f0c58495c,916800000
7f0f5931fe148f6187ebf512,423700000
9fcdcb2be94744d00e734a3a,1062800000
f181f74e96a93820a23bc0a0,5.55e+08
5193b43c32a2bfb3aac6b2af,1086400000
6cc7718e834ba47a429d6874,646700000
b8d06f4ce0d6e71ba0fddc26,676200000
30a30e4ab286fd822c68ab5a,633900000
f99bdff027d28ceca0caacd1,587100000
f46f5e911c6c595efb5b7ab5,784200000
a7f0c831d82505044f370b1a,375400000
17069e9f4ba45c93738b109a,604700000
dd5c910c2a3d63b8fa92096f,461400000
a33329c9ed11ee8b87aad6b4,365900000
925b457b5df270a68b84753b,343900000
d206aafc71e8aec2afc3f8ee,380900000
f8232717e74332384075dde8,369300000
f60d9f0751a14efe41be383b,547100000
13adc7946bd4e6e3e4416e52,353600000
230cdc90e6c825d391d5025d,537800000
e98cb170e4383546988c6829,461400000
5bc46671989de2534553ae49,409800000
3b98c8e46cf8477a1968244f,465800000
f9f5fa4ad495197a5c9b492c,3.38e+08
0bd42f8ee9d36dae4cf35886,344200000
567ca46ac91cc53e3b479547,464800000
f0ebddf2bd5aac661e4945ce,936800000
eee841bc785b1824b6419a73,515200000
004776514ad269b380581066,459800000
bd3edc7854cffd6b6debfb98,494700000
0b42bbe66e438fa81a2ff77a,677200000
a33bfa6cf99e26bd9c49f8d8,680600000
8b45db8a4f2c0f772c8d44cf,404100000
262b5b0bb408d7cf53073832,451400000
5844c83fecdf7e09b188c2f0,694400000
9cc3c05f0e81b8f6454b80ea,426100000
07c46b493733d74c4f384b79,423100000
932ce2fe93b8e1ec0e7bbc8f,412600000
559fabe06aaee537322d0af8,4e+08
f4da2c8dd901cca9cdd51025,716100000
84eb4861db0816bc8722f379,679200000
d0dc69570223bce949a4c17e,672500000
abc2ff9d0e7848169fca170f,451600000
3e3880088f0df7c447e27840,438300000
3580dcbd0a6d7d6d3546dad6,392200000
f123231ff18912a3dfd7cae7,387100000
78a7eac41dd672cd1863e3b4,649100000
97def72de478566ad58020a3,653300000
e3e2e3080cc309d34014e8fd,586900000
71be583d473084bc0608d066,561200000
ac6a4c672dfbe20f5bafbd89,679800000
f4fc081a112f5ee1b3a09e70,4.32e+08
d8add8f5e0aa562a63c894d7,410700000
88ab887e18e38d0b8315286e,5.64e+08
07c8af84608e6c9206ad6961,674200000
2b352d996677e67156391e25,444800000
ced624c6debaa01c732e9f60,544400000
ef92f63b46f27ccd2151a21c,654500000
f4022026c279a9b77a894ee2,686200000
e2e2218086e6ef5377c01b68,445500000
4af83eb7718f5823ae69fe47,4.59e+08
ee98e745afca6de4550fe570,688800000
bd1fda425d792fb0de7b4499,525500000
86b2d3ad1dacb372734f810e,438300000
98abd5139cc3ea136faf7c8c,571600000
4582ec985de48290c5f1f5e1,485900000
312a6b2a57dc6947f95213a5,430300000
86a47522586da2884181f128,585400000
b41edc115f6b439caf392941,408800000
fac682b61b813044a3e3ad01,611800000
63f4e57fb2cc22659e80d6fc,425300000
4310c7a552b20afd46f930d9,416800000
4f18341de355d2cf57a03983,405300000
a418dbb6d04e505c133c6c1c,713100000
afce1d7c5576dc49c80bdabf,710900000
5ec12159380f4d1a85e8b0ef,473900000
78d10967c36cbf346bd58f63,497500000
f995364cc33c431b3c93db45,554100000
99b31d0b5d5ab75a2653b1a1,4.33e+08
42d42ad031a2c62be9b5cdca,680100000
73d09646de4e0ab46feaceba,3.99e+08
bef4759bfc25c7d44a8112af,694400000
c038742e427830aef3ac1c17,387100000
e96a7f5424558193663ef6f4,444800000
1af243eb63d893b1251f44dd,654500000
a083fd17c5e7c9d33540b922,563400000
549024cda1c093c9f8bc2ea3,441800000
164cf5fb9a759f2e4be67b6e,431300000
65ff6cef76efb4c83ac0611e,504700000
784b1db005d39c2f57666efb,587200000
a2f06081983f748fcd74652d,515500000
66e4f010db2febff23b4a4f5,630300000
9702cf3039b86f97c003e20c,695100000
48de5d43e88caea594ccd27c,757800000
6732c28a236aa1ccc0cb2c86,660600000
8a1d1f70adbdeb233ed3ec3a,732200000
c775d4f60fea55d5511da4d4,645200000
1f4109e1a4b47a9b11c2c019,663200000
31ef69bed8e54b5e1fb245aa,655400000
882907ccf178b23a02ce262e,709100000
2868ac4225657a13f6149e6e,951100000
cf6f0a3cc030024f4e9ad06d,714600000
0a1cdd0d5c3c8b973ab1a98c,860100000
0d099b1e1a314dfd9aee5293,674600000
898d1eb301c92ab6603e0b81,8.19e+08
9fdf7d85fc65849cda3afda7,807300000
f5ee97750fd4e04eafa9d1d7,780600000
ef9cf29f71434be184a4ebd9,580900000
e4559824c3390efd6282960a,636200000
f8dc73052c66ab334cb7be14,854700000
2e992370de3eed4ec1271589,6.78e+08
e2bbe9221780d01a265e2ef4,6.36e+08
b65a2a140ad5fc6e3e26b6e3,800600000
3dea0748459a295fcbd2f0b6,4.91e+08
7a1cb1f751cd36bdb6412ba2,620400000
1381c0399ebbf19db3a11820,800600000
479b2c9c12602551bbd0212a,572200000
d463fae95232d30e0f78f93f,8.01e+08
d0df2748d371d98d76408d66,770100000
9551dc6098b721dd495e5c57,761500000
fa736ec3f2f066cba4328908,659300000
37fc4ce5dfff7faba6bebf8c,886600000
f336d60e41c8bfee91d58728,593800000
65e1a61d984712e76829c821,683600000
65eaf65f8dccb8e49a93b753,634300000
36eb8139a5ca1b8459eb52c1,818500000
c357cc3d2f4b45ca3e1250d2,646700000
4b75f2b374e8674e8b55eceb,1001500000
9c20784acde0823e9479be2f,780900000
0f2aa0d9fdcfe894caa8fddc,880800000
23374ef76774d4f95f022473,991700000
4224e69acf9fb071d4cab498,1125100000
a41d05f2ae3e022c16088bd0,991700000
9b30c679d7da9169580773a1,969200000
2795cdb2f4d568a782dcfc3f,1019900000
5399af7ea98c97b5906efe1d,776200000
5e93ed2a9b36625c4450b5bd,939600000
d04d42ff91707e3957b4a29c,983400000
f32ea78bc5ea15d700d3c118,819600000
8ce2d6e505ad1da079f34a8d,940800000
014799b9ef7d5244fb6640ff,1260600000
f50a72cfa82f3742189b7fc0,833200000
8876b38f90f5571639b7d879,828200000
239a2dd25f604c730136c720,774400000
db297b6ab332cbbba338e7a0,820600000
5aaed76349fc95f6c12ced7b,1262900000
10c94f25ce3f7532bf4f3152,976900000
d0ac1f63c75987c92038bd30,943900000
db5ea791b33be91840a6d045,859800000
8627562772d9d63bac507fcd,810700000
b1ecdceb6ac00b6b047c241b,784900000
f499c1513abf0b05aa1f460e,1185200000
0d8b0ca08838d1dac052d51c,1290500000
c54a573c9aef013dfa2abeff,1200400000
f02865ea64b156bf4cf4cfa4,9.04e+08
087b564ba475edbea431d4e4,1099500000
2d3236cf646f19a25932676a,1219800000
68b547621c25c7418cfdf5dc,619200000
097a1a08a389439cc2c760f8,391900000
e9c905ff64c7e2f8c21b0a9c,353600000
464039bbcabc650d659f6683,503600000
93c24fa31fa780d28ecbc318,469600000
a73206cd21136b209f25c7cc,449100000
852a11f12646f0a1121824c2,426900000
61953f4c9bac7cac5ddda5d9,924400000
5a5377f2d087b7bb183783bb,553500000
0a85c354c48921e0ca202d15,1092900000
12f9d50fad58e4e40a187d98,926900000
45ac018012e7dd91d41a5876,478100000
28f905e91295a47d106a3214,975400000
395e3718423aeac3d40494a7,477400000
1fd7e9b1e717578f751c21c7,939200000
e8bdc4a088a6b99a538a6f0a,381100000
45b894a8b028be29ed137f1e,1249200000
f5c866d489889ab2f124799c,807700000
3d0de71d822da8a999bb6222,626100000
ecd0b4bfd66fe04c278dd4ae,461800000
9a61bfe6ba2b8364a92e5a97,963900000
e8b8d0c4cb87efc13344bcd2,1153500000
1f39ea319382fb0e41ead713,1054600000
d61700c4ecc128290bc42d3f,325800000
d87cbdc4896e0e0160999520,393800000
d1281c9f037ea5c4fa683b84,398500000
310e768d2e8836432f8b3e97,438600000
c5498cdddd7856e99d21f52b,451800000
d3169d4a467cb7eac41849ff,659100000
2eeb4b0d7afa57b63778b69f,790500000
7b3621124731bcd2e543562c,720200000
5703b4ab6e77d88f751bc6e7,609800000
2c567face144ca714454abf2,1057700000
7169b5a3b9a796162de685cf,1063700000
fd19e1b2e61f5efde879f6dd,956600000
55f0e95dc857256aec65ec1a,992700000
ab03c034e2a420f395ca094a,543200000
ee3c0c7fe3fe73ad0449870c,1253500000
e59afca092e0ddaf60c9419c,445500000
99e48a46a1a599471d3260e0,391500000
419398139a3aa2ca2be3f941,473800000
54c33befb89cc873771c3be6,1125900000
cb29bd3ae3d5da88c99d3db5,852500000
24258361a4ba8f772a83ba7c,825800000
539c12d2fe8cbf950b75a0fd,437100000
7b81996f3abd287b50adf8da,989300000
0d9e73c14529fa3f1ec8a56f,513200000
dd178fd542fc716e32b4136a,5.44e+08
9aad22f3d25e46538e1558fb,727700000
93df4118ec3536b312822d90,889900000
7c6319c04025c4ed6aa3f051,513200000
98e04fd660ca1276d1510a72,417700000
4a8eaccbde5a4a6747818d29,725900000
9f6ae3eaafbdfd8d5c0e64c8,989700000
5929c81cfde8ae068a8b822c,765200000
b94ea2b8b847a47140d04008,1121100000
ac1b644a8d2ec042ca91f89c,798400000
8df9256029f526ca313202b7,665800000
e029511780468f4cfbd10d3e,595100000
0878fd8b66aeb22f6af2d7af,415700000
76258b7b7e8778cd60d3435a,602500000
d64a2ad3297e2fad8ce66197,455100000
8af6bb75c85a2789156b3696,390500000
40db880aba8951909e6e4ef6,667300000
c9e20cadac540faa59d9aa3f,412900000
7d5459e48101349c75d43aec,735600000
fb0664d59b6333ae1861f343,887200000
bc6b57600fa9edfe13fb3118,756800000
d309cdb5688ff7bdbb682d17,670200000
d17ba799e68d7775f2104b3a,506400000
2baa6afba131b74487c94d74,576300000
0b7c8732558fc04f4fc51ec1,5.44e+08
0d8cda2859d9903f6202af54,431600000
0f2913c5aa681a2bd45a5484,651300000
de6010c57fe78d975be38c2b,6.21e+08
54b474bc7cb126bfe8e6c144,1093400000
b1dea7d384760535b770311a,647400000
9e90e02c8ed3ad137e4c3abc,635300000
b59711a5971a3b482db4d9f7,697400000
2c37a1280b18e095b43e19f5,892700000
fcd7c10d81aff25d9233214d,456700000
c3b8bbc492a7d7bdd63da22f,1023500000
42aaf6521fdf1dc9bc50f88e,406700000
3c268e9119b8027f78f91954,6.05e+08
c8d5a0e9614dcf96a500206f,483800000
6c778557da9b5d99f90b1238,739300000
4514844d15690b7331fdb6cb,693500000
d8e981acf77bb46a9dbd3109,791600000
b940ba03ea60d4cdc5d2d429,1085300000
4fab4e66ead1948498d2a4dd,382400000
a5620899d410af623a3ff4a9,915500000
f45e3be8500d7bd91cc8855a,451400000
4b82eef445edeae7a55fd019,582900000
29881785ae39aec014c4982c,674900000
0d9f91cbcc9339146bf75bba,495800000
b839e76df5d73e7d53691707,697900000
7ac96f16bdc50ee7619f3548,8.27e+08
a102a0a268840439c2c8f4c6,4.16e+08
e1132006785632e4ec5deb02,661600000
a041ed3fc0b60fc4ce3cf847,757100000
84b758716f47bb0f4e4a2bed,491100000
84394774ab45e0c8b733bed2,513100000
2c1c91f2bb4d9dae38a44360,427400000
8ba9304ea7b8d2b071bb0699,558700000
9a76cc7c650230c670e703e7,756800000
9b0833992397c6e50b54715f,5.47e+08
6f192e6a537c1509521e1e8a,843100000
d1668e2d35a939ed126a3f8e,740700000
a17807447696896bb61ef8ab,793200000
d043d368d2584ae95ad3672c,884300000
7f2e3f2eb5abf86b56897250,744100000
fdb1cffa6b7346fde667d72c,421500000
58a3a9f44bc7846ae26413e5,468800000
af230af0c73a5f2b72787c1b,974500000
3cd5562115870363ed5d7558,675400000
cb9d8fe7c18dba6827836403,854500000
742fd57dd463c1b5cb79f63e,653500000
0d30768d188b6bb53d599ea1,818900000
c455b8a15dbfff94c2909f37,4.17e+08
8541eec88f0dd8229b4fb041,392700000
54aad3aa4a166d2d50df48cb,898500000
eb9a59d4e85a3f124e866f47,778200000
d65946f9c27e417e6bc60057,412900000
dfbb0ed74ed85bd186f40ccc,374800000
84b05da6a859ff5384f37ee7,445700000
e2da7c1bb33be76b86b9a07a,634600000
456243bb3fab3e74df21b5a0,562800000
a947c2ea296f1da3d10b0a06,399700000
3929df6d73b3ba01bc018476,448200000
ce44699aeddaeb77f23c9b9c,957900000
3cd3537b5f9475657060cae8,1391400000
4520ceed2e5fe3458850a805,948200000
00dea98fbfbfeae74c513bb6,1.005e+09
16da41b1128c039ff8f83919,601400000
111d509185303ed970d710c7,1275800000
83ad1ce7ef6d70842ec986f2,445700000
74f8ffe35e8d3bc9be725d7a,396100000
f5e7ab7c2edf566fa22501b9,910400000
2e1f3fb2323fa16150f8bc88,532800000
f8bf37a8f81a310e299385a5,5.51e+08
7b71229680a50bc26677a427,713100000
1f7daef9ba898c4d8ac1c81b,579200000
415b68c7a5cfb073676c443b,494700000
856559e93205dd1561d8ada3,717600000
6d534e4baa1740d7839664eb,674600000
9ea78159ad117bd9c0b04291,540200000
38faca2d6e338d328428f986,402300000
fcc6c3c10bb52776accaf06f,7.27e+08
9120f0e5a6f505a2553bfd58,1182800000
583a8d8c5d7fa63125f62155,7.76e+08
3d04304c8644c81114c36f98,561500000
21fcb5c7e497f0580b820379,627400000
6542b39cc8d2d13dc828772d,706600000
091f6342ad934f4e7f84045d,9.69e+08
fe8305e287f6a8e7899c9459,560700000
d4492ffc4aaa4ca9c4dd2357,594900000
319b9accf9980ef2ef81099b,720600000
fa84c07cc90e2a2058b57c9e,458100000
c4749eb8f59cca469236df01,427800000
b8a5928cf1f7e704e9933bed,936500000
c2ffdd10fe424afa1b09f31d,530200000
f221dd5d745def063eeb7258,5.35e+08
319ba1ec06c9b6ca6990f4c1,1162800000
29e7796eabea247af4e8a0f7,411300000
ddbca69ad74877086c4110e6,861700000
c858f0f3f5594e7bb0f3b6a4,1.094e+09
88ae3f4a8ef76675c66e925f,9.31e+08
27e0810a702796d97878c34c,637200000
7450139ad1b39b2a380472fa,953800000
35ae7661d8191507cf9e7cdf,681500000
93b8ea95ca1c1ff3881d91d2,474800000
8e4709859d50a75dd08b03e5,5.77e+08
7026113e0cd7b2d17f8a3459,615500000
9af956dd8d83bc715592b97a,359500000
df10ecb67d79e645f77a90a6,827800000
14feeb619f409386e6eaeda5,483500000
1a6b9a6d92ec5e905ac97cce,723800000
057585ba19d6144408d4e2da,456400000
72699647b590d11ed9b2f2e8,384200000
cbc99d6202cd3a31e1c14a16,576700000
ce1d63bc4411a615b816a76c,850500000
04f0fd25e2456759753bd2bc,455100000
8c0154eb5be437746213aec8,847400000
e23017438478050a655f6d67,6.51e+08
8f0b6d6dd914911c7e90d302,820900000
4b38595746dcb78fbb459781,434100000
95aebb36dc0b4ea86db49492,890800000
f900f7a9c5e2ea51689e8992,726600000
3fa0d9e247f28968a5bf8476,419600000
1240f50cf2d8ef1d8713e671,378200000
14a55e5887af840860b41ddf,400100000
3ffefb3f453c54585fa6ef22,739300000
c3b357d17afd631df02dc39a,800900000
a15aced0fffc97e219f99545,416400000
cf707785919dbb92cfc7b5f6,887700000
70ebbf6a402f0f707b893979,539500000
aefb3cb6ad2de9ffa90b9534,507400000
b2809471a0164e3d41b8fa60,1153400000
6d11001f164d81734a82ec1d,513600000
ad71acd782a4fce4d9af04be,593500000
ca86f53a857c23b15eef428a,784300000
580452a616b4f5170eb628d0,780400000
7dc609a3c7a3ab1f9a3146e6,644700000
e8fc9a1fd4b39f946b914398,450700000
0d3bc6532812ea618d154bdc,832200000
1ee436f045a0662037f9d2cf,714400000
8697b1d337145af0ef8e4619,958900000
9a08127164a0bb61cefb3680,411300000
e08e1f260e5c3231c49e5a96,439300000
b96502e30fecdfae7796f1d6,421500000
a0b178016cd26a1d2072e7fc,393700000
5e3d7da3cfe55ad1fe609579,597500000
30f77637dd52e728efaddd6d,860300000
2202c5c9a16b771d1e242c18,887400000
3dc8277f29d0a2406fa25ce1,864800000
a0f86ac00934b57d85b44dde,813800000
9168a08b1fac4c5448626ff0,713700000
cec8daf847f52cb2845a9f58,928500000
ab7559b75b340275587e50b7,1349200000
a392f7f9ace844d712ab2b4a,6.73e+08
dd21c6799a32ce6ef27f5281,433400000
275ec6bd936600c7eceac599,1087900000
978195f1745ab7e3d69e1f50,943300000
0e3f82238c54e85ca4229977,691600000
bc168cfefe964762cdf8755b,788600000
d22d5776b6305308c9e774d7,778300000
94d3fe901550dd4ba77ffbaf,887900000
63717ed97f95e32b2ca321f3,656100000
a7df0496d6ce217fadfad10d,667300000
51a696388218fc2e412f8806,597500000
a918c218ff761315988c6335,877400000
d3609eabe59175fcb4441ac2,1293400000
8af2e264b801b3e155e52be8,1.18e+09
76e4ebad138d50c690f0aec1,356800000
9a9553eb431458a3e30fc672,702900000
117f37774a78d65f9e68f906,475900000
0c8b133effcdbcd49d52add5,942900000
5e8b2528c1c0a5c12a476919,659100000
38d6842c2807d54f386bdb5c,732200000
55f747145222c070fdd50175,726900000
ca7d715827b39c417e5b75ad,713300000
b219848e66fb065d4d2441bc,1.08e+09
a04d3f4eb8810a346fd29ab5,1054600000
0b06da0ceff947975cf8951e,1119100000
3f35c44229ba13940d8a705d,999100000
8bdebb8914fbcaad625b1764,377800000
f4635193372f669612744011,954700000
611a369172eb6e3e2e4bdbfb,1103900000
6689af92cae5d7c9c3e2f215,6.93e+08
e382002b0685aabb01891743,586600000
edbb6dd10f8c9e7596368225,552900000
89b0592a715c9e135967f947,993700000
a67c6f6400a176e0a07d6772,807500000
5c6e6dae74e39d33621c7119,842500000
0e1c100d8e57de8296363d6f,496300000
e2e639b53456889ab5350ba0,483100000
93acd9176ff299221e0d2152,876100000
cb482d76b3b4904c595f2dc1,534200000
a0e15809e0a284fde27b16ee,915300000
9a958690c3947f5a8f05cc80,993600000
889bd77c8271961a6e4925ea,706900000
dc082fe46a714afd43b9dc19,689800000
99f8eedcdc31cc0ff6fda7a6,398100000
dfa744f733abef97d82dbb32,697200000
d50b80d68eb3b928e4bb4317,600600000
a58acad50184e66794d8d704,828800000
52871480f7bdf5ac3d785630,790100000
8b083d7ac086f52fd2942a82,671300000
301ce25214ddb4b5144373ef,1135900000
6d76a22793aa9b571da64572,9.54e+08
d7c48db0385bdbf7ecb7088f,1189300000
874e2c6f3e9f90db80d243d0,464100000
249667af8d0835c9830e2b37,373500000
75d3c9e0da9a24f4849f2078,448800000
9e45b127ea0303f973bac9d1,355300000
daa0be53e7a1d7ff76f32955,862800000
bf7463534babd284da6ca671,342200000
0283890ab76b10547b27e634,662400000
5fd213a5236154ae5206c372,1034500000
317e95fad7d399673719537e,633800000
fb14ddcaa459b49a3b30eb3a,1133700000
4cb5e4aa83c476a5b71d77ce,958200000
f54d358d26af89636906f686,1.148e+09
f002603a6990ec405d82cc47,1125900000
e3b7dc4e8990f3cd436bf738,518700000
97c799300453ab511bd06361,933800000
3c1ee7e502c6bfb20873b47c,539900000
cf7741583fc5315ba70b70f1,768400000
36a0a1f0432c954604825b6e,523500000
9836bf9b64f27104c7863b79,532500000
68a3f9ac977f56cd39a6a1b9,1064800000
b676ed2d0af6807cc2b28ac8,1305400000
430112bf4fa9324f0149a879,493800000
fa00e05d83ee890a38c3a686,603900000
7d503f126b5863fa0626d4bb,642300000
ec03a01c961659f2cfd9c973,551700000
6a112af84d5a81f3d16dfc32,840700000
4c5d3dd8802acb9ee22ab912,693900000
d029158b36963961fdcc3974,7.67e+08
c2071e85fbffa3d2c2168319,737300000
60a04215bee81d26f20cf0c3,620200000
6d4a961e099de1939adc6496,1043100000
2383b8bc2cd3d307caba34ba,529500000
d9357452fcd193b6c5284bc8,972300000
863f8f2aeda01a9fea1cb3e0,946400000
d1a6132098a4bd640321c7d3,849200000
6edd2530070918074c8e7d07,521100000
1cfe7df5431f3dc6a9289551,1097900000
c617d1f15d294f0b0aea8ed8,505400000
bbdd78a7ed332e679c8e526b,353200000
45969f25857aa7263927b400,6.48e+08
cdacddfdb6ce41a3eb752496,497700000
3f87d08afecc4aba03587848,1327300000
f21d2c0802e3858d493c1984,807800000
660f3f9ed9a72d8875a9efcd,661700000
04e29dbe2175919265c82463,833300000
e4082fa99f92fc7a89092fff,661500000
05402dd344c77623fa053ffa,581500000
c5f7f0323f554a7419f78359,750700000
501193fb57014ffbd7bf218f,585400000
0922cc27581d9058e55a2239,449200000
4dcaaac494053749f30875fa,8.04e+08
506763d35b04358fb0e967ff,4.58e+08
8c40078231bf7af2f3a06457,486200000
53e14e867f8b02c6043ae02a,4.26e+08
2364014bfd851a68a824d1da,746800000
f788ac4a8b2a6dc11c458c90,700200000
093c849ad2bea8292c4d15f9,988200000
71a8b68f38fccf71a229df76,5.03e+08
ebacfa0a8e569ab603cccd11,391900000
c963faee3ac527dfab08f61c,524700000
ce3deac5963eeb96826c14f1,587200000
5607cef08511dbbf3288a5bd,612700000
8a9e6d0839f9fabad2fc3214,657100000
ff03a8cc833d067d439b9903,836500000
d3e119e8fa4d96abaa8c43c2,786700000
25b893f6073bd66258a9cf03,629400000
0d70ceba3aea278cb4a2082a,779100000
07f9017eb4b8c169eb9de536,866300000
7cad62cfb4fc3ad9acb09f1f,548300000
41d174db6f695472063ceef3,582400000
4ecf579a5d5e70d3b4314ef7,610700000
41df29e27c0bbb52aa8ffe49,640400000
cd77cb445eb0f72df89b9fb7,441200000
65766c8572b629744f00b45c,549700000
946eb4523f76bb23d0348309,650200000
453202a234f5b370ae9e586f,516500000
4e1b5798dcbed1842f260b17,819800000
f1cb3c0b97ae1c6819fb86e0,1096400000
24a89527a6744456750baf54,438900000
a281d59b685eda4978e0c84c,500900000
6cc9d912370da36c38ac2cbc,1068200000
10563c278e7ce8eb2066d398,723600000
a1b0b8d18cd78b7cd555dd55,1.083e+09
3cf9282136fad24af0f7ebb1,700800000
077659c14c3cebbe192f8247,1091200000
c372834e8e7a4279f861aa4c,488100000
29daf0d5008fa9e3f0f30132,437200000
08e1ad8d1f0be0287a395ef6,491600000
19c07fc2b01a0edec4784e64,679800000
c2b5216a8050ea0fe4008f59,804100000
29cc054742b256e6fbc6da1c,657100000
755a3e09dba04bb6ba6c9851,608400000
c98157c582392cb895071f28,764100000
84f47e531a916b7f7dc1f1b3,890500000
231688922448e4d64622120e,604300000
9c7c68df14c238ce0b497dd2,1036300000
d5e29042106130114cf3694c,4.05e+08
08d4fa42a34c74c94db5080b,855200000
e89fbcbd4d3414e30c30fc29,536800000
22af7bb676cb4c9ffe014506,521700000
b20d6ca58e91ae70b6e0a1a5,941300000
5c372bd1e01f3243256e27ca,461200000
1242d7e61857ba8ad285b6f4,816200000
196ac46f656726bcb8087ba9,784300000
ae513b65e06b69e1ff2ad8ec,354300000
bb26b45df6a70b6414958912,354300000
9425283b41165156aacfd43b,366700000
689b510fa99bda54284cfe7e,655400000
c57d333e383039db0fcd2620,730600000
86e98ed0bd2565b661b81ef4,630100000
0e694269bbff1e45395190d6,1085600000
6511180e3128e083bbbb6940,1060600000
59b271bf9e2d29ed35352f5e,354300000
a4c324b1353d2f7ea3ae9727,354300000
193ff8d291a9f163a4f3301b,540900000
8ee4a7cef562d388b8444c29,354300000
53bdf5c3cd800459acca551c,561700000
35ef99962cd5984ca87bd326,4.93e+08
dc33d5ffcd2aa2b7d56d2ad3,619900000
05c47739fa4c4f00285a2c48,843500000
a51d415712d8d6c8add7009b,6.15e+08
71493c81121558b8ba18c1c8,354300000
853a14b680761098d4bf6136,772400000
c9d5c08973c493f3acdef892,4.73e+08
7dcbeb0aef2e2cac0d73315a,365400000
ae5a4da0000f79f12142e2a7,688900000
1f6050fd5261a2d21d5a178e,335900000
e3f39c6e4a41fbdc4bc30e0f,614400000
9d157878dbb41c14b52a956f,472200000
e1fdbdecc84b991f582a2e00,427200000
3a26efe201689493724ba464,421500000
6670cde3fbc11c263c6c3163,740500000
780ae52ac9eae675f6fdb312,418700000
24f22d76b86498d5c3563288,521600000
fda25a0b6b9f62f92e3ea6b8,741300000
678ba0c80536dd27e385b31f,382400000
ba0d0663943a118228fd12bf,442600000
81ba4b47e9222c15c4102992,431600000
d9ec26c1c3e1811e38f070b2,403200000
aa850af0c6203104e6ed02fa,473100000
c697ec00214cad882d5e9812,563800000
4b193d78ea6e3740bf37b36a,456700000
08c61259a756e617d976e8b8,594100000
c1c1dc8df6996a94ef3c7d33,421300000
3fdfa23ac43d1df0503ccf1e,639900000
bd4526ea5b404df442892788,453300000
1062419f9cf94418ba88b6b8,497300000
1102f91444b8e1abb636f1bc,756700000
b96b4bf38bdbd61d4dd0bde5,732200000
45ee2db87e9ca0a1a9faf050,6.58e+08
556cb23459a9007127b3ad46,859400000
a613b18945052b4576595c4c,788700000
fce385656705a8f4389cbb6a,726900000
bdac560af3e155db33d13d57,635300000
fedc2418db2353b7c97a260d,992900000
4565bcc95c54bf0c8d376eb0,927600000
5fc559104e0ba1112ce00f5d,873800000
74fdeb4c56b29662f13aa8ca,991900000
fbaf74ce4c2c6e88950d3fdb,976900000
5de0f045039122af0052c544,821600000
e18337bbdfb106a3f1739960,698600000
e1b9ae3e0ce3da16f18e1079,834700000
a57435d71ccc5f032baee302,903900000
fc5e8e45dd0a338ab5835428,674500000
918bec54bd7587daafff66e9,592200000
86137b9624049333f7e0315a,597900000
0fca6767d8f442da1f8bc6d2,707600000
3ea5478270517f299b20bd06,520100000
dfff73eccd591bb26453eec5,669300000
e2dad5c148ecc797018439b3,581300000
b5a62d480bc544f891fd8521,724400000
cb09a84a1d7b929607d01ee5,762400000
af067a8546e1177eefe24916,576200000
d6f9abcb58befa3d05373a72,911600000
ec2f16aabd36fd9ee2203276,927700000
dcafab7adc7b763bb934496b,619800000
ede43dcb1715b959ba34a37d,844200000
40dd67aeb6e9979211c9345d,878200000
31f630c44db4be5360a57640,924300000
ee8651631861c1b94283a953,1023900000
b7d245742eef110adc91b5fa,803200000
ffc49242bb0edf3e22076501,1123600000
5c5963c17bafef1a1bfd5e03,914500000
6c589b7e6a3cfad34e98bd87,831200000
71ab3644da08b8cb0a0b34b3,906400000
aa668782ae5d0c16e57193fe,836500000
46673c69814a0b3f25818dee,1244200000
b2a417a8d2440f9124fd2ee8,897500000
3e0ccd899ad73579898fe73c,895500000
e6f2c7d7317fd433e26878e4,1.218e+09
2d91b3a8c62b890fd246183c,935500000
fa653848d69ce620a41a73ac,950300000
3b6c94e3e3684eac73b3e7f6,1249200000
a6a07d35b3834bc6f81beb6d,915900000
a39617b7adfeb6ae7d5ee5f0,764300000
95e5e774dac6f0159e8afc0d,576500000
995362e3fea8e54538ac135c,552400000
42525c57e13abbfafe9bb395,1067600000
1ae6fd60628e7d186a5e0174,540800000
082293a465231208059c5d53,475800000
732615f6d1526ec9bd519eda,439500000
99e9c4f8fd7fb7929da10a20,411400000
1a75e436fc23e7f48e639b9c,440800000
54cdeb67ca9ea56205e4e533,7.67e+08
c412ab869616d6576cbb8309,647700000
b17840ce59c9d9619b46534d,509900000
a14f071d8e5c338d9ebed23c,429200000
84d8504f0e860b0760c3592d,601500000
a3d03a25f84f4d50d2a308b0,503100000
bcdcce01d86d648c4502d42f,491600000
33379968a83c8a90c23e77dc,366700000
ecc36a3a4610829ee3f88993,354300000
f4eca80958b7a22922b0efa1,354300000
3b4ce006ef95420847da20b9,354300000
4fb644a95cc04f7bc6cda786,354300000
f8fad48343ee5134dbae918f,354300000
6e8e08e09da8dc598b8a8b2b,354300000
56ff1f7e81fda0c8491c354d,354300000
444f102b4d54503044154ff5,354300000
e0eae2174807cc7ada38c726,493800000
afde90f91b01b0282bb94335,529500000
1d35c364daa0f021ef263c60,353200000
8c47395a28f8177923d7b75b,440200000
98c98982020ba42198aeb45d,657100000
ff424474d2d10a2c2a1c1892,497700000
971a322e9087b67650689ea0,807800000
45a7517c4d29f5bc7787dedf,620200000
74a51274abc8358d628ecfe4,693900000
11dc32d92ac579720303c019,667900000
4c25d939eb3ec218403dc4ce,603900000
55597a7b8637f24198415ed8,630100000
eb7173223a27076d16b87f33,585400000
709d17b62bc95253601f243c,7.67e+08
fdcf0e439ae8b2ff5730680d,581500000
2524e62e917e8a1aec5c9c26,640400000
ba601c13d20602c988d57246,536800000
397a7d1cfb809e34797f2bb4,700200000
b54d3ce25f3f03cf3fa0127f,4.26e+08
d51bcf03d649839ca803c357,415600000
e9fac47a0f02f27abc96d568,857800000
a52bd93aa6b0d965914f1101,521100000
16601a92574531c1fd57a359,619900000
0e64230b70f4a227b444115e,833300000
ba2118c330e19baf4f3ecf94,958200000
055e29f236bb61603d4ce9eb,1.083e+09
7c5c0f2d9a0e355069fe1c64,786700000
e781547cf6f8cb4ec0742b5c,700800000
8caab74ced535ec5e75acdfd,561700000
9d64345229b60ad1853d94ce,4.93e+08
d128186867f91603af4fa481,836500000
f8fb6d1b0dafc28920393dab,836500000
33b92225cef255b0e4b4edf9,751100000
7eb78d4dea434674a230caa6,723600000
833bd3c8ef9d4da2f304a94a,779100000
331f0957d55d7f03df7fdc4b,816200000
cee124f4b9031f59c4fbef47,1012200000
8a9663cb622a55f2a1a8e3b4,1036300000
25d4a0ec9301ba5d53deb780,505400000
38d4b1837c595b6d9a23e994,8.04e+08
a21923caba05da05449d60f6,661700000
63cff4b5ebb2b6528ad34cd6,633800000
948c392520e1cb3a030ce86c,746800000
b2e7fd7bcd93309664cd225e,6.15e+08
9d6be7123f2c6e610971374e,972300000
3676e34e4824101f3fd9aa2c,4.58e+08
f849ad486e84a82190675b89,655400000
2fb8b2990751692b8ef1ab6e,750700000
5155f70c7f8978e487e71479,6.48e+08
4f076c220dad47bd9bf248a6,730600000
480041bbef3a540df2a36ea2,707800000
4ca66e564ed478d06c471357,737300000
454e4126257189bcce9b681b,9.75e+08
10ce9c7a0a58aad19778e5f2,840700000
dfe8e2542755d41d920e28b8,420100000
5115b0da9c95559dcee9e58d,1295300000
8a0053376ffdc75d0bdde77a,1147600000
5688288ee38f1a69894ac77a,912100000
1fe514ada76363511cc79105,909400000
885a312d9a5bfa8a8db5279a,516400000
c716d4dfb5a3c2e1120bd84f,571100000
689aafdc12fd1610c2393a6c,8.53e+08
c0c4ecc8d3aefc53c4c06a38,686400000
30091c32a5046d563597bbf4,507300000
2e58c9b6fbe9c57c83bc0aed,605500000
3f7c5d8304fc650bf97247ee,534500000
56334a9db3ccc24faf138edf,508700000
6d0680692396c07afc1a260c,640100000
9e07dd563b6ff4572f5d9031,1083200000
1278c9fd86258bcb435e7127,714200000
acf0f98cd8f8c8ce06f30ab9,1358900000
5e3785bd517f4faa2bcf43d6,999800000
cfc61dd41ee5f5dcb76bacfc,544500000
2f171883b97d9c02b90f93a9,404200000
46aa67b5e0abe39dae442d76,404200000
50cb49d65d04a5d166f96e3c,686500000
06c1673c4a7444e7aa80abb7,450400000
53881f29c7a6bef0ab537466,5.47e+08
2b028932adc74c961170a4ce,454100000
f3a1bbe01d265470a2d7332a,499900000
b42d5b5b38686929eadd56d9,679100000
bafc63f23f097c24d36c76fd,596200000
f164514211012e3a1686b148,551200000
82b90288bffe8c1c0b5a1259,497600000
2fe64bad1bc8a43fedfe0700,595100000
da5b958667b31f4f9a1d84a9,6.8e+08
b3bc9a04a3ebc1b911326735,7.75e+08
9ff3acb07666d53f00d1f1db,793200000
13a44ce5066ce00846b59ae3,781500000
bb45c98dbab56e5abe20ac0d,737900000
f88bade1cb7ee0fa643f31ad,650800000
e9ab6916a79b4d5182d33bf5,792900000
144162ecfcba71bf09048dae,605400000
19466034c2ce19c24a179fe6,666600000
3787f6da3e961c0e10d30e6d,641300000
908330b0d2651093c0bb6719,694500000
66b7baef9c6c3c7ad24636e1,910100000
69cb0f3d422c2c78373c2e0c,7.11e+08
1e866483995b30ec7f79d9e8,686900000
866f2a55f42cf30c4105631b,686900000
fede7e1a7a6f23338af6f40e,757800000
7447156f2967391975d335f0,666600000
08451af5a81fd6a63c4012cd,6.79e+08
f63608198bfcc858abe1ab0a,544200000
e9a0dff7ae48bd3fa2ecfcfc,620900000
cc97f62e2fb9d3e31ef1c00f,866500000
ed40f198ace8a4405cce7a1a,806300000
bf17b59bf2ac2d06894bd786,840900000
e118b149654cca1c0b3a58a2,1020200000
7f9bdd2157f6c3d488c77ddf,7.16e+08
9350225547486ad75c0b5ab3,9.59e+08
d1166776fca47427c77fa8e1,953500000
f719b387fac4f688b57dc646,1029400000
6ce8991a39ec7b9883f85000,1064600000
353743db4334fee80ac08d0b,1025700000
372a3934e8179422b5cf5729,914900000
81516aa72c98ded9223db098,655100000
9e80db4c35139bbb18775644,885300000
12ed2c22a923c840ef616a3c,1.119e+09
7bc57b136bcec053cbd073f3,967700000
77a06084509952c6cfe8f501,549100000
73578b4214e2eca83b1e70ac,788200000
527e571030a7d8fbbf1a41c4,841300000
961baf163a07179bceba67a2,657400000
76b41682fa6953a3b20d3f27,1028400000
cceb25e83ecf22252aa92d2e,787600000
210ff5d4404ee8578a5ecf9f,459300000
398274b1c46fd88151420c6e,4.01e+08
5b328b80dd844db2e946302b,375100000
4195fdfe50e42e9981fa2f4f,517100000
2d4031f171f965d7dbce0ef6,757700000
fc1b713d5605b0030421d5a2,9.06e+08
cf6092df1f22a7c4b8ff9d50,675500000
8dbdd7c8971a514eb7cb4d3f,867700000
c197faa8bdbd51c075a6d3bc,667400000
1985a2a5c3b2b0c7eca22afe,767900000
92a1a8b617b6d2c3669167a6,609800000
2a330fdcebb247d6a6fdea23,716500000
c3dd975d0aed59a65a784e47,639200000
608a2339d558a6cea9478756,630400000
c0ccf6d535d1316e37e1024e,1003400000
229a7640d41a8b8d6d2f8f83,894300000
e3950ce025371da2b4ad9db6,843500000
a7e41393473834db30f2c1da,921700000
7dcd1597e11f83093cbfd7a5,1210700000
71235a69058912dec1d355a0,1280500000
349602317da0e456d88fe24f,866700000
ddccad3e5a4eaf791ce3a7c9,621800000
776d7d1326576f07762ab3c7,7.29e+08
1b88c06bb3c1bc2bb39d1b86,817200000
1c5c4f4c731545aa3388c554,6.29e+08
aaa67089a753d255215c15be,627900000
d6d5717a4b7e2edaef162b6a,567900000
0ba20e953e8e76add161cd6c,412900000
13c39860029403ea94b5439a,910800000
d5436eeef04e1a8e51a38912,388600000
21f00ad1214253dd5bb97817,1047200000
5a3119efc021fd0f102ab958,430900000
331c515e7f0dbb4460810999,601500000
9e360588b18cb15aec3b6609,514300000
a7cc7d2ceedf4d69664dc734,495700000
4e78cffaea2008f3919ba0ae,428200000
452e0518f7164287e47e6354,5.58e+08
74286242739391c4eaecefbe,551100000
df06b65985649c7107b794a4,444900000
b6a21387674a509514fa5518,864900000
6752fcf8f1af18d61124e32c,647800000
a7e40088cf53acfc65f4b3f5,1025600000
61b9307a25be3119effbd0d2,406200000
3061729865dd2d68858600b1,606900000
ad38d5660b6f1eef23b76039,3.73e+08
1d493f3954b15e84c41afc82,4.1e+08
57744cb947a923584fc6bcc4,456700000
16f60cac352cc0d668d226d0,390600000
accf7bdeeff29ec7a209c509,392900000
a694b9ab05641a6325764e63,466200000
bdeddd3f84cb0ffdd1fc27bd,440300000
de9ab30042562789601833f6,429600000
1a95522f43288e32addff2ba,435400000
3cc722d5c764ac261611c2b0,3.68e+08
aba85a8a7ea2def1fdd18587,4.62e+08
b272c1025cf5c1e1df47042c,606900000
5c449356b8b2d7e0928cce59,547900000
a56d3b5bc13c9849cf676750,531900000
942c934c0d41ab822d60c795,527800000
b0fe09d086490092f1690fc2,584200000
7abc8a11d3d6c905de3f567e,512800000
16716773b2a43df0332622bb,423100000
98fdd3fc6c9447d0f05eb1c0,438600000
a59f39373ee368259b441de6,563400000
cb778195c5d61a7c4185424c,746200000
c0277899d5f185cc78fc4a79,723100000
44effc9574c74ea4ad98ede4,668600000
e2d00e4fd93a02ea81895355,676600000
ab405cd390c0681c3c67836e,816100000
86db204f7ef6e0e0e6687246,764600000
97b791fd94b2339ba115a75a,697300000
3897d9b5fe3a0cfaed7c18a6,744100000
ce206b82f2de3793156baadd,676800000
2c924b9d45667f7168bae6ee,665400000
358eb586d9649d20dca9bfcd,599100000
71b1fe15c5bffb750c99f648,614200000
eca500b92ff96f10ccd45e54,641200000
7b63445c5e1ce95bd12c31ee,658900000
97d64459dfb368b1f6067ab2,762300000
1b09874d5a3e4c9e0d544198,887800000
54fb79bb019bfd10e5481ec9,6.88e+08
b3b63d292523ce0a925b871c,599700000
09759befd8899fc1e359935f,792300000
62e0110b1c8dda16cc7da89c,679500000
d98ba43504fb49a4f0bd9c05,459400000
48815b454dfb64fe60e2cde4,496300000
40a65310ce666e80a9611d4c,787300000
a8c5674b5d110d99a1e097af,814800000
ee9e7dcede0ffc20442b4407,929200000
9e858250fcb7320b65bed9c7,937300000
bc76b078832a3a81b6d637f8,1046900000
b06d3ee14ccf3d46fe2431fb,974400000
87332a7e03cb851342667b98,927900000
faa37a79a1d72e4b8b0c80a6,927900000
0821109831351eb2501e362b,1001400000
8d01d6561223272181235c69,983100000
a0f1c94cd34fcba92f59a59a,1151200000
f6a5c88d1bca87c1e89d8084,972200000
55118881731616058c929b1a,1161100000
bed1fbafde11c156b655e04f,756700000
819d2a7c3330480b7217577d,827400000
e1967b56ab8ecd035bf39534,9.74e+08
08d0615cff29645ee70e20e9,948100000
2e8af16a155fe18c8c6730a2,926200000
882e8e77fa1a71288f6b61cf,1036400000
7930bb0822caea5f6451bfa6,1208700000
993a18ae04d78d374f854262,1213200000
e5527bb25c85988e00da339d,1180600000
07bd45129563bd2fd974deeb,421200000
83727953ecffc17bed632d94,437100000
2e2d3f42f4f8369733b3bcb9,697300000
3b23a71bf40e800a66bdeab2,383500000
894f346e0ad39c57fc0f369f,885700000
d1fcd31555048d043cf084be,453100000
8d48f73816b248d1166a09db,663700000
32d5a20c542a8194a6aae965,555900000
53870de54350a8cd7c13f014,601500000
31cdb68dc6476128c4bb2f5c,716900000
4be6d93d8ae1375156444f05,480600000
33a7f6aebc3e2d480d287199,966900000
e1e188d3f9940f9dad98488c,823600000
76167f6ca3d2c404104b77fd,8.69e+08
9297c340db8a74e10dbba148,864700000
0e001ee8f27e1a2fffaa0225,1.295e+09
ae3868ac8c44128b8a955829,849400000
bcbd20cfc50e2f032b174b56,415400000
253560c855216bd9eb102595,622700000
c9c769e7ccc99016f61269d0,4.55e+08
7c07ba1982289ca3abcbece3,712200000
c5c024d11b3ebb2cd088bf6a,933500000
f0a8fb06fcdf8997bcdcb03d,799400000
806f9ab2a016e774689ce2b9,325800000
4491bda913188aad3c66ef20,762100000
0c37c0d27631960f9e0fda1d,850600000
b50b45bda0905a116f238c1d,5.17e+08
f0f8e755058d48542b9cc4e3,1071200000
b3005057f48c1794b7974f4f,623500000
e1e5b0bd721a67318a3848ed,389900000
d96155b72c02bfa04f7ea98f,561800000
3825ce5030d951ef0fc2f7c5,390900000
99587dcb4237fe90acb15b5e,505600000
452ae373210337b8008ea2a3,1054500000
09ae7df5577582ce7e7b0aa7,884100000
b98967876009fab4290736f1,647600000
24a4a43ae4c687bda1066227,961500000
c509f2036a11b7132c633d2a,776700000
bda914dbacd42b2b7c6c5179,561900000
5a681060eeb2fc8f1b3261da,622500000
016bb199b12846ccb0b03191,893100000
ba94676bc0385678ce3780a3,608900000
b2183e5bca67574df7d5985b,567700000
baae43ea29f7e419bbecf998,464500000
ff1a7adf260e637bf316812f,356400000
8e56b5dbc4cf628ac12e5bef,1108800000
c8941b8d7626f7b33628158f,854100000
d504ed869ece1b1d6e724452,367500000
1acb5576ccae1f0534f614df,5.32e+08
ff228869121d053ca7bbe431,954700000
ee4dea05e93581750d613c59,5.34e+08
5d507cdfb7c233cf96dc6a83,879800000
faae4324336f1211ce4c7809,725800000
9a8e471c8f4488c3799483ba,481500000
d040e15e50d655f4d19bff54,404900000
efc7e89ddf3de559154d8e0c,1024500000
e91598736dbb7319952f0dfc,840300000
4046ebeeb7ab85affcfe337c,1067600000
d12059af22bc7d6ff170430f,1123300000
99d39d72083d7485e8944a3e,431500000
b9ab2dcd8d1855e4bdd540c4,866300000
97106114a8d353ffebbd07b7,805600000
d5c950db90c92be5fe753189,734300000
119833a13f3f7df22d2b270a,498100000
b2078743e33e1acc49c2d2ca,853300000
fb9371f86ca6f4e62ae374c3,477900000
6a39a747417143f0cd24f3bd,1323400000
7bc0c9e2760e4b1488522768,952600000
3898683e5d24bab9eea24d30,751900000
be0e466ca7d6942282c8626d,773600000
2d65980024ded46854c25260,1.113e+09
87aa28825a5b8ffbac5f2e2f,752700000
918b0d900ead8267aab4cdf7,577300000
0c85506b301862fb58b467cb,500100000
4bd031478b15017efd41b2bf,900400000
48bee96c1f65b8e283d67483,476200000
7618cb8d215425c931f47886,388800000
a7a219e7cd18f3c4b83649e0,407200000
9d3f5b59b9735da05588b3d5,449900000
6ac5f5f52cfeed2f0ac9d018,595500000
d885902c923752eab7b619e5,404500000
b183e2562cc4816244ce0e1e,581200000
88622b66e6c47cc62c3824c1,740200000
01230eede2a4a74ec4ee5105,7.75e+08
060451a9e3e0416ff41d253d,858500000
3ca0e7723afebbf53e390297,886500000
e2ecbfaacf11ed16fd71abcd,5.44e+08
1f0d83013ea5e4c3f4beb583,750700000
450c4eff7e37a271fc24ce3b,704800000
a70d331be751cdc3bd0aab29,353500000
41ac76d4fa450fe0c377a0e5,344200000
2ef8a530db816223dcf474a1,503100000
d09c1af87ddad4ad11b82626,451800000
35b1cd8020e7efbb9ba5adde,610700000
6714f846f2fa3527641ad96c,720200000
4cd5338bcf246ebf263baa35,464400000
0878a639ab8e6b6e69a3df41,846700000
f4c118396d781c140d8c9b08,422600000
27151512d4b592014137ac1f,644900000
8e5123f5ef1da66571ccb600,1349200000
c491a13a87fa1ef595b35826,6.63e+08
52d6c4bcb442eebdab338116,1063700000
e23d93ade25e73614d7bcd77,790500000
43059ceabe98412315566838,748800000
93b7fc7c4f07a7f117e687a4,644600000
09caddf25db3ac8e1a98565b,932800000
e3034ebf243b024cbef83cc9,1047700000
63cc884a9c5c888de176461a,6.19e+08
069fb1f8d0f06ac2fee87314,727800000
059aaea3859c4b9662ab4df8,421400000
148b157ece514d99be0a7f93,380500000
9c4f397c093dde7de5d485cb,905700000
e28d8dac5c1c75d295a9eb3f,421400000
a804849802cc0820d25f955b,421400000
fc43df7f26644fa464ecb090,438800000
608b26adceba64d9ebc5486d,421400000
be8bbf40db0dde8ed4cf338c,421400000
d255f73d4066fe559065266f,415900000
c552cfa8e6b8c8be2c963ae8,409300000
5ee020d4adc767b3b16fffdb,361900000
2a01945c2ce528c02b391c61,377600000
dd7ee555ce0b2d58dbd8a9ea,3.79e+08
a732aefa7ea4715325e9e80e,467700000
c6faa40acaccc1603c29df96,438800000
fd8caba10cd4d1df27605358,393300000
788c49c17df556bce0abf6ce,7.25e+08
2d0d803cdbeaec6e2626eebb,5.7e+08
0872074f7bd512dbd4609c85,435500000
3f97341f90b11e6a7a7f7c2c,725200000
2bfa301ea435f929e6c0d1ba,453700000
1d029020622a600aad4c2991,581400000
8a100bd7f5da66664a2680e8,547400000
1441a28c376a20c90d72cfac,473100000
495eeef459e80680720a0ec8,5.05e+08
df81d07cc6e8fb0a01c0f404,474800000
e23ae41983b9f112f05bb703,670900000
a2ba273b099221390bee92a9,442100000
63dfd58a5c43cc7c0a468209,401100000
27aa789e29e52ef8d78b9bf5,684700000
fbd613ac06b6bf20d76822db,682900000
2a805135d8030b614d9df9aa,5.78e+08
22c9b57a67cbef0920d09174,464300000
fb76da6072bea5801e407990,473800000
9050b1061469970ce28742a7,417300000
96f5db1dd0f36d1087172fcf,642500000
38cccc333e2c38bd608e1880,5.54e+08
efede59a47d17737f90f4bcb,582300000
bca5301e6460eb859b7ef34a,436800000
a23a13e43f3e08ab82c6ef82,464900000
8437a42a8e7ebca46eb088cd,464800000
6e3cbc252c449fd4b758b97b,477900000
6cc6b0672aaccb8909f3a751,494100000
c60c2efec3c12959d86fe3c8,503700000
d0e45d520227ef8a1f53ba28,658800000
e45293f1e6ceb2fe79f6e0d5,653100000
4202dc3f8255586e1ccfff46,504400000
1d04d5450762d664fcfab674,809200000
a3f969063f78dbd95e6ee795,651600000
2e3fc1d628f6727880d3d4e6,477900000
22ea31eadbd3a54216443137,401100000
6490a1eff73727bf62458b0c,4.86e+08
49721aafec7123f6ff4d8010,608100000
bce608b4629b6c8512ea2fde,594100000
a7ba3ccc4831ae7e539f0cfa,429800000
959b2293af0ee4f7c9fea7c0,589300000
bbbf74a3abf9cd8718384a65,563800000
680a71ef7ec15bd919c06320,610800000
0bcdef6d56052acd2afad93d,533900000
1bb885a07f57936b919629b9,502900000
8a222af682e2d7796643ccf7,591800000
3370a48ec22302456c41ded9,456700000
46fb04e7578da5741f6da4b8,531500000
e9da7f2549d914aab6a30e10,4.7e+08
10d0506d84d778da572ec635,457600000
966e8fc9af08e76f8b276245,515400000
0da2a849e0f83b17b006e50b,537400000
f7101a05db93cbefd6a3b31f,337200000
b74fd7f7db38ec233c6ad71f,601900000
0d63e52a47fa884e36f10810,538600000
77fa49bcb52539888d481ab1,556500000
6f412fbb33519fdd31e741c4,478200000
6615da422a3864d415b28fe9,491600000
f258fdece395f0c4f4da6a96,486500000
c54c645c340f59dd5f47bea4,513200000
bdd287e9de82903f210878d6,711800000
e110abe74ba0ad062c9b575f,674900000
47e5ea8cb7f5ab6703803690,478900000
e71c6f7437c633e2d9da643e,612600000
783161faf2e3501c38c0aaaa,438600000
5fc3de15eb0cd87be5ed2e6f,465500000
4066155e224520530ce985eb,484100000
7745863791b5cc6d49f84c8b,422700000
aa7551be1b8d6278d38fbb00,647500000
d654c9bbda61c4c0ee1ae2cc,447700000
d224080523a2bf2e81698d15,435800000
5f8d0a2ab1f9136de446528a,546300000
405fec98d5a3c8981173311c,558100000
2a9e77fd00aaaf773d130914,391700000
279b76adc4bc9f8dd86759b1,529600000
f815ec1a63e980717c9c3290,443600000
a8fc825e34bd9bd56ec5331f,615700000
248ed6abe6e528dedde951a3,414200000
2bce6544d58b6970192a1838,463300000
352a76b301243d22d1b31f79,4.21e+08
bb9991da696d6e1f13a32d0f,505600000
8e88e6cc55ca769e472aadfe,546100000
339ca7bc687766f517ab3274,414200000
93375efb2e74f4913d21d94f,437600000
17d7e6d321bb7394546e6b7b,469400000
0f601f5ee798174ea9d52caf,494300000
8ec8cac469f2448654312aaf,852900000
affb62139f02e524692ebc5b,549900000
c01199a4b2fbf0f6cbdf2a65,8.87e+08
4d1f49443787c874ba19f968,836800000
035c61042b7dbc7ef888d1a7,927700000
0fc7d98f75bc1c0b782a328e,911600000
b1924a5697dfe829b5b8ad76,613600000
d0100c18dba3c334327b29e1,647600000
add1a20e8bba47aad2edec69,908800000
fe8a78de9ba7b59a112e0046,663600000
b319d049a3a8e4a095940106,824400000
303dc73dc1130de9aa2f70f3,529100000
e471b2ef30c388893119a010,7.76e+08
9309d812688d0d2bdd33d830,876700000
fdb192e57e3e48f70a492b87,710400000
c514c9a35632e5a9c0476a31,6.59e+08
3bee8a9981a1e9e13a05cafd,6.51e+08
9c942287410db3d0739e182e,694700000
f59b9c03bcd4e0e06d23fb47,577300000
4c11f4ebc622483532c24a06,707700000
1f53612f7029a21e2e9f74e1,8.76e+08
1f4b6eaf52fb940e666c1c93,789600000
dc65f0bafddf39c6c4b2c9f2,707800000
344823ba2777540ffa2a8fbc,659500000
8cef9b18f20e9c5a32e7ccc9,838500000
413d6e4fb772beff60f73e2b,624100000
15d3ae51558bfeef80b9e97b,827300000
b81c26f2ea6b66c8315d1146,817800000
c3786f81345d39fd8b353da3,672200000
6c568d2287dcf12b2aacd388,633500000
e6482f3b6184515453d16bf2,823400000
32c7b848ef60432d98f415c5,893600000
1689c3e3982382e27a4ae074,774300000
3d0cc51b7a2392f3be3b1666,675600000
1dbec7879e793ba9685741b4,771300000
82ff2a63a863c089ea90bb5d,964600000
3d9856c3ee0a4b5a833c69ab,669100000
6f293451319bae38c71b8266,846200000
dfc817b569fd71d2dd47e980,1056900000
c34d46d83e76f54d53cadcb2,694100000
e08ed8c82d05dc3cad8cd2c1,657200000
e21f2a8d9c641e45d442686a,629100000
f1793973b462cdbffb1ad648,783900000
b15bcd6248958d98867ea585,674700000
e640424f3b7d1db403c36ba0,5.72e+08
658c0b009a09339a3f312145,846600000
f01fa45466e2730f935a4128,598500000
b4d69c7bc93efb3790eb1422,884700000
c2242a77d30c0abbed667ce4,754800000
39542105a7c46ded0cc373a7,887700000
13f42390057bd294cd787822,768200000
183d99d88d1e7d995180918c,763300000
60dd7dc49139e7816dd8b143,782900000
6d2ec752890a2f1c4094044d,944800000
0e776964ba3733f3ac18a7a0,571600000
92369f73435d1ac3fa95f185,721500000
8db285eda04ca37b86dc9724,1052400000
a7b14faa46e7b73ee4e95ee6,821800000
010e676743f6afc01fd0838b,828400000
987199d3a23c08ca887b301d,605800000
4fd8643e1c43ce9a0c18a19e,716300000
4d0985935e1432b3916d45be,861700000
4623317e8c9044e314ccc4e8,809700000
ef8430c4d15e5887b8103bc3,828400000
cd6ecb0f77acd93cc1c9038e,785300000
b0962bfdb6a2c79a0ca84e48,829600000
7bf592c5c34bfe6a5df3dd40,780800000
9337becb0628955b47e45b98,828400000
9ed0bcdb62b2223d716d40d3,852500000
4255eae670033d9c9e9a6e3c,746200000
c5346c37454ac2b13b92240e,805800000
94fd4bb5f41087921ca12b58,656900000
ded674ba9c7b76cda404bac6,688200000
ce25e9fd3bce9b75050aef5d,766100000
4e7d3cbe3c62123fa7e2d969,912900000
dcf5b42ecb23800a458562e9,804400000
0d53bfcecf0397ca27e5f78c,682500000
f4ecb15ef992a677e8b4fee7,592600000
46eeb8f186f86f7859274d4d,775700000
b5a7d4288dc7a7868678b9e4,782300000
34f99327fe595ba6e32d89a1,531300000
9a53016fdce3d3b5c2baf3fa,800900000
26be10d0ce8b763e9b457e76,807400000
2e111ff939191cc6df2c59bd,808700000
ddcce0b9776593e3ef3ce21b,780600000
937c0b6350beb0f51e53ff8c,686400000
f50941445773dd62e87e0416,7.76e+08
93a1aefcc4ccafe4866bfc76,5.63e+08
70c0a72b31dbc1b97c102c13,828400000
8aa9e1e89993aa49c5c3eced,716900000
2a5ecebe40fc09b45d6ee5fc,622500000
5f798656baebb094a3c83793,1177600000
596b6f435f76058493a16cd6,1264500000
1c510a71734e955f75187106,897500000
07de14db9dcc2d4f9eac0dd2,1.167e+09
29503210dfd57bfef8f16802,1080400000
89575a90c7b9b960c8f4e052,793500000
bb5a6045d18e19613325dffd,1380300000
f984d34c8f27e3cdb7c2a44a,1015300000
90822d4e3a369948cdc4d998,933100000
5b9a21a42d5f50ed4b10581c,1074800000
1be01d052c6a65c5ed286bf4,1.148e+09
b73d317e1e8ddc3d5d0743ef,1.016e+09
bcd302e3b5342ecd8cc056bd,841700000
eb8956f0c4a885619bf1ff79,1.203e+09
d5b950c5510c19ccb926e7c8,1036300000
1e37ea0918a00bcfaded3453,979200000
1d55f4694f3e000ee3ce47b3,804700000
cdc3e114698984145df842c7,988700000
9c611e246a612ac6906abe8e,1.218e+09
c0c820463dfec602a6118ed6,8.2e+08
6302d4fff078a118c3211794,821900000
c98807fc596bb2f505b4da9b,1063400000
cdde8657b5a215915a04126d,1080800000
3b2fa7905fd8fcb3e11ebcf2,8.2e+08
59764968800501c68631aea3,964400000
9eab02171cb5f15963670172,893500000
61f84e5a07f37865c31d4a07,960400000
1494f223c9d3ffba26e42738,1037900000
ba137cbd10757ad20e5991c4,871700000
d2fb81a477ef3690cb11c93f,1.059e+09
ec4f7794cb756b995d5d207f,937800000
ea4add08aa912717cd42f9f7,935500000
f11d7627e2f18c9a75595501,1038600000
8095589d5e1a55a76281e13b,1201800000
f5add08cb615eb18b3153bf2,1197100000
1894346a27970572aa703cd2,1015300000
805a491334f865f06ff42329,796200000
062d5544f5c96db90fa3a526,1126200000
332201e2583141f3a02dcca4,918200000
4baf1bfced8e85013eca94b9,8.2e+08
8bc002e1f02beb4d83a6f6ae,8.1e+08
adebafcf3eb0d34ae31718ef,895500000
60b5b0aa0c1319557cd0cc85,1161600000
3393fece8a6ed311ad865e66,1039400000
df4a1968046eed5326119599,864700000
b044b9a587b2c6ca00447177,1066500000
005ab848b35907e42aa0f4f2,1294200000
140a0002732574ecc516e9a8,911300000
bd850d1ccfc4b21a72f3ec44,1.041e+09
c6dc8c201ce38ff2ea49cd68,1.272e+09
572ae40f693551547e13a196,1122900000
b39d1b2637dd8e307c8ba13f,1.166e+09
2ad02d6d56b95ff3382b53b6,1098500000
5201393754f4a5f2a476ef0e,1100500000
72a66bc6d15390eb05a5c688,858200000
1f1f3e47f3593e4b2824e628,598500000
bb7e14611ea6b5e4abb5b89c,579800000
b82f8abc8001cd6731c4ef45,576600000
6228854021e72af611d2e59a,459700000
6d21e1de9c880bfbb17350cd,848200000
7cfa0c98191ef9b7c45f0520,376700000
a739d80c3fb6b166a2c2182b,575900000
36f85981124e858c157f83df,564800000
3d6d51ca99f2747d6b92dd19,603800000
092b7b5bafe25bf485de37a4,641400000
f2e0163fa07f89820739dfcf,898900000
ba47346e7a53412e78363ac4,726700000
f86e80b2a831572b85b04e55,469700000
199a6f7df516a685f086dfa2,401300000
81f6d6790aca5e9270c3d1a1,404500000
74f099ca0d949c8042569d51,4.14e+08
4df3717406f9852284576caa,578300000
5246f7d8023a4c178af6d10c,541300000
69d9908e13bf7c8ac4c30531,428400000
e336d9d892441c7ad886a98d,495800000
f82e1c70884ee1285e1bc491,445100000
0ffbcf7d58378c85b4103c7a,440200000
3679e1844a35c0c87fffefeb,496900000
955a15a734e56eb287555307,453600000
722f262a44b2bb6fc05ec35a,4.11e+08
48c346042d9cb826a3714466,4.14e+08
bc4b7bbf5df92f476b6be103,484500000
667685f89a61aa2ad5c9ac7d,420900000
8be5fca8f4339712c6f3e29e,735400000
09a5fd22f920267b464e2a00,570400000
f6d2d31af94a6a73912dd9f5,884800000
0e9a5ea81f6d91038d8711d9,661100000
8b2d8edfa6788ddc0c7b3eba,894400000
2f48a73bfcc91272161afd39,602500000
a78417c74b8c99279912e427,718700000
4d69f7c7e0e837879abbdf78,533200000
926a7b18e48cdbf6ac3b396b,566800000
a06733f7b3ba964c20ae2698,791900000
02d598a32d864c289e3ba6b0,882900000
3977cf1326ff502251f78f66,779300000
c3cdfd0733404ec885eb3edd,6.72e+08
a28bb09e30bca82627e595c2,685400000
0a2f8c8ca6094e6626d4e8b1,809700000
ac9baabfd96d58e376149a7e,813800000
700a052900adbfa149dd5b6c,1228200000
4b30968cdae59b4ef3298f19,1023400000
c673d94552bc3e451672939f,841600000
75392e8381e1c891377fcb29,1047500000
a55d7074220aa6a750297c08,1031100000
81eea19e7c12d65d21e23648,1028600000
69df7bc1d82d9723c70eca70,1031100000
815cfcc4d26738f74cbb67ae,799700000
5ea150753f8d07c71af45cd9,970100000
f851b02d18e74610a900bf14,929400000
76b9af8036e38d5d30ac4c7a,1092900000
4ec5ab39cae4afc3b0e69438,939800000
c74020c85c9fcb2a2cb3ac74,563100000
6d6ad5e3ebaba1c11dec0f16,912800000
acbe4eb98668ff4967a8cb86,878200000
16a40e3dbfbb9c703e04028e,620600000
ee5fa0932e098cba28d950b1,965600000
5f9fa56b99677a489a9966bf,579800000
4045e30cced205e8c5b2373c,442500000
eb2c7a973d4d6ce8e6ae87a0,9.79e+08
99c69eeb96e1016a7e53b33f,6.84e+08
aa7f56d05ed29183b825d61d,490500000
4630a9af58fb79c0008e5fa1,636500000
ac003932eba3a174c5b998ee,458500000
56a7470ed14454665aaef75a,1249200000
a4e4f56336e07304cb946b1c,859400000
00ce045307538da1b0bb7972,740500000
cad720be1395e2ab5869807c,438800000
344be03236aed65e74b14a2f,355900000
58a86bf535b4c16b50dfca06,353300000
d52c3915fd7d2ef8c92a22fe,355900000
8a4b7e86a90a296e10a49ea3,4.05e+08
e1717a317481b0765a7a6a0d,461600000
97fc10f5ce4a6fd7357381a6,355900000
428f4bc76d4cd315ba8f89e9,373500000
4d882ac2b82569f74aa08824,391500000
948ba87dfd7993460c967cb4,355900000
1bee6a5aed5417181a3db77f,366700000
63cdd73026431f5566fe246e,488100000
013e2a07f94a99323b64d370,753300000
ff56b24cf15289dc6d14800f,772300000
7bdb94165857bcd37206cf18,464200000
1d1e29d9601aa0eddb4d6c2c,435700000
a8c9489973c54b93737dfe20,537100000
254892c6b84c59ff5ac4f354,400400000
c6e9772058edb2268434d7cf,6.97e+08
916a413537580440c4ac6028,6.48e+08
bab8e472424cd57faab87ff2,497300000
eae5eecfa2fe828afbc94b0a,440800000
da26059a2cf36e02b8702320,406700000
e18fecb7e40bbcaf26c863cb,724600000
a55906464634558b94d9298e,438900000
3032ae39e739fe46e9e198e5,480200000
663e062b85f16c2419f8456b,547100000
aad0e527c4bf6283f76b5bed,844800000
32fbc0f1934f7325a404a2eb,630100000
07d1137c1f0aaecbbad32f7b,646700000
3058b792e3f6781e438a2e9b,753200000
33d6b1bbab4524c3aa03756c,477800000
c75d43b8089321e359e14264,778300000
29ea1796aede16cab8a50497,449800000
bed21c41b31a3bf2095aa273,582400000
ec232a7ee3aeac713516614b,650200000
bb7c68c2652c7e124d88631c,548300000
697b6c6f7666391fc689cfb9,684600000
d912e45dda1a3a628fdf50d6,679800000
96fa88a07329d3988b6b41b3,734100000
66019487c37339e9354ca999,516500000
fd2dcbcb8a31e97f31d22a53,500900000
1a309175498997e1b8f0aae7,1085600000
e83119808dd08ca090f5ed85,477500000
1a26960e24de046588ca7837,4.9e+08
379c4fce87557848548b0944,461200000
b2d7355eb2aa975900776275,594100000
3b05e06aa0bc40b9db16416e,521700000
4a5405b1e181f5b10fec35a6,643600000
aff22625564f00844ea2610b,581300000
b40addfc0da42b0e530503f0,776600000
9200d647b6ce9aea67ff8ac7,655400000
3057660e38fb757dbc8bd898,890500000
799be2171dae4763df530e4d,501900000
819265a930d32a97533d132d,862500000
9ba689b29d0696fb7ebc44d5,1.18e+09
0f7e28b6efb9d550ba28a1e0,853800000
57551742fefae23bb32571f4,809900000
9569a50febeb4163e28c192c,730600000
1d03efada56f8a70bdae6aea,5.87e+08
bfa56d6230b858591743473e,773300000
ca54914a1cf1028b9c8b681f,584400000
54304b6117b797791d266cc0,819800000
166ae8e3d0704209d6715240,852500000
b56659e70367566a4ddb81b2,887900000
2641f220611056a1f5616dae,913600000
08a82bb9fbe4b7abb50cece1,7.9e+08
b40a9888ec0379fbf85516a3,1125900000
d35462df6c686296a3c7bb23,445500000
db244703ce223e6acacbe85d,657100000
a90df94f959030227fa015b0,616800000
d97d462ac4f5d9cbbf04e9ca,637200000
7fe6ac57e87b8126ac4f8530,834800000
69c28dce8eeaa86605143419,954700000
2bd6682ad8343b69fae1a59e,8.46e+08
2e6fb29cbc1ccc3d97c92c72,703800000
9eabba4531191127ee91621b,732900000
d0c411218ffa7c3ebc10783e,556900000
0c61a011d7fe0227be2b3575,608400000
2c47c3ef9e139d8c4513a090,604700000
f6503aab62a68ca16eba3fec,1096400000
e7dc05756684b070b36d681f,825800000
17484950b143d0395907ae6d,481700000
3d997123b33373024bd2cbe1,804100000
ddba305c2a3ad29db24a0658,804700000
b65efc402cfddc0aed4e1d76,796200000
4a7ecb05c9886bc35f6b9160,629600000
b4e14604b888c994b64f94ba,9.35e+08
ab37764e5f4e00097eac947a,679500000
764da64c41700da5ee80b8c7,654400000
8a84a073b855e37a12327357,782300000
5a6878f8a47f1fa2fc1d600d,1015700000
505f3d545ce83d0c848f828d,1100500000
6687a2299f38c15598d11eef,887900000
533134592237b2748915eed8,1061200000
daae80933675e767b50bdd17,861800000
945f85a061dc4e95e779e27e,1185400000
62dc69d80cd6ea9fb7fe52db,535100000
153436858070f7e724f0cbc1,870200000
7f9875a5336a32d73df2402c,1074800000
ac11141115d391be44e6426c,877200000
f8243b7b679dfe8303180d73,9.75e+08
1376106ebc19c929df27bb62,662200000
f591597c9a1ddd9852eb3cfd,753300000
a748841236a7a7fb33138845,6.18e+08
6ef43ab43841696400d91859,622500000
601310d800d88f0d387235e4,950300000
db81ec58863dcc5d12839883,510200000
68d35dadc6d0dea61bf4b513,452800000
ba9be0b67571b1e9242664e1,7.46e+08
1690af2e30b05da545f1576f,1063400000
fc72ebf9381496067101da61,381800000
3a2e95f5eddda4df84b2e2b3,558700000
a660d5809085b4823e287a5e,458400000
799301c01a3e7fc2af5a14a9,667900000
824cad597aae34d7d59ac939,439800000
23cfc154896b93bce4356ae6,500200000
a9b96d2a23ed155043085e87,745800000
f5d529ff6a35fa78ab14de21,523100000
9b337cb1451a8fb078dc9a07,668200000
cd1fc7362660bce494b5117a,344700000
26454cbe44a07cd0df12ca07,792600000
cc5563550bebb29c83ae3054,689800000
109bb36f29b223a81dbfa340,753500000
31081c78ce92e1d8dbb315b9,760500000
502aca1a1097438b32eb362e,953100000
4c90ce573f1d61d11294d05c,9.91e+08
87f1e9ca16a7ea48de04fa73,988400000
224f6e839dcbd91491f3f1ac,465100000
8ee7d2e0692e49bf9d308b4b,786700000
a3ff6a1fe37a1bb736b1100d,836500000
97d49e61c1ef55451e52c8e7,836500000
b6514cdb1e2cf37e3ff8090e,1260600000
